[1.106s] DEBUG:colcon:Command line arguments: ['/usr/bin/colcon', 'build', '--symlink-install']
[1.107s] DEBUG:colcon:Parsed command line arguments: Namespace(log_base=None, log_level=None, verb_name='build', build_base='build', install_base='install', merge_install=False, symlink_install=True, test_result_base=None, continue_on_error=False, executor='parallel', parallel_workers=8, event_handlers=None, ignore_user_meta=False, metas=['./colcon.meta'], base_paths=['.'], packages_ignore=None, packages_ignore_regex=None, paths=None, packages_up_to=None, packages_up_to_regex=None, packages_above=None, packages_above_and_dependencies=None, packages_above_depth=None, packages_select_by_dep=None, packages_skip_by_dep=None, packages_skip_up_to=None, packages_select_build_failed=False, packages_skip_build_finished=False, packages_select_test_failures=False, packages_skip_test_passed=False, packages_select=None, packages_skip=None, packages_select_regex=None, packages_skip_regex=None, packages_start=None, packages_end=None, cmake_args=None, cmake_target=None, cmake_target_skip_unavailable=False, cmake_clean_cache=False, cmake_clean_first=False, cmake_force_configure=False, ament_cmake_args=None, catkin_cmake_args=None, catkin_skip_building_tests=False, mixin_files=None, mixin=None, verb_parser=<colcon_mixin.mixin.mixin_argument.MixinArgumentDecorator object at 0x7ff4ec8b4d60>, verb_extension=<colcon_core.verb.build.BuildVerb object at 0x7ff4ec9bdf90>, main=<bound method BuildVerb.main of <colcon_core.verb.build.BuildVerb object at 0x7ff4ec9bdf90>>, mixin_verb=('build',))
[2.724s] Level 1:colcon.colcon_core.package_discovery:discover_packages(colcon_meta) check parameters
[2.730s] INFO:colcon.colcon_metadata.package_discovery.colcon_meta:Using configuration from '/root/.colcon/metadata/default/Gazebo.meta'
[2.732s] INFO:colcon.colcon_metadata.package_discovery.colcon_meta:Using configuration from '/root/.colcon/metadata/default/fastdds.meta'
[2.747s] INFO:colcon.colcon_metadata.package_discovery.colcon_meta:Using configuration from '/root/.colcon/metadata/default/fastrtps.meta'
[2.750s] Level 1:colcon.colcon_core.package_discovery:discover_packages(recursive) check parameters
[2.750s] Level 1:colcon.colcon_core.package_discovery:discover_packages(ignore) check parameters
[2.751s] Level 1:colcon.colcon_core.package_discovery:discover_packages(path) check parameters
[2.751s] Level 1:colcon.colcon_core.package_discovery:discover_packages(colcon_meta) discover
[2.751s] Level 1:colcon.colcon_core.package_discovery:discover_packages(recursive) discover
[2.751s] INFO:colcon.colcon_core.package_discovery:Crawling recursively for packages in '/workspace'
[2.753s] Level 1:colcon.colcon_core.package_identification:_identify(.) by extensions ['ignore', 'ignore_ament_install']
[2.756s] Level 1:colcon.colcon_core.package_identification:_identify(.) by extension 'ignore'
[2.756s] Level 1:colcon.colcon_core.package_identification:_identify(.) by extension 'ignore_ament_install'
[2.758s] Level 1:colcon.colcon_core.package_identification:_identify(.) by extensions ['colcon_pkg']
[2.764s] Level 1:colcon.colcon_core.package_identification:_identify(.) by extension 'colcon_pkg'
[2.786s] Level 1:colcon.colcon_core.package_identification:_identify(.) by extensions ['colcon_meta']
[2.786s] Level 1:colcon.colcon_core.package_identification:_identify(.) by extension 'colcon_meta'
[2.786s] Level 1:colcon.colcon_core.package_identification:_identify(.) by extensions ['ros']
[2.787s] Level 1:colcon.colcon_core.package_identification:_identify(.) by extension 'ros'
[3.016s] Level 1:colcon.colcon_core.package_identification:_identify(.) by extensions ['cmake', 'python']
[3.016s] Level 1:colcon.colcon_core.package_identification:_identify(.) by extension 'cmake'
[3.018s] Level 1:colcon.colcon_core.package_identification:_identify(.) by extension 'python'
[3.019s] Level 1:colcon.colcon_core.package_identification:_identify(.) by extensions ['python_setup_py']
[3.019s] Level 1:colcon.colcon_core.package_identification:_identify(.) by extension 'python_setup_py'
[3.022s] Level 1:colcon.colcon_core.package_identification:_identify(__pycache__) by extensions ['ignore', 'ignore_ament_install']
[3.023s] Level 1:colcon.colcon_core.package_identification:_identify(__pycache__) by extension 'ignore'
[3.023s] Level 1:colcon.colcon_core.package_identification:_identify(__pycache__) by extension 'ignore_ament_install'
[3.024s] Level 1:colcon.colcon_core.package_identification:_identify(__pycache__) by extensions ['colcon_pkg']
[3.025s] Level 1:colcon.colcon_core.package_identification:_identify(__pycache__) by extension 'colcon_pkg'
[3.027s] Level 1:colcon.colcon_core.package_identification:_identify(__pycache__) by extensions ['colcon_meta']
[3.032s] Level 1:colcon.colcon_core.package_identification:_identify(__pycache__) by extension 'colcon_meta'
[3.036s] Level 1:colcon.colcon_core.package_identification:_identify(__pycache__) by extensions ['ros']
[3.041s] Level 1:colcon.colcon_core.package_identification:_identify(__pycache__) by extension 'ros'
[3.051s] Level 1:colcon.colcon_core.package_identification:_identify(__pycache__) by extensions ['cmake', 'python']
[3.054s] Level 1:colcon.colcon_core.package_identification:_identify(__pycache__) by extension 'cmake'
[3.055s] Level 1:colcon.colcon_core.package_identification:_identify(__pycache__) by extension 'python'
[3.056s] Level 1:colcon.colcon_core.package_identification:_identify(__pycache__) by extensions ['python_setup_py']
[3.056s] Level 1:colcon.colcon_core.package_identification:_identify(__pycache__) by extension 'python_setup_py'
[3.088s] Level 1:colcon.colcon_core.package_identification:_identify(backbone_model) by extensions ['ignore', 'ignore_ament_install']
[3.088s] Level 1:colcon.colcon_core.package_identification:_identify(backbone_model) by extension 'ignore'
[3.089s] Level 1:colcon.colcon_core.package_identification:_identify(backbone_model) by extension 'ignore_ament_install'
[3.089s] Level 1:colcon.colcon_core.package_identification:_identify(backbone_model) by extensions ['colcon_pkg']
[3.089s] Level 1:colcon.colcon_core.package_identification:_identify(backbone_model) by extension 'colcon_pkg'
[3.090s] Level 1:colcon.colcon_core.package_identification:_identify(backbone_model) by extensions ['colcon_meta']
[3.090s] Level 1:colcon.colcon_core.package_identification:_identify(backbone_model) by extension 'colcon_meta'
[3.090s] Level 1:colcon.colcon_core.package_identification:_identify(backbone_model) by extensions ['ros']
[3.091s] Level 1:colcon.colcon_core.package_identification:_identify(backbone_model) by extension 'ros'
[3.093s] Level 1:colcon.colcon_core.package_identification:_identify(backbone_model) by extensions ['cmake', 'python']
[3.093s] Level 1:colcon.colcon_core.package_identification:_identify(backbone_model) by extension 'cmake'
[3.094s] Level 1:colcon.colcon_core.package_identification:_identify(backbone_model) by extension 'python'
[3.095s] Level 1:colcon.colcon_core.package_identification:_identify(backbone_model) by extensions ['python_setup_py']
[3.095s] Level 1:colcon.colcon_core.package_identification:_identify(backbone_model) by extension 'python_setup_py'
[3.098s] Level 1:colcon.colcon_core.package_identification:_identify(backbone_model/__pycache__) by extensions ['ignore', 'ignore_ament_install']
[3.099s] Level 1:colcon.colcon_core.package_identification:_identify(backbone_model/__pycache__) by extension 'ignore'
[3.099s] Level 1:colcon.colcon_core.package_identification:_identify(backbone_model/__pycache__) by extension 'ignore_ament_install'
[3.100s] Level 1:colcon.colcon_core.package_identification:_identify(backbone_model/__pycache__) by extensions ['colcon_pkg']
[3.100s] Level 1:colcon.colcon_core.package_identification:_identify(backbone_model/__pycache__) by extension 'colcon_pkg'
[3.103s] Level 1:colcon.colcon_core.package_identification:_identify(backbone_model/__pycache__) by extensions ['colcon_meta']
[3.106s] Level 1:colcon.colcon_core.package_identification:_identify(backbone_model/__pycache__) by extension 'colcon_meta'
[3.106s] Level 1:colcon.colcon_core.package_identification:_identify(backbone_model/__pycache__) by extensions ['ros']
[3.107s] Level 1:colcon.colcon_core.package_identification:_identify(backbone_model/__pycache__) by extension 'ros'
[3.109s] Level 1:colcon.colcon_core.package_identification:_identify(backbone_model/__pycache__) by extensions ['cmake', 'python']
[3.112s] Level 1:colcon.colcon_core.package_identification:_identify(backbone_model/__pycache__) by extension 'cmake'
[3.112s] Level 1:colcon.colcon_core.package_identification:_identify(backbone_model/__pycache__) by extension 'python'
[3.113s] Level 1:colcon.colcon_core.package_identification:_identify(backbone_model/__pycache__) by extensions ['python_setup_py']
[3.113s] Level 1:colcon.colcon_core.package_identification:_identify(backbone_model/__pycache__) by extension 'python_setup_py'
[3.138s] Level 1:colcon.colcon_core.package_identification:_identify(backbone_model/real_world_dataset) by extensions ['ignore', 'ignore_ament_install']
[3.138s] Level 1:colcon.colcon_core.package_identification:_identify(backbone_model/real_world_dataset) by extension 'ignore'
[3.169s] Level 1:colcon.colcon_core.package_identification:_identify(backbone_model/real_world_dataset) by extension 'ignore_ament_install'
[3.170s] Level 1:colcon.colcon_core.package_identification:_identify(backbone_model/real_world_dataset) by extensions ['colcon_pkg']
[3.170s] Level 1:colcon.colcon_core.package_identification:_identify(backbone_model/real_world_dataset) by extension 'colcon_pkg'
[3.171s] Level 1:colcon.colcon_core.package_identification:_identify(backbone_model/real_world_dataset) by extensions ['colcon_meta']
[3.172s] Level 1:colcon.colcon_core.package_identification:_identify(backbone_model/real_world_dataset) by extension 'colcon_meta'
[3.174s] Level 1:colcon.colcon_core.package_identification:_identify(backbone_model/real_world_dataset) by extensions ['ros']
[3.181s] Level 1:colcon.colcon_core.package_identification:_identify(backbone_model/real_world_dataset) by extension 'ros'
[3.188s] Level 1:colcon.colcon_core.package_identification:_identify(backbone_model/real_world_dataset) by extensions ['cmake', 'python']
[3.203s] Level 1:colcon.colcon_core.package_identification:_identify(backbone_model/real_world_dataset) by extension 'cmake'
[3.204s] Level 1:colcon.colcon_core.package_identification:_identify(backbone_model/real_world_dataset) by extension 'python'
[3.206s] Level 1:colcon.colcon_core.package_identification:_identify(backbone_model/real_world_dataset) by extensions ['python_setup_py']
[3.223s] Level 1:colcon.colcon_core.package_identification:_identify(backbone_model/real_world_dataset) by extension 'python_setup_py'
[3.237s] Level 1:colcon.colcon_core.package_identification:_identify(backbone_model/real_world_dataset/__pycache__) by extensions ['ignore', 'ignore_ament_install']
[3.268s] Level 1:colcon.colcon_core.package_identification:_identify(backbone_model/real_world_dataset/__pycache__) by extension 'ignore'
[3.270s] Level 1:colcon.colcon_core.package_identification:_identify(backbone_model/real_world_dataset/__pycache__) by extension 'ignore_ament_install'
[3.271s] Level 1:colcon.colcon_core.package_identification:_identify(backbone_model/real_world_dataset/__pycache__) by extensions ['colcon_pkg']
[3.272s] Level 1:colcon.colcon_core.package_identification:_identify(backbone_model/real_world_dataset/__pycache__) by extension 'colcon_pkg'
[3.272s] Level 1:colcon.colcon_core.package_identification:_identify(backbone_model/real_world_dataset/__pycache__) by extensions ['colcon_meta']
[3.273s] Level 1:colcon.colcon_core.package_identification:_identify(backbone_model/real_world_dataset/__pycache__) by extension 'colcon_meta'
[3.273s] Level 1:colcon.colcon_core.package_identification:_identify(backbone_model/real_world_dataset/__pycache__) by extensions ['ros']
[3.273s] Level 1:colcon.colcon_core.package_identification:_identify(backbone_model/real_world_dataset/__pycache__) by extension 'ros'
[3.274s] Level 1:colcon.colcon_core.package_identification:_identify(backbone_model/real_world_dataset/__pycache__) by extensions ['cmake', 'python']
[3.275s] Level 1:colcon.colcon_core.package_identification:_identify(backbone_model/real_world_dataset/__pycache__) by extension 'cmake'
[3.276s] Level 1:colcon.colcon_core.package_identification:_identify(backbone_model/real_world_dataset/__pycache__) by extension 'python'
[3.277s] Level 1:colcon.colcon_core.package_identification:_identify(backbone_model/real_world_dataset/__pycache__) by extensions ['python_setup_py']
[3.278s] Level 1:colcon.colcon_core.package_identification:_identify(backbone_model/real_world_dataset/__pycache__) by extension 'python_setup_py'
[3.282s] Level 1:colcon.colcon_core.package_identification:_identify(backbone_model/real_world_dataset/backgrounds) by extensions ['ignore', 'ignore_ament_install']
[3.283s] Level 1:colcon.colcon_core.package_identification:_identify(backbone_model/real_world_dataset/backgrounds) by extension 'ignore'
[3.284s] Level 1:colcon.colcon_core.package_identification:_identify(backbone_model/real_world_dataset/backgrounds) by extension 'ignore_ament_install'
[3.285s] Level 1:colcon.colcon_core.package_identification:_identify(backbone_model/real_world_dataset/backgrounds) by extensions ['colcon_pkg']
[3.285s] Level 1:colcon.colcon_core.package_identification:_identify(backbone_model/real_world_dataset/backgrounds) by extension 'colcon_pkg'
[3.286s] Level 1:colcon.colcon_core.package_identification:_identify(backbone_model/real_world_dataset/backgrounds) by extensions ['colcon_meta']
[3.287s] Level 1:colcon.colcon_core.package_identification:_identify(backbone_model/real_world_dataset/backgrounds) by extension 'colcon_meta'
[3.288s] Level 1:colcon.colcon_core.package_identification:_identify(backbone_model/real_world_dataset/backgrounds) by extensions ['ros']
[3.289s] Level 1:colcon.colcon_core.package_identification:_identify(backbone_model/real_world_dataset/backgrounds) by extension 'ros'
[3.298s] Level 1:colcon.colcon_core.package_identification:_identify(backbone_model/real_world_dataset/backgrounds) by extensions ['cmake', 'python']
[3.304s] Level 1:colcon.colcon_core.package_identification:_identify(backbone_model/real_world_dataset/backgrounds) by extension 'cmake'
[3.306s] Level 1:colcon.colcon_core.package_identification:_identify(backbone_model/real_world_dataset/backgrounds) by extension 'python'
[3.307s] Level 1:colcon.colcon_core.package_identification:_identify(backbone_model/real_world_dataset/backgrounds) by extensions ['python_setup_py']
[3.307s] Level 1:colcon.colcon_core.package_identification:_identify(backbone_model/real_world_dataset/backgrounds) by extension 'python_setup_py'
[3.541s] Level 1:colcon.colcon_core.package_identification:_identify(backbone_model/real_world_dataset/images) by extensions ['ignore', 'ignore_ament_install']
[3.542s] Level 1:colcon.colcon_core.package_identification:_identify(backbone_model/real_world_dataset/images) by extension 'ignore'
[3.542s] Level 1:colcon.colcon_core.package_identification:_identify(backbone_model/real_world_dataset/images) by extension 'ignore_ament_install'
[3.543s] Level 1:colcon.colcon_core.package_identification:_identify(backbone_model/real_world_dataset/images) by extensions ['colcon_pkg']
[3.543s] Level 1:colcon.colcon_core.package_identification:_identify(backbone_model/real_world_dataset/images) by extension 'colcon_pkg'
[3.564s] Level 1:colcon.colcon_core.package_identification:_identify(backbone_model/real_world_dataset/images) by extensions ['colcon_meta']
[3.578s] Level 1:colcon.colcon_core.package_identification:_identify(backbone_model/real_world_dataset/images) by extension 'colcon_meta'
[3.579s] Level 1:colcon.colcon_core.package_identification:_identify(backbone_model/real_world_dataset/images) by extensions ['ros']
[3.579s] Level 1:colcon.colcon_core.package_identification:_identify(backbone_model/real_world_dataset/images) by extension 'ros'
[3.590s] Level 1:colcon.colcon_core.package_identification:_identify(backbone_model/real_world_dataset/images) by extensions ['cmake', 'python']
[3.591s] Level 1:colcon.colcon_core.package_identification:_identify(backbone_model/real_world_dataset/images) by extension 'cmake'
[3.610s] Level 1:colcon.colcon_core.package_identification:_identify(backbone_model/real_world_dataset/images) by extension 'python'
[3.614s] Level 1:colcon.colcon_core.package_identification:_identify(backbone_model/real_world_dataset/images) by extensions ['python_setup_py']
[3.621s] Level 1:colcon.colcon_core.package_identification:_identify(backbone_model/real_world_dataset/images) by extension 'python_setup_py'
[3.631s] Level 1:colcon.colcon_core.package_identification:_identify(backbone_model/real_world_dataset/limo) by extensions ['ignore', 'ignore_ament_install']
[3.631s] Level 1:colcon.colcon_core.package_identification:_identify(backbone_model/real_world_dataset/limo) by extension 'ignore'
[3.632s] Level 1:colcon.colcon_core.package_identification:_identify(backbone_model/real_world_dataset/limo) by extension 'ignore_ament_install'
[3.633s] Level 1:colcon.colcon_core.package_identification:_identify(backbone_model/real_world_dataset/limo) by extensions ['colcon_pkg']
[3.633s] Level 1:colcon.colcon_core.package_identification:_identify(backbone_model/real_world_dataset/limo) by extension 'colcon_pkg'
[3.634s] Level 1:colcon.colcon_core.package_identification:_identify(backbone_model/real_world_dataset/limo) by extensions ['colcon_meta']
[3.634s] Level 1:colcon.colcon_core.package_identification:_identify(backbone_model/real_world_dataset/limo) by extension 'colcon_meta'
[3.634s] Level 1:colcon.colcon_core.package_identification:_identify(backbone_model/real_world_dataset/limo) by extensions ['ros']
[3.639s] Level 1:colcon.colcon_core.package_identification:_identify(backbone_model/real_world_dataset/limo) by extension 'ros'
[3.642s] Level 1:colcon.colcon_core.package_identification:_identify(backbone_model/real_world_dataset/limo) by extensions ['cmake', 'python']
[3.643s] Level 1:colcon.colcon_core.package_identification:_identify(backbone_model/real_world_dataset/limo) by extension 'cmake'
[3.644s] Level 1:colcon.colcon_core.package_identification:_identify(backbone_model/real_world_dataset/limo) by extension 'python'
[3.644s] Level 1:colcon.colcon_core.package_identification:_identify(backbone_model/real_world_dataset/limo) by extensions ['python_setup_py']
[3.644s] Level 1:colcon.colcon_core.package_identification:_identify(backbone_model/real_world_dataset/limo) by extension 'python_setup_py'
[3.691s] Level 1:colcon.colcon_core.package_identification:_identify(backbone_model/real_world_dataset/video) by extensions ['ignore', 'ignore_ament_install']
[3.692s] Level 1:colcon.colcon_core.package_identification:_identify(backbone_model/real_world_dataset/video) by extension 'ignore'
[3.695s] Level 1:colcon.colcon_core.package_identification:_identify(backbone_model/real_world_dataset/video) by extension 'ignore_ament_install'
[3.697s] Level 1:colcon.colcon_core.package_identification:_identify(backbone_model/real_world_dataset/video) by extensions ['colcon_pkg']
[3.697s] Level 1:colcon.colcon_core.package_identification:_identify(backbone_model/real_world_dataset/video) by extension 'colcon_pkg'
[3.699s] Level 1:colcon.colcon_core.package_identification:_identify(backbone_model/real_world_dataset/video) by extensions ['colcon_meta']
[3.700s] Level 1:colcon.colcon_core.package_identification:_identify(backbone_model/real_world_dataset/video) by extension 'colcon_meta'
[3.702s] Level 1:colcon.colcon_core.package_identification:_identify(backbone_model/real_world_dataset/video) by extensions ['ros']
[3.702s] Level 1:colcon.colcon_core.package_identification:_identify(backbone_model/real_world_dataset/video) by extension 'ros'
[3.715s] Level 1:colcon.colcon_core.package_identification:_identify(backbone_model/real_world_dataset/video) by extensions ['cmake', 'python']
[3.715s] Level 1:colcon.colcon_core.package_identification:_identify(backbone_model/real_world_dataset/video) by extension 'cmake'
[3.716s] Level 1:colcon.colcon_core.package_identification:_identify(backbone_model/real_world_dataset/video) by extension 'python'
[3.716s] Level 1:colcon.colcon_core.package_identification:_identify(backbone_model/real_world_dataset/video) by extensions ['python_setup_py']
[3.717s] Level 1:colcon.colcon_core.package_identification:_identify(backbone_model/real_world_dataset/video) by extension 'python_setup_py'
[3.721s] Level 1:colcon.colcon_core.package_identification:_identify(backbone_model/saved_models) by extensions ['ignore', 'ignore_ament_install']
[3.722s] Level 1:colcon.colcon_core.package_identification:_identify(backbone_model/saved_models) by extension 'ignore'
[3.750s] Level 1:colcon.colcon_core.package_identification:_identify(backbone_model/saved_models) by extension 'ignore_ament_install'
[3.751s] Level 1:colcon.colcon_core.package_identification:_identify(backbone_model/saved_models) by extensions ['colcon_pkg']
[3.752s] Level 1:colcon.colcon_core.package_identification:_identify(backbone_model/saved_models) by extension 'colcon_pkg'
[3.752s] Level 1:colcon.colcon_core.package_identification:_identify(backbone_model/saved_models) by extensions ['colcon_meta']
[3.753s] Level 1:colcon.colcon_core.package_identification:_identify(backbone_model/saved_models) by extension 'colcon_meta'
[3.753s] Level 1:colcon.colcon_core.package_identification:_identify(backbone_model/saved_models) by extensions ['ros']
[3.753s] Level 1:colcon.colcon_core.package_identification:_identify(backbone_model/saved_models) by extension 'ros'
[3.755s] Level 1:colcon.colcon_core.package_identification:_identify(backbone_model/saved_models) by extensions ['cmake', 'python']
[3.755s] Level 1:colcon.colcon_core.package_identification:_identify(backbone_model/saved_models) by extension 'cmake'
[3.757s] Level 1:colcon.colcon_core.package_identification:_identify(backbone_model/saved_models) by extension 'python'
[3.758s] Level 1:colcon.colcon_core.package_identification:_identify(backbone_model/saved_models) by extensions ['python_setup_py']
[3.762s] Level 1:colcon.colcon_core.package_identification:_identify(backbone_model/saved_models) by extension 'python_setup_py'
[3.766s] Level 1:colcon.colcon_core.package_identification:_identify(backbone_model/simple_model_modified) by extensions ['ignore', 'ignore_ament_install']
[3.767s] Level 1:colcon.colcon_core.package_identification:_identify(backbone_model/simple_model_modified) by extension 'ignore'
[3.767s] Level 1:colcon.colcon_core.package_identification:_identify(backbone_model/simple_model_modified) by extension 'ignore_ament_install'
[3.768s] Level 1:colcon.colcon_core.package_identification:_identify(backbone_model/simple_model_modified) by extensions ['colcon_pkg']
[3.769s] Level 1:colcon.colcon_core.package_identification:_identify(backbone_model/simple_model_modified) by extension 'colcon_pkg'
[3.769s] Level 1:colcon.colcon_core.package_identification:_identify(backbone_model/simple_model_modified) by extensions ['colcon_meta']
[3.769s] Level 1:colcon.colcon_core.package_identification:_identify(backbone_model/simple_model_modified) by extension 'colcon_meta'
[3.770s] Level 1:colcon.colcon_core.package_identification:_identify(backbone_model/simple_model_modified) by extensions ['ros']
[3.770s] Level 1:colcon.colcon_core.package_identification:_identify(backbone_model/simple_model_modified) by extension 'ros'
[3.772s] Level 1:colcon.colcon_core.package_identification:_identify(backbone_model/simple_model_modified) by extensions ['cmake', 'python']
[3.778s] Level 1:colcon.colcon_core.package_identification:_identify(backbone_model/simple_model_modified) by extension 'cmake'
[3.792s] Level 1:colcon.colcon_core.package_identification:_identify(backbone_model/simple_model_modified) by extension 'python'
[3.792s] Level 1:colcon.colcon_core.package_identification:_identify(backbone_model/simple_model_modified) by extensions ['python_setup_py']
[3.793s] Level 1:colcon.colcon_core.package_identification:_identify(backbone_model/simple_model_modified) by extension 'python_setup_py'
[3.800s] Level 1:colcon.colcon_core.package_identification:_identify(backbone_model/simple_model_modified/__pycache__) by extensions ['ignore', 'ignore_ament_install']
[3.801s] Level 1:colcon.colcon_core.package_identification:_identify(backbone_model/simple_model_modified/__pycache__) by extension 'ignore'
[3.802s] Level 1:colcon.colcon_core.package_identification:_identify(backbone_model/simple_model_modified/__pycache__) by extension 'ignore_ament_install'
[3.818s] Level 1:colcon.colcon_core.package_identification:_identify(backbone_model/simple_model_modified/__pycache__) by extensions ['colcon_pkg']
[3.819s] Level 1:colcon.colcon_core.package_identification:_identify(backbone_model/simple_model_modified/__pycache__) by extension 'colcon_pkg'
[3.820s] Level 1:colcon.colcon_core.package_identification:_identify(backbone_model/simple_model_modified/__pycache__) by extensions ['colcon_meta']
[3.820s] Level 1:colcon.colcon_core.package_identification:_identify(backbone_model/simple_model_modified/__pycache__) by extension 'colcon_meta'
[3.820s] Level 1:colcon.colcon_core.package_identification:_identify(backbone_model/simple_model_modified/__pycache__) by extensions ['ros']
[3.821s] Level 1:colcon.colcon_core.package_identification:_identify(backbone_model/simple_model_modified/__pycache__) by extension 'ros'
[3.822s] Level 1:colcon.colcon_core.package_identification:_identify(backbone_model/simple_model_modified/__pycache__) by extensions ['cmake', 'python']
[3.823s] Level 1:colcon.colcon_core.package_identification:_identify(backbone_model/simple_model_modified/__pycache__) by extension 'cmake'
[3.828s] Level 1:colcon.colcon_core.package_identification:_identify(backbone_model/simple_model_modified/__pycache__) by extension 'python'
[3.829s] Level 1:colcon.colcon_core.package_identification:_identify(backbone_model/simple_model_modified/__pycache__) by extensions ['python_setup_py']
[3.846s] Level 1:colcon.colcon_core.package_identification:_identify(backbone_model/simple_model_modified/__pycache__) by extension 'python_setup_py'
[3.849s] Level 1:colcon.colcon_core.package_identification:_identify(backbone_model/synthetic_limo_dataset) by extensions ['ignore', 'ignore_ament_install']
[3.850s] Level 1:colcon.colcon_core.package_identification:_identify(backbone_model/synthetic_limo_dataset) by extension 'ignore'
[3.851s] Level 1:colcon.colcon_core.package_identification:_identify(backbone_model/synthetic_limo_dataset) by extension 'ignore_ament_install'
[3.852s] Level 1:colcon.colcon_core.package_identification:_identify(backbone_model/synthetic_limo_dataset) by extensions ['colcon_pkg']
[3.853s] Level 1:colcon.colcon_core.package_identification:_identify(backbone_model/synthetic_limo_dataset) by extension 'colcon_pkg'
[3.853s] Level 1:colcon.colcon_core.package_identification:_identify(backbone_model/synthetic_limo_dataset) by extensions ['colcon_meta']
[3.854s] Level 1:colcon.colcon_core.package_identification:_identify(backbone_model/synthetic_limo_dataset) by extension 'colcon_meta'
[3.854s] Level 1:colcon.colcon_core.package_identification:_identify(backbone_model/synthetic_limo_dataset) by extensions ['ros']
[3.855s] Level 1:colcon.colcon_core.package_identification:_identify(backbone_model/synthetic_limo_dataset) by extension 'ros'
[3.905s] Level 1:colcon.colcon_core.package_identification:_identify(backbone_model/synthetic_limo_dataset) by extensions ['cmake', 'python']
[3.906s] Level 1:colcon.colcon_core.package_identification:_identify(backbone_model/synthetic_limo_dataset) by extension 'cmake'
[3.907s] Level 1:colcon.colcon_core.package_identification:_identify(backbone_model/synthetic_limo_dataset) by extension 'python'
[3.908s] Level 1:colcon.colcon_core.package_identification:_identify(backbone_model/synthetic_limo_dataset) by extensions ['python_setup_py']
[3.909s] Level 1:colcon.colcon_core.package_identification:_identify(backbone_model/synthetic_limo_dataset) by extension 'python_setup_py'
[3.911s] Level 1:colcon.colcon_core.package_identification:_identify(backbone_model/synthetic_limo_dataset/__pycache__) by extensions ['ignore', 'ignore_ament_install']
[3.912s] Level 1:colcon.colcon_core.package_identification:_identify(backbone_model/synthetic_limo_dataset/__pycache__) by extension 'ignore'
[3.914s] Level 1:colcon.colcon_core.package_identification:_identify(backbone_model/synthetic_limo_dataset/__pycache__) by extension 'ignore_ament_install'
[3.914s] Level 1:colcon.colcon_core.package_identification:_identify(backbone_model/synthetic_limo_dataset/__pycache__) by extensions ['colcon_pkg']
[3.916s] Level 1:colcon.colcon_core.package_identification:_identify(backbone_model/synthetic_limo_dataset/__pycache__) by extension 'colcon_pkg'
[3.917s] Level 1:colcon.colcon_core.package_identification:_identify(backbone_model/synthetic_limo_dataset/__pycache__) by extensions ['colcon_meta']
[3.917s] Level 1:colcon.colcon_core.package_identification:_identify(backbone_model/synthetic_limo_dataset/__pycache__) by extension 'colcon_meta'
[3.917s] Level 1:colcon.colcon_core.package_identification:_identify(backbone_model/synthetic_limo_dataset/__pycache__) by extensions ['ros']
[3.918s] Level 1:colcon.colcon_core.package_identification:_identify(backbone_model/synthetic_limo_dataset/__pycache__) by extension 'ros'
[3.919s] Level 1:colcon.colcon_core.package_identification:_identify(backbone_model/synthetic_limo_dataset/__pycache__) by extensions ['cmake', 'python']
[3.920s] Level 1:colcon.colcon_core.package_identification:_identify(backbone_model/synthetic_limo_dataset/__pycache__) by extension 'cmake'
[3.920s] Level 1:colcon.colcon_core.package_identification:_identify(backbone_model/synthetic_limo_dataset/__pycache__) by extension 'python'
[3.921s] Level 1:colcon.colcon_core.package_identification:_identify(backbone_model/synthetic_limo_dataset/__pycache__) by extensions ['python_setup_py']
[3.921s] Level 1:colcon.colcon_core.package_identification:_identify(backbone_model/synthetic_limo_dataset/__pycache__) by extension 'python_setup_py'
[4.148s] Level 1:colcon.colcon_core.package_identification:_identify(backbone_model/synthetic_limo_dataset/images) by extensions ['ignore', 'ignore_ament_install']
[4.149s] Level 1:colcon.colcon_core.package_identification:_identify(backbone_model/synthetic_limo_dataset/images) by extension 'ignore'
[4.150s] Level 1:colcon.colcon_core.package_identification:_identify(backbone_model/synthetic_limo_dataset/images) by extension 'ignore_ament_install'
[4.157s] Level 1:colcon.colcon_core.package_identification:_identify(backbone_model/synthetic_limo_dataset/images) by extensions ['colcon_pkg']
[4.158s] Level 1:colcon.colcon_core.package_identification:_identify(backbone_model/synthetic_limo_dataset/images) by extension 'colcon_pkg'
[4.163s] Level 1:colcon.colcon_core.package_identification:_identify(backbone_model/synthetic_limo_dataset/images) by extensions ['colcon_meta']
[4.164s] Level 1:colcon.colcon_core.package_identification:_identify(backbone_model/synthetic_limo_dataset/images) by extension 'colcon_meta'
[4.164s] Level 1:colcon.colcon_core.package_identification:_identify(backbone_model/synthetic_limo_dataset/images) by extensions ['ros']
[4.167s] Level 1:colcon.colcon_core.package_identification:_identify(backbone_model/synthetic_limo_dataset/images) by extension 'ros'
[4.168s] Level 1:colcon.colcon_core.package_identification:_identify(backbone_model/synthetic_limo_dataset/images) by extensions ['cmake', 'python']
[4.169s] Level 1:colcon.colcon_core.package_identification:_identify(backbone_model/synthetic_limo_dataset/images) by extension 'cmake'
[4.170s] Level 1:colcon.colcon_core.package_identification:_identify(backbone_model/synthetic_limo_dataset/images) by extension 'python'
[4.172s] Level 1:colcon.colcon_core.package_identification:_identify(backbone_model/synthetic_limo_dataset/images) by extensions ['python_setup_py']
[4.173s] Level 1:colcon.colcon_core.package_identification:_identify(backbone_model/synthetic_limo_dataset/images) by extension 'python_setup_py'
[4.179s] Level 1:colcon.colcon_core.package_identification:_identify(backbone_model/testing) by extensions ['ignore', 'ignore_ament_install']
[4.179s] Level 1:colcon.colcon_core.package_identification:_identify(backbone_model/testing) by extension 'ignore'
[4.180s] Level 1:colcon.colcon_core.package_identification:_identify(backbone_model/testing) by extension 'ignore_ament_install'
[4.181s] Level 1:colcon.colcon_core.package_identification:_identify(backbone_model/testing) by extensions ['colcon_pkg']
[4.182s] Level 1:colcon.colcon_core.package_identification:_identify(backbone_model/testing) by extension 'colcon_pkg'
[4.182s] Level 1:colcon.colcon_core.package_identification:_identify(backbone_model/testing) by extensions ['colcon_meta']
[4.183s] Level 1:colcon.colcon_core.package_identification:_identify(backbone_model/testing) by extension 'colcon_meta'
[4.183s] Level 1:colcon.colcon_core.package_identification:_identify(backbone_model/testing) by extensions ['ros']
[4.184s] Level 1:colcon.colcon_core.package_identification:_identify(backbone_model/testing) by extension 'ros'
[4.207s] Level 1:colcon.colcon_core.package_identification:_identify(backbone_model/testing) by extensions ['cmake', 'python']
[4.216s] Level 1:colcon.colcon_core.package_identification:_identify(backbone_model/testing) by extension 'cmake'
[4.218s] Level 1:colcon.colcon_core.package_identification:_identify(backbone_model/testing) by extension 'python'
[4.219s] Level 1:colcon.colcon_core.package_identification:_identify(backbone_model/testing) by extensions ['python_setup_py']
[4.220s] Level 1:colcon.colcon_core.package_identification:_identify(backbone_model/testing) by extension 'python_setup_py'
[4.224s] Level 1:colcon.colcon_core.package_identification:_identify(backbone_model/testing/__pycache__) by extensions ['ignore', 'ignore_ament_install']
[4.225s] Level 1:colcon.colcon_core.package_identification:_identify(backbone_model/testing/__pycache__) by extension 'ignore'
[4.226s] Level 1:colcon.colcon_core.package_identification:_identify(backbone_model/testing/__pycache__) by extension 'ignore_ament_install'
[4.227s] Level 1:colcon.colcon_core.package_identification:_identify(backbone_model/testing/__pycache__) by extensions ['colcon_pkg']
[4.227s] Level 1:colcon.colcon_core.package_identification:_identify(backbone_model/testing/__pycache__) by extension 'colcon_pkg'
[4.236s] Level 1:colcon.colcon_core.package_identification:_identify(backbone_model/testing/__pycache__) by extensions ['colcon_meta']
[4.241s] Level 1:colcon.colcon_core.package_identification:_identify(backbone_model/testing/__pycache__) by extension 'colcon_meta'
[4.242s] Level 1:colcon.colcon_core.package_identification:_identify(backbone_model/testing/__pycache__) by extensions ['ros']
[4.242s] Level 1:colcon.colcon_core.package_identification:_identify(backbone_model/testing/__pycache__) by extension 'ros'
[4.247s] Level 1:colcon.colcon_core.package_identification:_identify(backbone_model/testing/__pycache__) by extensions ['cmake', 'python']
[4.249s] Level 1:colcon.colcon_core.package_identification:_identify(backbone_model/testing/__pycache__) by extension 'cmake'
[4.250s] Level 1:colcon.colcon_core.package_identification:_identify(backbone_model/testing/__pycache__) by extension 'python'
[4.252s] Level 1:colcon.colcon_core.package_identification:_identify(backbone_model/testing/__pycache__) by extensions ['python_setup_py']
[4.252s] Level 1:colcon.colcon_core.package_identification:_identify(backbone_model/testing/__pycache__) by extension 'python_setup_py'
[4.391s] Level 1:colcon.colcon_core.package_identification:_identify(backbone_model/training_video_data) by extensions ['ignore', 'ignore_ament_install']
[4.392s] Level 1:colcon.colcon_core.package_identification:_identify(backbone_model/training_video_data) by extension 'ignore'
[4.393s] Level 1:colcon.colcon_core.package_identification:_identify(backbone_model/training_video_data) by extension 'ignore_ament_install'
[4.395s] Level 1:colcon.colcon_core.package_identification:_identify(backbone_model/training_video_data) by extensions ['colcon_pkg']
[4.395s] Level 1:colcon.colcon_core.package_identification:_identify(backbone_model/training_video_data) by extension 'colcon_pkg'
[4.395s] Level 1:colcon.colcon_core.package_identification:_identify(backbone_model/training_video_data) by extensions ['colcon_meta']
[4.397s] Level 1:colcon.colcon_core.package_identification:_identify(backbone_model/training_video_data) by extension 'colcon_meta'
[4.397s] Level 1:colcon.colcon_core.package_identification:_identify(backbone_model/training_video_data) by extensions ['ros']
[4.397s] Level 1:colcon.colcon_core.package_identification:_identify(backbone_model/training_video_data) by extension 'ros'
[4.400s] Level 1:colcon.colcon_core.package_identification:_identify(backbone_model/training_video_data) by extensions ['cmake', 'python']
[4.401s] Level 1:colcon.colcon_core.package_identification:_identify(backbone_model/training_video_data) by extension 'cmake'
[4.420s] Level 1:colcon.colcon_core.package_identification:_identify(backbone_model/training_video_data) by extension 'python'
[4.422s] Level 1:colcon.colcon_core.package_identification:_identify(backbone_model/training_video_data) by extensions ['python_setup_py']
[4.425s] Level 1:colcon.colcon_core.package_identification:_identify(backbone_model/training_video_data) by extension 'python_setup_py'
[4.427s] Level 1:colcon.colcon_core.package_identification:_identify(backbone_model/training_video_data/__pycache__) by extensions ['ignore', 'ignore_ament_install']
[4.427s] Level 1:colcon.colcon_core.package_identification:_identify(backbone_model/training_video_data/__pycache__) by extension 'ignore'
[4.427s] Level 1:colcon.colcon_core.package_identification:_identify(backbone_model/training_video_data/__pycache__) by extension 'ignore_ament_install'
[4.428s] Level 1:colcon.colcon_core.package_identification:_identify(backbone_model/training_video_data/__pycache__) by extensions ['colcon_pkg']
[4.428s] Level 1:colcon.colcon_core.package_identification:_identify(backbone_model/training_video_data/__pycache__) by extension 'colcon_pkg'
[4.430s] Level 1:colcon.colcon_core.package_identification:_identify(backbone_model/training_video_data/__pycache__) by extensions ['colcon_meta']
[4.430s] Level 1:colcon.colcon_core.package_identification:_identify(backbone_model/training_video_data/__pycache__) by extension 'colcon_meta'
[4.430s] Level 1:colcon.colcon_core.package_identification:_identify(backbone_model/training_video_data/__pycache__) by extensions ['ros']
[4.430s] Level 1:colcon.colcon_core.package_identification:_identify(backbone_model/training_video_data/__pycache__) by extension 'ros'
[4.431s] Level 1:colcon.colcon_core.package_identification:_identify(backbone_model/training_video_data/__pycache__) by extensions ['cmake', 'python']
[4.432s] Level 1:colcon.colcon_core.package_identification:_identify(backbone_model/training_video_data/__pycache__) by extension 'cmake'
[4.432s] Level 1:colcon.colcon_core.package_identification:_identify(backbone_model/training_video_data/__pycache__) by extension 'python'
[4.433s] Level 1:colcon.colcon_core.package_identification:_identify(backbone_model/training_video_data/__pycache__) by extensions ['python_setup_py']
[4.433s] Level 1:colcon.colcon_core.package_identification:_identify(backbone_model/training_video_data/__pycache__) by extension 'python_setup_py'
[4.445s] Level 1:colcon.colcon_core.package_identification:_identify(build) by extensions ['ignore', 'ignore_ament_install']
[4.446s] Level 1:colcon.colcon_core.package_identification:_identify(build) by extension 'ignore'
[4.446s] Level 1:colcon.colcon_core.package_identification:_identify(build) ignored
[4.448s] Level 1:colcon.colcon_core.package_identification:_identify(camera_stream) by extensions ['ignore', 'ignore_ament_install']
[4.448s] Level 1:colcon.colcon_core.package_identification:_identify(camera_stream) by extension 'ignore'
[4.456s] Level 1:colcon.colcon_core.package_identification:_identify(camera_stream) by extension 'ignore_ament_install'
[4.461s] Level 1:colcon.colcon_core.package_identification:_identify(camera_stream) by extensions ['colcon_pkg']
[4.461s] Level 1:colcon.colcon_core.package_identification:_identify(camera_stream) by extension 'colcon_pkg'
[4.462s] Level 1:colcon.colcon_core.package_identification:_identify(camera_stream) by extensions ['colcon_meta']
[4.463s] Level 1:colcon.colcon_core.package_identification:_identify(camera_stream) by extension 'colcon_meta'
[4.464s] Level 1:colcon.colcon_core.package_identification:_identify(camera_stream) by extensions ['ros']
[4.464s] Level 1:colcon.colcon_core.package_identification:_identify(camera_stream) by extension 'ros'
[4.469s] Level 1:colcon.colcon_core.package_identification:_identify(camera_stream) by extensions ['cmake', 'python']
[4.469s] Level 1:colcon.colcon_core.package_identification:_identify(camera_stream) by extension 'cmake'
[4.476s] Level 1:colcon.colcon_core.package_identification:_identify(camera_stream) by extension 'python'
[4.477s] Level 1:colcon.colcon_core.package_identification:_identify(camera_stream) by extensions ['python_setup_py']
[4.478s] Level 1:colcon.colcon_core.package_identification:_identify(camera_stream) by extension 'python_setup_py'
[4.485s] Level 1:colcon.colcon_core.package_identification:_identify(graphs) by extensions ['ignore', 'ignore_ament_install']
[4.485s] Level 1:colcon.colcon_core.package_identification:_identify(graphs) by extension 'ignore'
[4.487s] Level 1:colcon.colcon_core.package_identification:_identify(graphs) by extension 'ignore_ament_install'
[4.489s] Level 1:colcon.colcon_core.package_identification:_identify(graphs) by extensions ['colcon_pkg']
[4.508s] Level 1:colcon.colcon_core.package_identification:_identify(graphs) by extension 'colcon_pkg'
[4.508s] Level 1:colcon.colcon_core.package_identification:_identify(graphs) by extensions ['colcon_meta']
[4.509s] Level 1:colcon.colcon_core.package_identification:_identify(graphs) by extension 'colcon_meta'
[4.509s] Level 1:colcon.colcon_core.package_identification:_identify(graphs) by extensions ['ros']
[4.510s] Level 1:colcon.colcon_core.package_identification:_identify(graphs) by extension 'ros'
[4.532s] Level 1:colcon.colcon_core.package_identification:_identify(graphs) by extensions ['cmake', 'python']
[4.532s] Level 1:colcon.colcon_core.package_identification:_identify(graphs) by extension 'cmake'
[4.550s] Level 1:colcon.colcon_core.package_identification:_identify(graphs) by extension 'python'
[4.551s] Level 1:colcon.colcon_core.package_identification:_identify(graphs) by extensions ['python_setup_py']
[4.551s] Level 1:colcon.colcon_core.package_identification:_identify(graphs) by extension 'python_setup_py'
[4.574s] Level 1:colcon.colcon_core.package_identification:_identify(graphs/homography) by extensions ['ignore', 'ignore_ament_install']
[4.576s] Level 1:colcon.colcon_core.package_identification:_identify(graphs/homography) by extension 'ignore'
[4.581s] Level 1:colcon.colcon_core.package_identification:_identify(graphs/homography) by extension 'ignore_ament_install'
[4.583s] Level 1:colcon.colcon_core.package_identification:_identify(graphs/homography) by extensions ['colcon_pkg']
[4.585s] Level 1:colcon.colcon_core.package_identification:_identify(graphs/homography) by extension 'colcon_pkg'
[4.594s] Level 1:colcon.colcon_core.package_identification:_identify(graphs/homography) by extensions ['colcon_meta']
[4.597s] Level 1:colcon.colcon_core.package_identification:_identify(graphs/homography) by extension 'colcon_meta'
[4.600s] Level 1:colcon.colcon_core.package_identification:_identify(graphs/homography) by extensions ['ros']
[4.601s] Level 1:colcon.colcon_core.package_identification:_identify(graphs/homography) by extension 'ros'
[4.635s] Level 1:colcon.colcon_core.package_identification:_identify(graphs/homography) by extensions ['cmake', 'python']
[4.635s] Level 1:colcon.colcon_core.package_identification:_identify(graphs/homography) by extension 'cmake'
[4.636s] Level 1:colcon.colcon_core.package_identification:_identify(graphs/homography) by extension 'python'
[4.638s] Level 1:colcon.colcon_core.package_identification:_identify(graphs/homography) by extensions ['python_setup_py']
[4.640s] Level 1:colcon.colcon_core.package_identification:_identify(graphs/homography) by extension 'python_setup_py'
[4.646s] Level 1:colcon.colcon_core.package_identification:_identify(graphs/noisy_dataset) by extensions ['ignore', 'ignore_ament_install']
[4.648s] Level 1:colcon.colcon_core.package_identification:_identify(graphs/noisy_dataset) by extension 'ignore'
[4.649s] Level 1:colcon.colcon_core.package_identification:_identify(graphs/noisy_dataset) by extension 'ignore_ament_install'
[4.649s] Level 1:colcon.colcon_core.package_identification:_identify(graphs/noisy_dataset) by extensions ['colcon_pkg']
[4.650s] Level 1:colcon.colcon_core.package_identification:_identify(graphs/noisy_dataset) by extension 'colcon_pkg'
[4.651s] Level 1:colcon.colcon_core.package_identification:_identify(graphs/noisy_dataset) by extensions ['colcon_meta']
[4.651s] Level 1:colcon.colcon_core.package_identification:_identify(graphs/noisy_dataset) by extension 'colcon_meta'
[4.652s] Level 1:colcon.colcon_core.package_identification:_identify(graphs/noisy_dataset) by extensions ['ros']
[4.653s] Level 1:colcon.colcon_core.package_identification:_identify(graphs/noisy_dataset) by extension 'ros'
[4.658s] Level 1:colcon.colcon_core.package_identification:_identify(graphs/noisy_dataset) by extensions ['cmake', 'python']
[4.658s] Level 1:colcon.colcon_core.package_identification:_identify(graphs/noisy_dataset) by extension 'cmake'
[4.659s] Level 1:colcon.colcon_core.package_identification:_identify(graphs/noisy_dataset) by extension 'python'
[4.659s] Level 1:colcon.colcon_core.package_identification:_identify(graphs/noisy_dataset) by extensions ['python_setup_py']
[4.659s] Level 1:colcon.colcon_core.package_identification:_identify(graphs/noisy_dataset) by extension 'python_setup_py'
[4.663s] Level 1:colcon.colcon_core.package_identification:_identify(graphs/real_world_synthetic_dataset) by extensions ['ignore', 'ignore_ament_install']
[4.663s] Level 1:colcon.colcon_core.package_identification:_identify(graphs/real_world_synthetic_dataset) by extension 'ignore'
[4.666s] Level 1:colcon.colcon_core.package_identification:_identify(graphs/real_world_synthetic_dataset) by extension 'ignore_ament_install'
[4.666s] Level 1:colcon.colcon_core.package_identification:_identify(graphs/real_world_synthetic_dataset) by extensions ['colcon_pkg']
[4.666s] Level 1:colcon.colcon_core.package_identification:_identify(graphs/real_world_synthetic_dataset) by extension 'colcon_pkg'
[4.667s] Level 1:colcon.colcon_core.package_identification:_identify(graphs/real_world_synthetic_dataset) by extensions ['colcon_meta']
[4.667s] Level 1:colcon.colcon_core.package_identification:_identify(graphs/real_world_synthetic_dataset) by extension 'colcon_meta'
[4.667s] Level 1:colcon.colcon_core.package_identification:_identify(graphs/real_world_synthetic_dataset) by extensions ['ros']
[4.668s] Level 1:colcon.colcon_core.package_identification:_identify(graphs/real_world_synthetic_dataset) by extension 'ros'
[4.681s] Level 1:colcon.colcon_core.package_identification:_identify(graphs/real_world_synthetic_dataset) by extensions ['cmake', 'python']
[4.681s] Level 1:colcon.colcon_core.package_identification:_identify(graphs/real_world_synthetic_dataset) by extension 'cmake'
[4.682s] Level 1:colcon.colcon_core.package_identification:_identify(graphs/real_world_synthetic_dataset) by extension 'python'
[4.683s] Level 1:colcon.colcon_core.package_identification:_identify(graphs/real_world_synthetic_dataset) by extensions ['python_setup_py']
[4.683s] Level 1:colcon.colcon_core.package_identification:_identify(graphs/real_world_synthetic_dataset) by extension 'python_setup_py'
[4.696s] Level 1:colcon.colcon_core.package_identification:_identify(graphs/simple_model_cont_pose) by extensions ['ignore', 'ignore_ament_install']
[4.696s] Level 1:colcon.colcon_core.package_identification:_identify(graphs/simple_model_cont_pose) by extension 'ignore'
[4.705s] Level 1:colcon.colcon_core.package_identification:_identify(graphs/simple_model_cont_pose) by extension 'ignore_ament_install'
[4.713s] Level 1:colcon.colcon_core.package_identification:_identify(graphs/simple_model_cont_pose) by extensions ['colcon_pkg']
[4.713s] Level 1:colcon.colcon_core.package_identification:_identify(graphs/simple_model_cont_pose) by extension 'colcon_pkg'
[4.714s] Level 1:colcon.colcon_core.package_identification:_identify(graphs/simple_model_cont_pose) by extensions ['colcon_meta']
[4.714s] Level 1:colcon.colcon_core.package_identification:_identify(graphs/simple_model_cont_pose) by extension 'colcon_meta'
[4.715s] Level 1:colcon.colcon_core.package_identification:_identify(graphs/simple_model_cont_pose) by extensions ['ros']
[4.716s] Level 1:colcon.colcon_core.package_identification:_identify(graphs/simple_model_cont_pose) by extension 'ros'
[4.721s] Level 1:colcon.colcon_core.package_identification:_identify(graphs/simple_model_cont_pose) by extensions ['cmake', 'python']
[4.724s] Level 1:colcon.colcon_core.package_identification:_identify(graphs/simple_model_cont_pose) by extension 'cmake'
[4.725s] Level 1:colcon.colcon_core.package_identification:_identify(graphs/simple_model_cont_pose) by extension 'python'
[4.726s] Level 1:colcon.colcon_core.package_identification:_identify(graphs/simple_model_cont_pose) by extensions ['python_setup_py']
[4.726s] Level 1:colcon.colcon_core.package_identification:_identify(graphs/simple_model_cont_pose) by extension 'python_setup_py'
[4.739s] Level 1:colcon.colcon_core.package_identification:_identify(graphs/simple_model_modified_loss) by extensions ['ignore', 'ignore_ament_install']
[4.741s] Level 1:colcon.colcon_core.package_identification:_identify(graphs/simple_model_modified_loss) by extension 'ignore'
[4.773s] Level 1:colcon.colcon_core.package_identification:_identify(graphs/simple_model_modified_loss) by extension 'ignore_ament_install'
[4.774s] Level 1:colcon.colcon_core.package_identification:_identify(graphs/simple_model_modified_loss) by extensions ['colcon_pkg']
[4.774s] Level 1:colcon.colcon_core.package_identification:_identify(graphs/simple_model_modified_loss) by extension 'colcon_pkg'
[4.774s] Level 1:colcon.colcon_core.package_identification:_identify(graphs/simple_model_modified_loss) by extensions ['colcon_meta']
[4.775s] Level 1:colcon.colcon_core.package_identification:_identify(graphs/simple_model_modified_loss) by extension 'colcon_meta'
[4.775s] Level 1:colcon.colcon_core.package_identification:_identify(graphs/simple_model_modified_loss) by extensions ['ros']
[4.775s] Level 1:colcon.colcon_core.package_identification:_identify(graphs/simple_model_modified_loss) by extension 'ros'
[4.778s] Level 1:colcon.colcon_core.package_identification:_identify(graphs/simple_model_modified_loss) by extensions ['cmake', 'python']
[4.778s] Level 1:colcon.colcon_core.package_identification:_identify(graphs/simple_model_modified_loss) by extension 'cmake'
[4.782s] Level 1:colcon.colcon_core.package_identification:_identify(graphs/simple_model_modified_loss) by extension 'python'
[4.782s] Level 1:colcon.colcon_core.package_identification:_identify(graphs/simple_model_modified_loss) by extensions ['python_setup_py']
[4.783s] Level 1:colcon.colcon_core.package_identification:_identify(graphs/simple_model_modified_loss) by extension 'python_setup_py'
[4.792s] Level 1:colcon.colcon_core.package_identification:_identify(graphs/training_with_big_tag) by extensions ['ignore', 'ignore_ament_install']
[4.792s] Level 1:colcon.colcon_core.package_identification:_identify(graphs/training_with_big_tag) by extension 'ignore'
[4.800s] Level 1:colcon.colcon_core.package_identification:_identify(graphs/training_with_big_tag) by extension 'ignore_ament_install'
[4.803s] Level 1:colcon.colcon_core.package_identification:_identify(graphs/training_with_big_tag) by extensions ['colcon_pkg']
[4.803s] Level 1:colcon.colcon_core.package_identification:_identify(graphs/training_with_big_tag) by extension 'colcon_pkg'
[4.804s] Level 1:colcon.colcon_core.package_identification:_identify(graphs/training_with_big_tag) by extensions ['colcon_meta']
[4.804s] Level 1:colcon.colcon_core.package_identification:_identify(graphs/training_with_big_tag) by extension 'colcon_meta'
[4.804s] Level 1:colcon.colcon_core.package_identification:_identify(graphs/training_with_big_tag) by extensions ['ros']
[4.805s] Level 1:colcon.colcon_core.package_identification:_identify(graphs/training_with_big_tag) by extension 'ros'
[4.812s] Level 1:colcon.colcon_core.package_identification:_identify(graphs/training_with_big_tag) by extensions ['cmake', 'python']
[4.813s] Level 1:colcon.colcon_core.package_identification:_identify(graphs/training_with_big_tag) by extension 'cmake'
[4.813s] Level 1:colcon.colcon_core.package_identification:_identify(graphs/training_with_big_tag) by extension 'python'
[4.813s] Level 1:colcon.colcon_core.package_identification:_identify(graphs/training_with_big_tag) by extensions ['python_setup_py']
[4.814s] Level 1:colcon.colcon_core.package_identification:_identify(graphs/training_with_big_tag) by extension 'python_setup_py'
[4.819s] Level 1:colcon.colcon_core.package_identification:_identify(graphs/video_dataset) by extensions ['ignore', 'ignore_ament_install']
[4.819s] Level 1:colcon.colcon_core.package_identification:_identify(graphs/video_dataset) by extension 'ignore'
[4.820s] Level 1:colcon.colcon_core.package_identification:_identify(graphs/video_dataset) by extension 'ignore_ament_install'
[4.821s] Level 1:colcon.colcon_core.package_identification:_identify(graphs/video_dataset) by extensions ['colcon_pkg']
[4.821s] Level 1:colcon.colcon_core.package_identification:_identify(graphs/video_dataset) by extension 'colcon_pkg'
[4.821s] Level 1:colcon.colcon_core.package_identification:_identify(graphs/video_dataset) by extensions ['colcon_meta']
[4.822s] Level 1:colcon.colcon_core.package_identification:_identify(graphs/video_dataset) by extension 'colcon_meta'
[4.822s] Level 1:colcon.colcon_core.package_identification:_identify(graphs/video_dataset) by extensions ['ros']
[4.822s] Level 1:colcon.colcon_core.package_identification:_identify(graphs/video_dataset) by extension 'ros'
[4.823s] Level 1:colcon.colcon_core.package_identification:_identify(graphs/video_dataset) by extensions ['cmake', 'python']
[4.825s] Level 1:colcon.colcon_core.package_identification:_identify(graphs/video_dataset) by extension 'cmake'
[4.825s] Level 1:colcon.colcon_core.package_identification:_identify(graphs/video_dataset) by extension 'python'
[4.825s] Level 1:colcon.colcon_core.package_identification:_identify(graphs/video_dataset) by extensions ['python_setup_py']
[4.826s] Level 1:colcon.colcon_core.package_identification:_identify(graphs/video_dataset) by extension 'python_setup_py'
[4.836s] Level 1:colcon.colcon_core.package_identification:_identify(graphs/with_class_loss) by extensions ['ignore', 'ignore_ament_install']
[4.841s] Level 1:colcon.colcon_core.package_identification:_identify(graphs/with_class_loss) by extension 'ignore'
[4.841s] Level 1:colcon.colcon_core.package_identification:_identify(graphs/with_class_loss) by extension 'ignore_ament_install'
[4.861s] Level 1:colcon.colcon_core.package_identification:_identify(graphs/with_class_loss) by extensions ['colcon_pkg']
[4.864s] Level 1:colcon.colcon_core.package_identification:_identify(graphs/with_class_loss) by extension 'colcon_pkg'
[4.874s] Level 1:colcon.colcon_core.package_identification:_identify(graphs/with_class_loss) by extensions ['colcon_meta']
[4.876s] Level 1:colcon.colcon_core.package_identification:_identify(graphs/with_class_loss) by extension 'colcon_meta'
[4.877s] Level 1:colcon.colcon_core.package_identification:_identify(graphs/with_class_loss) by extensions ['ros']
[4.878s] Level 1:colcon.colcon_core.package_identification:_identify(graphs/with_class_loss) by extension 'ros'
[4.885s] Level 1:colcon.colcon_core.package_identification:_identify(graphs/with_class_loss) by extensions ['cmake', 'python']
[4.888s] Level 1:colcon.colcon_core.package_identification:_identify(graphs/with_class_loss) by extension 'cmake'
[4.888s] Level 1:colcon.colcon_core.package_identification:_identify(graphs/with_class_loss) by extension 'python'
[4.894s] Level 1:colcon.colcon_core.package_identification:_identify(graphs/with_class_loss) by extensions ['python_setup_py']
[4.894s] Level 1:colcon.colcon_core.package_identification:_identify(graphs/with_class_loss) by extension 'python_setup_py'
[4.898s] Level 1:colcon.colcon_core.package_identification:_identify(install) by extensions ['ignore', 'ignore_ament_install']
[4.901s] Level 1:colcon.colcon_core.package_identification:_identify(install) by extension 'ignore'
[4.903s] Level 1:colcon.colcon_core.package_identification:_identify(install) ignored
[4.912s] Level 1:colcon.colcon_core.package_identification:_identify(log) by extensions ['ignore', 'ignore_ament_install']
[4.912s] Level 1:colcon.colcon_core.package_identification:_identify(log) by extension 'ignore'
[4.913s] Level 1:colcon.colcon_core.package_identification:_identify(log) ignored
[4.942s] Level 1:colcon.colcon_core.package_identification:_identify(results) by extensions ['ignore', 'ignore_ament_install']
[4.946s] Level 1:colcon.colcon_core.package_identification:_identify(results) by extension 'ignore'
[4.958s] Level 1:colcon.colcon_core.package_identification:_identify(results) by extension 'ignore_ament_install'
[4.959s] Level 1:colcon.colcon_core.package_identification:_identify(results) by extensions ['colcon_pkg']
[4.960s] Level 1:colcon.colcon_core.package_identification:_identify(results) by extension 'colcon_pkg'
[4.961s] Level 1:colcon.colcon_core.package_identification:_identify(results) by extensions ['colcon_meta']
[4.961s] Level 1:colcon.colcon_core.package_identification:_identify(results) by extension 'colcon_meta'
[4.964s] Level 1:colcon.colcon_core.package_identification:_identify(results) by extensions ['ros']
[4.964s] Level 1:colcon.colcon_core.package_identification:_identify(results) by extension 'ros'
[4.966s] Level 1:colcon.colcon_core.package_identification:_identify(results) by extensions ['cmake', 'python']
[4.967s] Level 1:colcon.colcon_core.package_identification:_identify(results) by extension 'cmake'
[4.968s] Level 1:colcon.colcon_core.package_identification:_identify(results) by extension 'python'
[4.971s] Level 1:colcon.colcon_core.package_identification:_identify(results) by extensions ['python_setup_py']
[4.983s] Level 1:colcon.colcon_core.package_identification:_identify(results) by extension 'python_setup_py'
[4.995s] Level 1:colcon.colcon_core.package_identification:_identify(results/apriltag) by extensions ['ignore', 'ignore_ament_install']
[4.995s] Level 1:colcon.colcon_core.package_identification:_identify(results/apriltag) by extension 'ignore'
[4.997s] Level 1:colcon.colcon_core.package_identification:_identify(results/apriltag) by extension 'ignore_ament_install'
[4.998s] Level 1:colcon.colcon_core.package_identification:_identify(results/apriltag) by extensions ['colcon_pkg']
[4.999s] Level 1:colcon.colcon_core.package_identification:_identify(results/apriltag) by extension 'colcon_pkg'
[4.999s] Level 1:colcon.colcon_core.package_identification:_identify(results/apriltag) by extensions ['colcon_meta']
[5.000s] Level 1:colcon.colcon_core.package_identification:_identify(results/apriltag) by extension 'colcon_meta'
[5.000s] Level 1:colcon.colcon_core.package_identification:_identify(results/apriltag) by extensions ['ros']
[5.001s] Level 1:colcon.colcon_core.package_identification:_identify(results/apriltag) by extension 'ros'
[5.004s] Level 1:colcon.colcon_core.package_identification:_identify(results/apriltag) by extensions ['cmake', 'python']
[5.004s] Level 1:colcon.colcon_core.package_identification:_identify(results/apriltag) by extension 'cmake'
[5.005s] Level 1:colcon.colcon_core.package_identification:_identify(results/apriltag) by extension 'python'
[5.005s] Level 1:colcon.colcon_core.package_identification:_identify(results/apriltag) by extensions ['python_setup_py']
[5.006s] Level 1:colcon.colcon_core.package_identification:_identify(results/apriltag) by extension 'python_setup_py'
[5.010s] Level 1:colcon.colcon_core.package_identification:_identify(results/model) by extensions ['ignore', 'ignore_ament_install']
[5.011s] Level 1:colcon.colcon_core.package_identification:_identify(results/model) by extension 'ignore'
[5.012s] Level 1:colcon.colcon_core.package_identification:_identify(results/model) by extension 'ignore_ament_install'
[5.013s] Level 1:colcon.colcon_core.package_identification:_identify(results/model) by extensions ['colcon_pkg']
[5.024s] Level 1:colcon.colcon_core.package_identification:_identify(results/model) by extension 'colcon_pkg'
[5.024s] Level 1:colcon.colcon_core.package_identification:_identify(results/model) by extensions ['colcon_meta']
[5.024s] Level 1:colcon.colcon_core.package_identification:_identify(results/model) by extension 'colcon_meta'
[5.026s] Level 1:colcon.colcon_core.package_identification:_identify(results/model) by extensions ['ros']
[5.026s] Level 1:colcon.colcon_core.package_identification:_identify(results/model) by extension 'ros'
[5.033s] Level 1:colcon.colcon_core.package_identification:_identify(results/model) by extensions ['cmake', 'python']
[5.033s] Level 1:colcon.colcon_core.package_identification:_identify(results/model) by extension 'cmake'
[5.037s] Level 1:colcon.colcon_core.package_identification:_identify(results/model) by extension 'python'
[5.037s] Level 1:colcon.colcon_core.package_identification:_identify(results/model) by extensions ['python_setup_py']
[5.039s] Level 1:colcon.colcon_core.package_identification:_identify(results/model) by extension 'python_setup_py'
[5.041s] Level 1:colcon.colcon_core.package_identification:_identify(ros2_ws) by extensions ['ignore', 'ignore_ament_install']
[5.042s] Level 1:colcon.colcon_core.package_identification:_identify(ros2_ws) by extension 'ignore'
[5.045s] Level 1:colcon.colcon_core.package_identification:_identify(ros2_ws) by extension 'ignore_ament_install'
[5.046s] Level 1:colcon.colcon_core.package_identification:_identify(ros2_ws) by extensions ['colcon_pkg']
[5.046s] Level 1:colcon.colcon_core.package_identification:_identify(ros2_ws) by extension 'colcon_pkg'
[5.048s] Level 1:colcon.colcon_core.package_identification:_identify(ros2_ws) by extensions ['colcon_meta']
[5.050s] Level 1:colcon.colcon_core.package_identification:_identify(ros2_ws) by extension 'colcon_meta'
[5.050s] Level 1:colcon.colcon_core.package_identification:_identify(ros2_ws) by extensions ['ros']
[5.050s] Level 1:colcon.colcon_core.package_identification:_identify(ros2_ws) by extension 'ros'
[5.058s] Level 1:colcon.colcon_core.package_identification:_identify(ros2_ws) by extensions ['cmake', 'python']
[5.058s] Level 1:colcon.colcon_core.package_identification:_identify(ros2_ws) by extension 'cmake'
[5.059s] Level 1:colcon.colcon_core.package_identification:_identify(ros2_ws) by extension 'python'
[5.060s] Level 1:colcon.colcon_core.package_identification:_identify(ros2_ws) by extensions ['python_setup_py']
[5.061s] Level 1:colcon.colcon_core.package_identification:_identify(ros2_ws) by extension 'python_setup_py'
[5.063s] Level 1:colcon.colcon_core.package_identification:_identify(ros2_ws/build) by extensions ['ignore', 'ignore_ament_install']
[5.064s] Level 1:colcon.colcon_core.package_identification:_identify(ros2_ws/build) by extension 'ignore'
[5.064s] Level 1:colcon.colcon_core.package_identification:_identify(ros2_ws/build) ignored
[5.067s] Level 1:colcon.colcon_core.package_identification:_identify(ros2_ws/install) by extensions ['ignore', 'ignore_ament_install']
[5.067s] Level 1:colcon.colcon_core.package_identification:_identify(ros2_ws/install) by extension 'ignore'
[5.068s] Level 1:colcon.colcon_core.package_identification:_identify(ros2_ws/install) ignored
[5.073s] Level 1:colcon.colcon_core.package_identification:_identify(ros2_ws/log) by extensions ['ignore', 'ignore_ament_install']
[5.074s] Level 1:colcon.colcon_core.package_identification:_identify(ros2_ws/log) by extension 'ignore'
[5.074s] Level 1:colcon.colcon_core.package_identification:_identify(ros2_ws/log) ignored
[5.075s] Level 1:colcon.colcon_core.package_identification:_identify(ros2_ws/src) by extensions ['ignore', 'ignore_ament_install']
[5.075s] Level 1:colcon.colcon_core.package_identification:_identify(ros2_ws/src) by extension 'ignore'
[5.076s] Level 1:colcon.colcon_core.package_identification:_identify(ros2_ws/src) by extension 'ignore_ament_install'
[5.104s] Level 1:colcon.colcon_core.package_identification:_identify(ros2_ws/src) by extensions ['colcon_pkg']
[5.126s] Level 1:colcon.colcon_core.package_identification:_identify(ros2_ws/src) by extension 'colcon_pkg'
[5.129s] Level 1:colcon.colcon_core.package_identification:_identify(ros2_ws/src) by extensions ['colcon_meta']
[5.131s] Level 1:colcon.colcon_core.package_identification:_identify(ros2_ws/src) by extension 'colcon_meta'
[5.131s] Level 1:colcon.colcon_core.package_identification:_identify(ros2_ws/src) by extensions ['ros']
[5.132s] Level 1:colcon.colcon_core.package_identification:_identify(ros2_ws/src) by extension 'ros'
[5.133s] Level 1:colcon.colcon_core.package_identification:_identify(ros2_ws/src) by extensions ['cmake', 'python']
[5.133s] Level 1:colcon.colcon_core.package_identification:_identify(ros2_ws/src) by extension 'cmake'
[5.136s] Level 1:colcon.colcon_core.package_identification:_identify(ros2_ws/src) by extension 'python'
[5.136s] Level 1:colcon.colcon_core.package_identification:_identify(ros2_ws/src) by extensions ['python_setup_py']
[5.139s] Level 1:colcon.colcon_core.package_identification:_identify(ros2_ws/src) by extension 'python_setup_py'
[5.140s] Level 1:colcon.colcon_core.package_identification:_identify(ros2_ws/src/localization) by extensions ['ignore', 'ignore_ament_install']
[5.141s] Level 1:colcon.colcon_core.package_identification:_identify(ros2_ws/src/localization) by extension 'ignore'
[5.141s] Level 1:colcon.colcon_core.package_identification:_identify(ros2_ws/src/localization) by extension 'ignore_ament_install'
[5.142s] Level 1:colcon.colcon_core.package_identification:_identify(ros2_ws/src/localization) by extensions ['colcon_pkg']
[5.143s] Level 1:colcon.colcon_core.package_identification:_identify(ros2_ws/src/localization) by extension 'colcon_pkg'
[5.143s] Level 1:colcon.colcon_core.package_identification:_identify(ros2_ws/src/localization) by extensions ['colcon_meta']
[5.143s] Level 1:colcon.colcon_core.package_identification:_identify(ros2_ws/src/localization) by extension 'colcon_meta'
[5.143s] Level 1:colcon.colcon_core.package_identification:_identify(ros2_ws/src/localization) by extensions ['ros']
[5.144s] Level 1:colcon.colcon_core.package_identification:_identify(ros2_ws/src/localization) by extension 'ros'
[5.243s] DEBUG:colcon.colcon_core.package_identification:Package 'ros2_ws/src/localization' with type 'ros.ament_python' and name 'localization'
[5.245s] Level 1:colcon.colcon_core.package_identification:_identify(ros2_ws/src/pure_pursuit) by extensions ['ignore', 'ignore_ament_install']
[5.245s] Level 1:colcon.colcon_core.package_identification:_identify(ros2_ws/src/pure_pursuit) by extension 'ignore'
[5.246s] Level 1:colcon.colcon_core.package_identification:_identify(ros2_ws/src/pure_pursuit) by extension 'ignore_ament_install'
[5.247s] Level 1:colcon.colcon_core.package_identification:_identify(ros2_ws/src/pure_pursuit) by extensions ['colcon_pkg']
[5.247s] Level 1:colcon.colcon_core.package_identification:_identify(ros2_ws/src/pure_pursuit) by extension 'colcon_pkg'
[5.247s] Level 1:colcon.colcon_core.package_identification:_identify(ros2_ws/src/pure_pursuit) by extensions ['colcon_meta']
[5.248s] Level 1:colcon.colcon_core.package_identification:_identify(ros2_ws/src/pure_pursuit) by extension 'colcon_meta'
[5.248s] Level 1:colcon.colcon_core.package_identification:_identify(ros2_ws/src/pure_pursuit) by extensions ['ros']
[5.248s] Level 1:colcon.colcon_core.package_identification:_identify(ros2_ws/src/pure_pursuit) by extension 'ros'
[5.251s] DEBUG:colcon.colcon_core.package_identification:Package 'ros2_ws/src/pure_pursuit' with type 'ros.ament_python' and name 'pure_pursuit'
[5.279s] Level 1:colcon.colcon_core.package_identification:_identify(ros2_ws/src/robot_sim) by extensions ['ignore', 'ignore_ament_install']
[5.279s] Level 1:colcon.colcon_core.package_identification:_identify(ros2_ws/src/robot_sim) by extension 'ignore'
[5.280s] Level 1:colcon.colcon_core.package_identification:_identify(ros2_ws/src/robot_sim) by extension 'ignore_ament_install'
[5.281s] Level 1:colcon.colcon_core.package_identification:_identify(ros2_ws/src/robot_sim) by extensions ['colcon_pkg']
[5.282s] Level 1:colcon.colcon_core.package_identification:_identify(ros2_ws/src/robot_sim) by extension 'colcon_pkg'
[5.282s] Level 1:colcon.colcon_core.package_identification:_identify(ros2_ws/src/robot_sim) by extensions ['colcon_meta']
[5.284s] Level 1:colcon.colcon_core.package_identification:_identify(ros2_ws/src/robot_sim) by extension 'colcon_meta'
[5.286s] Level 1:colcon.colcon_core.package_identification:_identify(ros2_ws/src/robot_sim) by extensions ['ros']
[5.286s] Level 1:colcon.colcon_core.package_identification:_identify(ros2_ws/src/robot_sim) by extension 'ros'
[5.290s] DEBUG:colcon.colcon_core.package_identification:Package 'ros2_ws/src/robot_sim' with type 'ros.ament_python' and name 'robot_sim'
[5.291s] Level 1:colcon.colcon_core.package_identification:_identify(videos) by extensions ['ignore', 'ignore_ament_install']
[5.292s] Level 1:colcon.colcon_core.package_identification:_identify(videos) by extension 'ignore'
[5.292s] Level 1:colcon.colcon_core.package_identification:_identify(videos) by extension 'ignore_ament_install'
[5.293s] Level 1:colcon.colcon_core.package_identification:_identify(videos) by extensions ['colcon_pkg']
[5.293s] Level 1:colcon.colcon_core.package_identification:_identify(videos) by extension 'colcon_pkg'
[5.294s] Level 1:colcon.colcon_core.package_identification:_identify(videos) by extensions ['colcon_meta']
[5.294s] Level 1:colcon.colcon_core.package_identification:_identify(videos) by extension 'colcon_meta'
[5.294s] Level 1:colcon.colcon_core.package_identification:_identify(videos) by extensions ['ros']
[5.294s] Level 1:colcon.colcon_core.package_identification:_identify(videos) by extension 'ros'
[5.297s] Level 1:colcon.colcon_core.package_identification:_identify(videos) by extensions ['cmake', 'python']
[5.298s] Level 1:colcon.colcon_core.package_identification:_identify(videos) by extension 'cmake'
[5.298s] Level 1:colcon.colcon_core.package_identification:_identify(videos) by extension 'python'
[5.305s] Level 1:colcon.colcon_core.package_identification:_identify(videos) by extensions ['python_setup_py']
[5.305s] Level 1:colcon.colcon_core.package_identification:_identify(videos) by extension 'python_setup_py'
[5.306s] Level 1:colcon.colcon_core.package_discovery:discover_packages(recursive) using defaults
[5.306s] Level 1:colcon.colcon_core.package_discovery:discover_packages(ignore) discover
[5.306s] Level 1:colcon.colcon_core.package_discovery:discover_packages(ignore) using defaults
[5.324s] Level 1:colcon.colcon_core.package_discovery:discover_packages(path) discover
[5.325s] Level 1:colcon.colcon_core.package_discovery:discover_packages(path) using defaults
[5.498s] Level 5:colcon.colcon_core.verb:set package 'localization' build argument 'cmake_args' from command line to 'None'
[5.500s] Level 5:colcon.colcon_core.verb:set package 'localization' build argument 'cmake_target' from command line to 'None'
[5.500s] Level 5:colcon.colcon_core.verb:set package 'localization' build argument 'cmake_target_skip_unavailable' from command line to 'False'
[5.504s] Level 5:colcon.colcon_core.verb:set package 'localization' build argument 'cmake_clean_cache' from command line to 'False'
[5.504s] Level 5:colcon.colcon_core.verb:set package 'localization' build argument 'cmake_clean_first' from command line to 'False'
[5.504s] Level 5:colcon.colcon_core.verb:set package 'localization' build argument 'cmake_force_configure' from command line to 'False'
[5.504s] Level 5:colcon.colcon_core.verb:set package 'localization' build argument 'ament_cmake_args' from command line to 'None'
[5.505s] Level 5:colcon.colcon_core.verb:set package 'localization' build argument 'catkin_cmake_args' from command line to 'None'
[5.506s] Level 5:colcon.colcon_core.verb:set package 'localization' build argument 'catkin_skip_building_tests' from command line to 'False'
[5.508s] DEBUG:colcon.colcon_core.verb:Building package 'localization' with the following arguments: {'ament_cmake_args': None, 'build_base': '/workspace/build/localization', 'catkin_cmake_args': None, 'catkin_skip_building_tests': False, 'cmake_args': None, 'cmake_clean_cache': False, 'cmake_clean_first': False, 'cmake_force_configure': False, 'cmake_target': None, 'cmake_target_skip_unavailable': False, 'install_base': '/workspace/install/localization', 'merge_install': False, 'path': '/workspace/ros2_ws/src/localization', 'symlink_install': True, 'test_result_base': None}
[5.512s] Level 5:colcon.colcon_core.verb:set package 'pure_pursuit' build argument 'cmake_args' from command line to 'None'
[5.512s] Level 5:colcon.colcon_core.verb:set package 'pure_pursuit' build argument 'cmake_target' from command line to 'None'
[5.512s] Level 5:colcon.colcon_core.verb:set package 'pure_pursuit' build argument 'cmake_target_skip_unavailable' from command line to 'False'
[5.512s] Level 5:colcon.colcon_core.verb:set package 'pure_pursuit' build argument 'cmake_clean_cache' from command line to 'False'
[5.513s] Level 5:colcon.colcon_core.verb:set package 'pure_pursuit' build argument 'cmake_clean_first' from command line to 'False'
[5.513s] Level 5:colcon.colcon_core.verb:set package 'pure_pursuit' build argument 'cmake_force_configure' from command line to 'False'
[5.513s] Level 5:colcon.colcon_core.verb:set package 'pure_pursuit' build argument 'ament_cmake_args' from command line to 'None'
[5.517s] Level 5:colcon.colcon_core.verb:set package 'pure_pursuit' build argument 'catkin_cmake_args' from command line to 'None'
[5.518s] Level 5:colcon.colcon_core.verb:set package 'pure_pursuit' build argument 'catkin_skip_building_tests' from command line to 'False'
[5.518s] DEBUG:colcon.colcon_core.verb:Building package 'pure_pursuit' with the following arguments: {'ament_cmake_args': None, 'build_base': '/workspace/build/pure_pursuit', 'catkin_cmake_args': None, 'catkin_skip_building_tests': False, 'cmake_args': None, 'cmake_clean_cache': False, 'cmake_clean_first': False, 'cmake_force_configure': False, 'cmake_target': None, 'cmake_target_skip_unavailable': False, 'install_base': '/workspace/install/pure_pursuit', 'merge_install': False, 'path': '/workspace/ros2_ws/src/pure_pursuit', 'symlink_install': True, 'test_result_base': None}
[5.519s] Level 5:colcon.colcon_core.verb:set package 'robot_sim' build argument 'cmake_args' from command line to 'None'
[5.524s] Level 5:colcon.colcon_core.verb:set package 'robot_sim' build argument 'cmake_target' from command line to 'None'
[5.525s] Level 5:colcon.colcon_core.verb:set package 'robot_sim' build argument 'cmake_target_skip_unavailable' from command line to 'False'
[5.525s] Level 5:colcon.colcon_core.verb:set package 'robot_sim' build argument 'cmake_clean_cache' from command line to 'False'
[5.525s] Level 5:colcon.colcon_core.verb:set package 'robot_sim' build argument 'cmake_clean_first' from command line to 'False'
[5.525s] Level 5:colcon.colcon_core.verb:set package 'robot_sim' build argument 'cmake_force_configure' from command line to 'False'
[5.525s] Level 5:colcon.colcon_core.verb:set package 'robot_sim' build argument 'ament_cmake_args' from command line to 'None'
[5.526s] Level 5:colcon.colcon_core.verb:set package 'robot_sim' build argument 'catkin_cmake_args' from command line to 'None'
[5.526s] Level 5:colcon.colcon_core.verb:set package 'robot_sim' build argument 'catkin_skip_building_tests' from command line to 'False'
[5.526s] DEBUG:colcon.colcon_core.verb:Building package 'robot_sim' with the following arguments: {'ament_cmake_args': None, 'build_base': '/workspace/build/robot_sim', 'catkin_cmake_args': None, 'catkin_skip_building_tests': False, 'cmake_args': None, 'cmake_clean_cache': False, 'cmake_clean_first': False, 'cmake_force_configure': False, 'cmake_target': None, 'cmake_target_skip_unavailable': False, 'install_base': '/workspace/install/robot_sim', 'merge_install': False, 'path': '/workspace/ros2_ws/src/robot_sim', 'symlink_install': True, 'test_result_base': None}
[5.527s] INFO:colcon.colcon_core.executor:Executing jobs using 'parallel' executor
[5.533s] DEBUG:colcon.colcon_parallel_executor.executor.parallel:run_until_complete
[5.537s] INFO:colcon.colcon_ros.task.ament_python.build:Building ROS package in '/workspace/ros2_ws/src/localization' with build type 'ament_python'
[5.540s] Level 1:colcon.colcon_core.shell:create_environment_hook('localization', 'ament_prefix_path')
[5.563s] INFO:colcon.colcon_core.plugin_system:Skipping extension 'colcon_core.shell.bat': Not used on non-Windows systems
[5.569s] INFO:colcon.colcon_core.shell:Creating environment hook '/workspace/install/localization/share/localization/hook/ament_prefix_path.ps1'
[5.580s] INFO:colcon.colcon_core.shell:Creating environment descriptor '/workspace/install/localization/share/localization/hook/ament_prefix_path.dsv'
[5.583s] INFO:colcon.colcon_core.shell:Creating environment hook '/workspace/install/localization/share/localization/hook/ament_prefix_path.sh'
[5.627s] INFO:colcon.colcon_core.shell:Skip shell extension 'powershell' for command environment: Not usable outside of PowerShell
[5.628s] DEBUG:colcon.colcon_core.shell:Skip shell extension 'dsv' for command environment
[5.663s] WARNING:colcon.colcon_ros.prefix_path.ament:The path '/workspace/install/launch' in the environment variable AMENT_PREFIX_PATH doesn't exist
[5.742s] INFO:colcon.colcon_ros.task.ament_python.build:Building ROS package in '/workspace/ros2_ws/src/pure_pursuit' with build type 'ament_python'
[5.743s] Level 1:colcon.colcon_core.shell:create_environment_hook('pure_pursuit', 'ament_prefix_path')
[5.759s] INFO:colcon.colcon_core.shell:Creating environment hook '/workspace/install/pure_pursuit/share/pure_pursuit/hook/ament_prefix_path.ps1'
[5.766s] INFO:colcon.colcon_core.shell:Creating environment descriptor '/workspace/install/pure_pursuit/share/pure_pursuit/hook/ament_prefix_path.dsv'
[5.786s] INFO:colcon.colcon_core.shell:Creating environment hook '/workspace/install/pure_pursuit/share/pure_pursuit/hook/ament_prefix_path.sh'
[5.794s] INFO:colcon.colcon_core.shell:Skip shell extension 'powershell' for command environment: Not usable outside of PowerShell
[5.798s] DEBUG:colcon.colcon_core.shell:Skip shell extension 'dsv' for command environment
[5.863s] INFO:colcon.colcon_ros.task.ament_python.build:Building ROS package in '/workspace/ros2_ws/src/robot_sim' with build type 'ament_python'
[5.874s] Level 1:colcon.colcon_core.shell:create_environment_hook('robot_sim', 'ament_prefix_path')
[5.875s] INFO:colcon.colcon_core.shell:Creating environment hook '/workspace/install/robot_sim/share/robot_sim/hook/ament_prefix_path.ps1'
[5.881s] INFO:colcon.colcon_core.shell:Creating environment descriptor '/workspace/install/robot_sim/share/robot_sim/hook/ament_prefix_path.dsv'
[5.885s] INFO:colcon.colcon_core.shell:Creating environment hook '/workspace/install/robot_sim/share/robot_sim/hook/ament_prefix_path.sh'
[5.918s] INFO:colcon.colcon_core.shell:Skip shell extension 'powershell' for command environment: Not usable outside of PowerShell
[5.920s] DEBUG:colcon.colcon_core.shell:Skip shell extension 'dsv' for command environment
[8.889s] INFO:colcon.colcon_core.task.python.build:Building Python package in '/workspace/ros2_ws/src/localization'
[8.891s] INFO:colcon.colcon_core.shell:Skip shell extension 'powershell' for command environment: Not usable outside of PowerShell
[8.892s] DEBUG:colcon.colcon_core.shell:Skip shell extension 'dsv' for command environment
[10.798s] INFO:colcon.colcon_core.task.python.build:Building Python package in '/workspace/ros2_ws/src/pure_pursuit'
[10.799s] INFO:colcon.colcon_core.shell:Skip shell extension 'powershell' for command environment: Not usable outside of PowerShell
[10.799s] DEBUG:colcon.colcon_core.shell:Skip shell extension 'dsv' for command environment
[12.834s] INFO:colcon.colcon_core.task.python.build:Building Python package in '/workspace/ros2_ws/src/robot_sim'
[12.834s] INFO:colcon.colcon_core.shell:Skip shell extension 'powershell' for command environment: Not usable outside of PowerShell
[12.835s] DEBUG:colcon.colcon_core.shell:Skip shell extension 'dsv' for command environment
[16.307s] DEBUG:colcon.colcon_core.task.python.build:Available setuptools commands: easy_install, bdist_egg, install_scripts, build_ext, install, bdist_rpm, dist_info, bdist, build_clib, clean, install_data, register, egg_info, install_headers, alias, install_lib, symlink_data, upload, build_py, build, rotate, build_scripts, setopt, install_egg_info, upload_docs, saveopts, test, develop, sdist, bdist_dumb, bdist_wheel, check
[16.443s] DEBUG:colcon.colcon_core.task.python.build:Available setuptools commands: easy_install, bdist_egg, install_scripts, build_ext, install, bdist_rpm, dist_info, bdist, build_clib, clean, install_data, register, egg_info, install_headers, alias, install_lib, symlink_data, upload, build_py, build, rotate, build_scripts, setopt, install_egg_info, upload_docs, saveopts, test, develop, sdist, bdist_dumb, bdist_wheel, check
[16.993s] DEBUG:colcon.colcon_core.task.python.build:Available setuptools commands: easy_install, bdist_egg, install_scripts, build_ext, install, bdist_rpm, dist_info, bdist, build_clib, clean, install_data, register, egg_info, install_headers, alias, install_lib, symlink_data, upload, build_py, build, rotate, build_scripts, setopt, install_egg_info, upload_docs, saveopts, test, develop, sdist, bdist_dumb, bdist_wheel, check
[19.169s] DEBUG:colcon.colcon_core.task.python.build:Available setuptools 'develop' options: --install-layout, --local-snapshots-ok, --help, --egg-path, --always-copy, --allow-hosts, --optimize, --user, --upgrade, --no-deps, --index-url, --always-unzip, --editable, --prefix, --force-installation-into-system-dir, --multi-version, --no-find-links, --zip-ok, --install-dir, --verbose, --quiet, --dry-run, --no-user-cfg, --version, --script-dir, --find-links, --record, --build-directory, --exclude-scripts, --uninstall, --site-dirs
[19.187s] DEBUG:colcon.colcon_core.task.python.build:While undoing a previous installation files outside the Python library path are being ignored: /workspace/install/robot_sim/share/ament_index/resource_index/packages/robot_sim
[19.188s] DEBUG:colcon.colcon_core.task.python.build:While undoing a previous installation files outside the Python library path are being ignored: /workspace/install/robot_sim/share/robot_sim/package.xml
[19.206s] DEBUG:colcon.colcon_core.task.python.build:While undoing a previous installation files outside the Python library path are being ignored: /workspace/install/robot_sim/lib/robot_sim/simulator
[19.338s] DEBUG:colcon.colcon_core.event_handler.log_command:Invoking command in '/workspace/build/robot_sim': PYTHONPATH=/workspace/build/robot_sim/prefix_override:/usr/lib/python3/dist-packages/colcon_core/task/python/colcon_distutils_commands:/workspace/install/robot_sim/lib/python3.10/site-packages:${PYTHONPATH} /usr/bin/python3 -W ignore:setup.py install is deprecated -W ignore:easy_install command is deprecated setup.py develop --editable --build-directory /workspace/build/robot_sim/build --no-deps symlink_data --force
[19.500s] DEBUG:colcon.colcon_core.task.python.build:Available setuptools 'develop' options: --install-layout, --local-snapshots-ok, --help, --egg-path, --always-copy, --allow-hosts, --optimize, --user, --upgrade, --no-deps, --index-url, --always-unzip, --editable, --prefix, --force-installation-into-system-dir, --multi-version, --no-find-links, --zip-ok, --install-dir, --verbose, --quiet, --dry-run, --no-user-cfg, --version, --script-dir, --find-links, --record, --build-directory, --exclude-scripts, --uninstall, --site-dirs
[19.585s] DEBUG:colcon.colcon_core.task.python.build:While undoing a previous installation files outside the Python library path are being ignored: /workspace/install/pure_pursuit/share/ament_index/resource_index/packages/pure_pursuit
[19.586s] DEBUG:colcon.colcon_core.task.python.build:While undoing a previous installation files outside the Python library path are being ignored: /workspace/install/pure_pursuit/share/pure_pursuit/package.xml
[19.606s] DEBUG:colcon.colcon_core.task.python.build:While undoing a previous installation files outside the Python library path are being ignored: /workspace/install/pure_pursuit/lib/pure_pursuit/pure_pursuit_node
[19.741s] DEBUG:colcon.colcon_core.event_handler.log_command:Invoking command in '/workspace/build/pure_pursuit': PYTHONPATH=/workspace/build/pure_pursuit/prefix_override:/usr/lib/python3/dist-packages/colcon_core/task/python/colcon_distutils_commands:/workspace/install/pure_pursuit/lib/python3.10/site-packages:${PYTHONPATH} /usr/bin/python3 -W ignore:setup.py install is deprecated -W ignore:easy_install command is deprecated setup.py develop --editable --build-directory /workspace/build/pure_pursuit/build --no-deps symlink_data --force
[19.971s] DEBUG:colcon.colcon_core.task.python.build:Available setuptools 'develop' options: --install-layout, --local-snapshots-ok, --help, --egg-path, --always-copy, --allow-hosts, --optimize, --user, --upgrade, --no-deps, --index-url, --always-unzip, --editable, --prefix, --force-installation-into-system-dir, --multi-version, --no-find-links, --zip-ok, --install-dir, --verbose, --quiet, --dry-run, --no-user-cfg, --version, --script-dir, --find-links, --record, --build-directory, --exclude-scripts, --uninstall, --site-dirs
[20.082s] DEBUG:colcon.colcon_core.task.python.build:While undoing a previous installation files outside the Python library path are being ignored: /workspace/install/localization/share/ament_index/resource_index/packages/localization
[20.088s] DEBUG:colcon.colcon_core.task.python.build:While undoing a previous installation files outside the Python library path are being ignored: /workspace/install/localization/share/localization/package.xml
[20.088s] DEBUG:colcon.colcon_core.task.python.build:While undoing a previous installation files outside the Python library path are being ignored: /workspace/install/localization/share/localization/launch/localization_bringup.launch.py
[20.159s] DEBUG:colcon.colcon_core.task.python.build:While undoing a previous installation files outside the Python library path are being ignored: /workspace/install/localization/lib/localization/apriltag_node
[20.161s] DEBUG:colcon.colcon_core.task.python.build:While undoing a previous installation files outside the Python library path are being ignored: /workspace/install/localization/lib/localization/localization_node
[20.331s] DEBUG:colcon.colcon_core.event_handler.log_command:Invoking command in '/workspace/build/localization': PYTHONPATH=/workspace/build/localization/prefix_override:/usr/lib/python3/dist-packages/colcon_core/task/python/colcon_distutils_commands:/workspace/install/localization/lib/python3.10/site-packages:${PYTHONPATH} /usr/bin/python3 -W ignore:setup.py install is deprecated -W ignore:easy_install command is deprecated setup.py develop --editable --build-directory /workspace/build/localization/build --no-deps symlink_data --force
[23.502s] Level 1:colcon.colcon_core.shell:create_environment_hook('robot_sim', 'pythonpath_develop')
[23.503s] INFO:colcon.colcon_core.shell:Creating environment hook '/workspace/build/robot_sim/share/robot_sim/hook/pythonpath_develop.ps1'
[23.517s] INFO:colcon.colcon_core.shell:Creating environment descriptor '/workspace/build/robot_sim/share/robot_sim/hook/pythonpath_develop.dsv'
[23.522s] DEBUG:colcon.colcon_core.event_handler.log_command:Invoked command in '/workspace/build/robot_sim' returned '0': PYTHONPATH=/workspace/build/robot_sim/prefix_override:/usr/lib/python3/dist-packages/colcon_core/task/python/colcon_distutils_commands:/workspace/install/robot_sim/lib/python3.10/site-packages:${PYTHONPATH} /usr/bin/python3 -W ignore:setup.py install is deprecated -W ignore:easy_install command is deprecated setup.py develop --editable --build-directory /workspace/build/robot_sim/build --no-deps symlink_data --force
[23.524s] INFO:colcon.colcon_core.shell:Creating environment hook '/workspace/build/robot_sim/share/robot_sim/hook/pythonpath_develop.sh'
[23.610s] Level 1:colcon.colcon_core.environment:checking '/workspace/install/robot_sim' for CMake module files
[23.698s] Level 1:colcon.colcon_core.environment:checking '/workspace/install/robot_sim' for CMake config files
[23.791s] Level 1:colcon.colcon_core.environment:checking '/workspace/install/robot_sim/lib'
[23.795s] Level 1:colcon.colcon_core.environment:checking '/workspace/install/robot_sim/bin'
[23.796s] Level 1:colcon.colcon_core.environment:checking '/workspace/install/robot_sim/lib/pkgconfig/robot_sim.pc'
[23.800s] Level 1:colcon.colcon_core.environment:checking '/workspace/install/robot_sim/lib/python3.10/site-packages'
[23.801s] Level 1:colcon.colcon_core.shell:create_environment_hook('robot_sim', 'pythonpath')
[23.809s] INFO:colcon.colcon_core.shell:Creating environment hook '/workspace/install/robot_sim/share/robot_sim/hook/pythonpath.ps1'
[23.857s] INFO:colcon.colcon_core.shell:Creating environment descriptor '/workspace/install/robot_sim/share/robot_sim/hook/pythonpath.dsv'
[23.863s] INFO:colcon.colcon_core.shell:Creating environment hook '/workspace/install/robot_sim/share/robot_sim/hook/pythonpath.sh'
[23.869s] Level 1:colcon.colcon_core.environment:checking '/workspace/install/robot_sim/bin'
[23.870s] Level 1:colcon.colcon_core.environment:create_environment_scripts_only(robot_sim)
[23.872s] INFO:colcon.colcon_core.shell:Creating package script '/workspace/install/robot_sim/share/robot_sim/package.ps1'
[23.890s] INFO:colcon.colcon_core.shell:Creating package descriptor '/workspace/install/robot_sim/share/robot_sim/package.dsv'
[23.912s] INFO:colcon.colcon_core.shell:Creating package script '/workspace/install/robot_sim/share/robot_sim/package.sh'
[23.925s] INFO:colcon.colcon_core.shell:Creating package script '/workspace/install/robot_sim/share/robot_sim/package.bash'
[24.053s] INFO:colcon.colcon_core.shell:Creating package script '/workspace/install/robot_sim/share/robot_sim/package.zsh'
[24.061s] Level 1:colcon.colcon_core.environment:create_file_with_runtime_dependencies(/workspace/install/robot_sim/share/colcon-core/packages/robot_sim)
[24.070s] Level 1:colcon.colcon_core.shell:create_environment_hook('pure_pursuit', 'pythonpath_develop')
[24.086s] INFO:colcon.colcon_core.shell:Creating environment hook '/workspace/build/pure_pursuit/share/pure_pursuit/hook/pythonpath_develop.ps1'
[24.155s] INFO:colcon.colcon_core.shell:Creating environment descriptor '/workspace/build/pure_pursuit/share/pure_pursuit/hook/pythonpath_develop.dsv'
[24.156s] DEBUG:colcon.colcon_core.event_handler.log_command:Invoked command in '/workspace/build/pure_pursuit' returned '0': PYTHONPATH=/workspace/build/pure_pursuit/prefix_override:/usr/lib/python3/dist-packages/colcon_core/task/python/colcon_distutils_commands:/workspace/install/pure_pursuit/lib/python3.10/site-packages:${PYTHONPATH} /usr/bin/python3 -W ignore:setup.py install is deprecated -W ignore:easy_install command is deprecated setup.py develop --editable --build-directory /workspace/build/pure_pursuit/build --no-deps symlink_data --force
[24.165s] INFO:colcon.colcon_core.shell:Creating environment hook '/workspace/build/pure_pursuit/share/pure_pursuit/hook/pythonpath_develop.sh'
[24.169s] Level 1:colcon.colcon_core.environment:checking '/workspace/install/pure_pursuit' for CMake module files
[24.179s] Level 1:colcon.colcon_core.environment:checking '/workspace/install/pure_pursuit' for CMake config files
[24.235s] Level 1:colcon.colcon_core.environment:checking '/workspace/install/pure_pursuit/lib'
[24.237s] Level 1:colcon.colcon_core.environment:checking '/workspace/install/pure_pursuit/bin'
[24.267s] Level 1:colcon.colcon_core.environment:checking '/workspace/install/pure_pursuit/lib/pkgconfig/pure_pursuit.pc'
[24.270s] Level 1:colcon.colcon_core.environment:checking '/workspace/install/pure_pursuit/lib/python3.10/site-packages'
[24.278s] Level 1:colcon.colcon_core.shell:create_environment_hook('pure_pursuit', 'pythonpath')
[24.278s] INFO:colcon.colcon_core.shell:Creating environment hook '/workspace/install/pure_pursuit/share/pure_pursuit/hook/pythonpath.ps1'
[24.290s] INFO:colcon.colcon_core.shell:Creating environment descriptor '/workspace/install/pure_pursuit/share/pure_pursuit/hook/pythonpath.dsv'
[24.312s] INFO:colcon.colcon_core.shell:Creating environment hook '/workspace/install/pure_pursuit/share/pure_pursuit/hook/pythonpath.sh'
[24.324s] Level 1:colcon.colcon_core.environment:checking '/workspace/install/pure_pursuit/bin'
[24.325s] Level 1:colcon.colcon_core.environment:create_environment_scripts_only(pure_pursuit)
[24.344s] INFO:colcon.colcon_core.shell:Creating package script '/workspace/install/pure_pursuit/share/pure_pursuit/package.ps1'
[24.380s] INFO:colcon.colcon_core.shell:Creating package descriptor '/workspace/install/pure_pursuit/share/pure_pursuit/package.dsv'
[24.389s] INFO:colcon.colcon_core.shell:Creating package script '/workspace/install/pure_pursuit/share/pure_pursuit/package.sh'
[24.398s] INFO:colcon.colcon_core.shell:Creating package script '/workspace/install/pure_pursuit/share/pure_pursuit/package.bash'
[24.400s] INFO:colcon.colcon_core.shell:Creating package script '/workspace/install/pure_pursuit/share/pure_pursuit/package.zsh'
[24.416s] Level 1:colcon.colcon_core.environment:create_file_with_runtime_dependencies(/workspace/install/pure_pursuit/share/colcon-core/packages/pure_pursuit)
[24.431s] Level 1:colcon.colcon_core.shell:create_environment_hook('localization', 'pythonpath_develop')
[24.438s] INFO:colcon.colcon_core.shell:Creating environment hook '/workspace/build/localization/share/localization/hook/pythonpath_develop.ps1'
[24.451s] DEBUG:colcon.colcon_core.event_handler.log_command:Invoked command in '/workspace/build/localization' returned '0': PYTHONPATH=/workspace/build/localization/prefix_override:/usr/lib/python3/dist-packages/colcon_core/task/python/colcon_distutils_commands:/workspace/install/localization/lib/python3.10/site-packages:${PYTHONPATH} /usr/bin/python3 -W ignore:setup.py install is deprecated -W ignore:easy_install command is deprecated setup.py develop --editable --build-directory /workspace/build/localization/build --no-deps symlink_data --force
[24.455s] INFO:colcon.colcon_core.shell:Creating environment descriptor '/workspace/build/localization/share/localization/hook/pythonpath_develop.dsv'
[24.460s] INFO:colcon.colcon_core.shell:Creating environment hook '/workspace/build/localization/share/localization/hook/pythonpath_develop.sh'
[24.478s] Level 1:colcon.colcon_core.environment:checking '/workspace/install/localization' for CMake module files
[24.500s] Level 1:colcon.colcon_core.environment:checking '/workspace/install/localization' for CMake config files
[24.622s] Level 1:colcon.colcon_core.environment:checking '/workspace/install/localization/lib'
[24.630s] Level 1:colcon.colcon_core.environment:checking '/workspace/install/localization/bin'
[24.631s] Level 1:colcon.colcon_core.environment:checking '/workspace/install/localization/lib/pkgconfig/localization.pc'
[24.632s] Level 1:colcon.colcon_core.environment:checking '/workspace/install/localization/lib/python3.10/site-packages'
[24.632s] Level 1:colcon.colcon_core.shell:create_environment_hook('localization', 'pythonpath')
[24.633s] INFO:colcon.colcon_core.shell:Creating environment hook '/workspace/install/localization/share/localization/hook/pythonpath.ps1'
[24.646s] INFO:colcon.colcon_core.shell:Creating environment descriptor '/workspace/install/localization/share/localization/hook/pythonpath.dsv'
[24.650s] INFO:colcon.colcon_core.shell:Creating environment hook '/workspace/install/localization/share/localization/hook/pythonpath.sh'
[24.672s] Level 1:colcon.colcon_core.environment:checking '/workspace/install/localization/bin'
[24.675s] Level 1:colcon.colcon_core.environment:create_environment_scripts_only(localization)
[24.676s] INFO:colcon.colcon_core.shell:Creating package script '/workspace/install/localization/share/localization/package.ps1'
[24.712s] INFO:colcon.colcon_core.shell:Creating package descriptor '/workspace/install/localization/share/localization/package.dsv'
[24.716s] INFO:colcon.colcon_core.shell:Creating package script '/workspace/install/localization/share/localization/package.sh'
[24.718s] INFO:colcon.colcon_core.shell:Creating package script '/workspace/install/localization/share/localization/package.bash'
[24.723s] INFO:colcon.colcon_core.shell:Creating package script '/workspace/install/localization/share/localization/package.zsh'
[24.736s] Level 1:colcon.colcon_core.environment:create_file_with_runtime_dependencies(/workspace/install/localization/share/colcon-core/packages/localization)
[24.741s] DEBUG:colcon.colcon_parallel_executor.executor.parallel:closing loop
[24.742s] DEBUG:colcon.colcon_parallel_executor.executor.parallel:loop closed
[24.748s] DEBUG:colcon.colcon_parallel_executor.executor.parallel:run_until_complete finished with '0'
[24.748s] DEBUG:colcon.colcon_core.event_reactor:joining thread
[24.807s] INFO:colcon.colcon_core.plugin_system:Skipping extension 'colcon_notification.desktop_notification.notify_send': Could not find 'notify-send'
[24.808s] INFO:colcon.colcon_core.plugin_system:Skipping extension 'colcon_notification.desktop_notification.terminal_notifier': Not used on non-Darwin systems
[24.809s] INFO:colcon.colcon_core.plugin_system:Skipping extension 'colcon_notification.desktop_notification.win32': Not used on non-Windows systems
[24.809s] INFO:colcon.colcon_notification.desktop_notification:Sending desktop notification using 'notify2'
[24.810s] DEBUG:colcon.colcon_notification.desktop_notification.notify2:Failed to initialize notify2: org.freedesktop.DBus.Error.NotSupported: Unable to autolaunch a dbus-daemon without a $DISPLAY for X11
[24.830s] DEBUG:colcon.colcon_core.event_reactor:joined thread
[24.836s] INFO:colcon.colcon_core.shell:Creating prefix script '/workspace/install/local_setup.ps1'
[24.840s] INFO:colcon.colcon_core.shell:Creating prefix util module '/workspace/install/_local_setup_util_ps1.py'
[24.865s] INFO:colcon.colcon_core.shell:Creating prefix chain script '/workspace/install/setup.ps1'
[24.884s] INFO:colcon.colcon_core.shell:Creating prefix script '/workspace/install/local_setup.sh'
[24.893s] INFO:colcon.colcon_core.shell:Creating prefix util module '/workspace/install/_local_setup_util_sh.py'
[24.898s] INFO:colcon.colcon_core.shell:Creating prefix chain script '/workspace/install/setup.sh'
[24.919s] INFO:colcon.colcon_core.shell:Creating prefix script '/workspace/install/local_setup.bash'
[24.930s] INFO:colcon.colcon_core.shell:Creating prefix chain script '/workspace/install/setup.bash'
[25.021s] INFO:colcon.colcon_core.shell:Creating prefix script '/workspace/install/local_setup.zsh'
[25.025s] INFO:colcon.colcon_core.shell:Creating prefix chain script '/workspace/install/setup.zsh'
