[1.003s] DEBUG:colcon:Command line arguments: ['/usr/bin/colcon', 'build', '--symlink-install']
[1.004s] DEBUG:colcon:Parsed command line arguments: Namespace(log_base=None, log_level=None, verb_name='build', build_base='build', install_base='install', merge_install=False, symlink_install=True, test_result_base=None, continue_on_error=False, executor='parallel', parallel_workers=8, event_handlers=None, ignore_user_meta=False, metas=['./colcon.meta'], base_paths=['.'], packages_ignore=None, packages_ignore_regex=None, paths=None, packages_up_to=None, packages_up_to_regex=None, packages_above=None, packages_above_and_dependencies=None, packages_above_depth=None, packages_select_by_dep=None, packages_skip_by_dep=None, packages_skip_up_to=None, packages_select_build_failed=False, packages_skip_build_finished=False, packages_select_test_failures=False, packages_skip_test_passed=False, packages_select=None, packages_skip=None, packages_select_regex=None, packages_skip_regex=None, packages_start=None, packages_end=None, cmake_args=None, cmake_target=None, cmake_target_skip_unavailable=False, cmake_clean_cache=False, cmake_clean_first=False, cmake_force_configure=False, ament_cmake_args=None, catkin_cmake_args=None, catkin_skip_building_tests=False, mixin_files=None, mixin=None, verb_parser=<colcon_mixin.mixin.mixin_argument.MixinArgumentDecorator object at 0x7f56b2538d60>, verb_extension=<colcon_core.verb.build.BuildVerb object at 0x7f56b2641f90>, main=<bound method BuildVerb.main of <colcon_core.verb.build.BuildVerb object at 0x7f56b2641f90>>, mixin_verb=('build',))
[2.161s] Level 1:colcon.colcon_core.package_discovery:discover_packages(colcon_meta) check parameters
[2.166s] INFO:colcon.colcon_metadata.package_discovery.colcon_meta:Using configuration from '/root/.colcon/metadata/default/Gazebo.meta'
[2.171s] INFO:colcon.colcon_metadata.package_discovery.colcon_meta:Using configuration from '/root/.colcon/metadata/default/fastdds.meta'
[2.173s] INFO:colcon.colcon_metadata.package_discovery.colcon_meta:Using configuration from '/root/.colcon/metadata/default/fastrtps.meta'
[2.182s] Level 1:colcon.colcon_core.package_discovery:discover_packages(recursive) check parameters
[2.186s] Level 1:colcon.colcon_core.package_discovery:discover_packages(ignore) check parameters
[2.187s] Level 1:colcon.colcon_core.package_discovery:discover_packages(path) check parameters
[2.187s] Level 1:colcon.colcon_core.package_discovery:discover_packages(colcon_meta) discover
[2.187s] Level 1:colcon.colcon_core.package_discovery:discover_packages(recursive) discover
[2.188s] INFO:colcon.colcon_core.package_discovery:Crawling recursively for packages in '/workspace'
[2.190s] Level 1:colcon.colcon_core.package_identification:_identify(.) by extensions ['ignore', 'ignore_ament_install']
[2.191s] Level 1:colcon.colcon_core.package_identification:_identify(.) by extension 'ignore'
[2.192s] Level 1:colcon.colcon_core.package_identification:_identify(.) by extension 'ignore_ament_install'
[2.205s] Level 1:colcon.colcon_core.package_identification:_identify(.) by extensions ['colcon_pkg']
[2.206s] Level 1:colcon.colcon_core.package_identification:_identify(.) by extension 'colcon_pkg'
[2.207s] Level 1:colcon.colcon_core.package_identification:_identify(.) by extensions ['colcon_meta']
[2.208s] Level 1:colcon.colcon_core.package_identification:_identify(.) by extension 'colcon_meta'
[2.208s] Level 1:colcon.colcon_core.package_identification:_identify(.) by extensions ['ros']
[2.208s] Level 1:colcon.colcon_core.package_identification:_identify(.) by extension 'ros'
[2.457s] Level 1:colcon.colcon_core.package_identification:_identify(.) by extensions ['cmake', 'python']
[2.478s] Level 1:colcon.colcon_core.package_identification:_identify(.) by extension 'cmake'
[2.481s] Level 1:colcon.colcon_core.package_identification:_identify(.) by extension 'python'
[2.486s] Level 1:colcon.colcon_core.package_identification:_identify(.) by extensions ['python_setup_py']
[2.488s] Level 1:colcon.colcon_core.package_identification:_identify(.) by extension 'python_setup_py'
[2.501s] Level 1:colcon.colcon_core.package_identification:_identify(__pycache__) by extensions ['ignore', 'ignore_ament_install']
[2.524s] Level 1:colcon.colcon_core.package_identification:_identify(__pycache__) by extension 'ignore'
[2.528s] Level 1:colcon.colcon_core.package_identification:_identify(__pycache__) by extension 'ignore_ament_install'
[2.566s] Level 1:colcon.colcon_core.package_identification:_identify(__pycache__) by extensions ['colcon_pkg']
[2.573s] Level 1:colcon.colcon_core.package_identification:_identify(__pycache__) by extension 'colcon_pkg'
[2.622s] Level 1:colcon.colcon_core.package_identification:_identify(__pycache__) by extensions ['colcon_meta']
[2.624s] Level 1:colcon.colcon_core.package_identification:_identify(__pycache__) by extension 'colcon_meta'
[2.626s] Level 1:colcon.colcon_core.package_identification:_identify(__pycache__) by extensions ['ros']
[2.627s] Level 1:colcon.colcon_core.package_identification:_identify(__pycache__) by extension 'ros'
[2.636s] Level 1:colcon.colcon_core.package_identification:_identify(__pycache__) by extensions ['cmake', 'python']
[2.637s] Level 1:colcon.colcon_core.package_identification:_identify(__pycache__) by extension 'cmake'
[2.639s] Level 1:colcon.colcon_core.package_identification:_identify(__pycache__) by extension 'python'
[2.640s] Level 1:colcon.colcon_core.package_identification:_identify(__pycache__) by extensions ['python_setup_py']
[2.644s] Level 1:colcon.colcon_core.package_identification:_identify(__pycache__) by extension 'python_setup_py'
[2.678s] Level 1:colcon.colcon_core.package_identification:_identify(backbone_model) by extensions ['ignore', 'ignore_ament_install']
[2.683s] Level 1:colcon.colcon_core.package_identification:_identify(backbone_model) by extension 'ignore'
[2.690s] Level 1:colcon.colcon_core.package_identification:_identify(backbone_model) by extension 'ignore_ament_install'
[2.694s] Level 1:colcon.colcon_core.package_identification:_identify(backbone_model) by extensions ['colcon_pkg']
[2.695s] Level 1:colcon.colcon_core.package_identification:_identify(backbone_model) by extension 'colcon_pkg'
[2.697s] Level 1:colcon.colcon_core.package_identification:_identify(backbone_model) by extensions ['colcon_meta']
[2.698s] Level 1:colcon.colcon_core.package_identification:_identify(backbone_model) by extension 'colcon_meta'
[2.699s] Level 1:colcon.colcon_core.package_identification:_identify(backbone_model) by extensions ['ros']
[2.700s] Level 1:colcon.colcon_core.package_identification:_identify(backbone_model) by extension 'ros'
[2.714s] Level 1:colcon.colcon_core.package_identification:_identify(backbone_model) by extensions ['cmake', 'python']
[2.715s] Level 1:colcon.colcon_core.package_identification:_identify(backbone_model) by extension 'cmake'
[2.720s] Level 1:colcon.colcon_core.package_identification:_identify(backbone_model) by extension 'python'
[2.724s] Level 1:colcon.colcon_core.package_identification:_identify(backbone_model) by extensions ['python_setup_py']
[2.726s] Level 1:colcon.colcon_core.package_identification:_identify(backbone_model) by extension 'python_setup_py'
[2.828s] Level 1:colcon.colcon_core.package_identification:_identify(backbone_model/__pycache__) by extensions ['ignore', 'ignore_ament_install']
[2.837s] Level 1:colcon.colcon_core.package_identification:_identify(backbone_model/__pycache__) by extension 'ignore'
[2.857s] Level 1:colcon.colcon_core.package_identification:_identify(backbone_model/__pycache__) by extension 'ignore_ament_install'
[2.858s] Level 1:colcon.colcon_core.package_identification:_identify(backbone_model/__pycache__) by extensions ['colcon_pkg']
[2.860s] Level 1:colcon.colcon_core.package_identification:_identify(backbone_model/__pycache__) by extension 'colcon_pkg'
[2.863s] Level 1:colcon.colcon_core.package_identification:_identify(backbone_model/__pycache__) by extensions ['colcon_meta']
[2.863s] Level 1:colcon.colcon_core.package_identification:_identify(backbone_model/__pycache__) by extension 'colcon_meta'
[2.870s] Level 1:colcon.colcon_core.package_identification:_identify(backbone_model/__pycache__) by extensions ['ros']
[2.871s] Level 1:colcon.colcon_core.package_identification:_identify(backbone_model/__pycache__) by extension 'ros'
[2.875s] Level 1:colcon.colcon_core.package_identification:_identify(backbone_model/__pycache__) by extensions ['cmake', 'python']
[2.875s] Level 1:colcon.colcon_core.package_identification:_identify(backbone_model/__pycache__) by extension 'cmake'
[2.876s] Level 1:colcon.colcon_core.package_identification:_identify(backbone_model/__pycache__) by extension 'python'
[2.876s] Level 1:colcon.colcon_core.package_identification:_identify(backbone_model/__pycache__) by extensions ['python_setup_py']
[2.877s] Level 1:colcon.colcon_core.package_identification:_identify(backbone_model/__pycache__) by extension 'python_setup_py'
[2.881s] Level 1:colcon.colcon_core.package_identification:_identify(backbone_model/real_world_dataset) by extensions ['ignore', 'ignore_ament_install']
[2.883s] Level 1:colcon.colcon_core.package_identification:_identify(backbone_model/real_world_dataset) by extension 'ignore'
[2.884s] Level 1:colcon.colcon_core.package_identification:_identify(backbone_model/real_world_dataset) by extension 'ignore_ament_install'
[2.928s] Level 1:colcon.colcon_core.package_identification:_identify(backbone_model/real_world_dataset) by extensions ['colcon_pkg']
[2.932s] Level 1:colcon.colcon_core.package_identification:_identify(backbone_model/real_world_dataset) by extension 'colcon_pkg'
[2.973s] Level 1:colcon.colcon_core.package_identification:_identify(backbone_model/real_world_dataset) by extensions ['colcon_meta']
[2.984s] Level 1:colcon.colcon_core.package_identification:_identify(backbone_model/real_world_dataset) by extension 'colcon_meta'
[2.984s] Level 1:colcon.colcon_core.package_identification:_identify(backbone_model/real_world_dataset) by extensions ['ros']
[2.986s] Level 1:colcon.colcon_core.package_identification:_identify(backbone_model/real_world_dataset) by extension 'ros'
[3.017s] Level 1:colcon.colcon_core.package_identification:_identify(backbone_model/real_world_dataset) by extensions ['cmake', 'python']
[3.018s] Level 1:colcon.colcon_core.package_identification:_identify(backbone_model/real_world_dataset) by extension 'cmake'
[3.077s] Level 1:colcon.colcon_core.package_identification:_identify(backbone_model/real_world_dataset) by extension 'python'
[3.080s] Level 1:colcon.colcon_core.package_identification:_identify(backbone_model/real_world_dataset) by extensions ['python_setup_py']
[3.113s] Level 1:colcon.colcon_core.package_identification:_identify(backbone_model/real_world_dataset) by extension 'python_setup_py'
[3.126s] Level 1:colcon.colcon_core.package_identification:_identify(backbone_model/real_world_dataset/__pycache__) by extensions ['ignore', 'ignore_ament_install']
[3.127s] Level 1:colcon.colcon_core.package_identification:_identify(backbone_model/real_world_dataset/__pycache__) by extension 'ignore'
[3.127s] Level 1:colcon.colcon_core.package_identification:_identify(backbone_model/real_world_dataset/__pycache__) by extension 'ignore_ament_install'
[3.128s] Level 1:colcon.colcon_core.package_identification:_identify(backbone_model/real_world_dataset/__pycache__) by extensions ['colcon_pkg']
[3.128s] Level 1:colcon.colcon_core.package_identification:_identify(backbone_model/real_world_dataset/__pycache__) by extension 'colcon_pkg'
[3.131s] Level 1:colcon.colcon_core.package_identification:_identify(backbone_model/real_world_dataset/__pycache__) by extensions ['colcon_meta']
[3.131s] Level 1:colcon.colcon_core.package_identification:_identify(backbone_model/real_world_dataset/__pycache__) by extension 'colcon_meta'
[3.132s] Level 1:colcon.colcon_core.package_identification:_identify(backbone_model/real_world_dataset/__pycache__) by extensions ['ros']
[3.132s] Level 1:colcon.colcon_core.package_identification:_identify(backbone_model/real_world_dataset/__pycache__) by extension 'ros'
[3.133s] Level 1:colcon.colcon_core.package_identification:_identify(backbone_model/real_world_dataset/__pycache__) by extensions ['cmake', 'python']
[3.133s] Level 1:colcon.colcon_core.package_identification:_identify(backbone_model/real_world_dataset/__pycache__) by extension 'cmake'
[3.134s] Level 1:colcon.colcon_core.package_identification:_identify(backbone_model/real_world_dataset/__pycache__) by extension 'python'
[3.134s] Level 1:colcon.colcon_core.package_identification:_identify(backbone_model/real_world_dataset/__pycache__) by extensions ['python_setup_py']
[3.135s] Level 1:colcon.colcon_core.package_identification:_identify(backbone_model/real_world_dataset/__pycache__) by extension 'python_setup_py'
[3.193s] Level 1:colcon.colcon_core.package_identification:_identify(backbone_model/real_world_dataset/backgrounds) by extensions ['ignore', 'ignore_ament_install']
[3.194s] Level 1:colcon.colcon_core.package_identification:_identify(backbone_model/real_world_dataset/backgrounds) by extension 'ignore'
[3.215s] Level 1:colcon.colcon_core.package_identification:_identify(backbone_model/real_world_dataset/backgrounds) by extension 'ignore_ament_install'
[3.218s] Level 1:colcon.colcon_core.package_identification:_identify(backbone_model/real_world_dataset/backgrounds) by extensions ['colcon_pkg']
[3.219s] Level 1:colcon.colcon_core.package_identification:_identify(backbone_model/real_world_dataset/backgrounds) by extension 'colcon_pkg'
[3.222s] Level 1:colcon.colcon_core.package_identification:_identify(backbone_model/real_world_dataset/backgrounds) by extensions ['colcon_meta']
[3.223s] Level 1:colcon.colcon_core.package_identification:_identify(backbone_model/real_world_dataset/backgrounds) by extension 'colcon_meta'
[3.223s] Level 1:colcon.colcon_core.package_identification:_identify(backbone_model/real_world_dataset/backgrounds) by extensions ['ros']
[3.223s] Level 1:colcon.colcon_core.package_identification:_identify(backbone_model/real_world_dataset/backgrounds) by extension 'ros'
[3.225s] Level 1:colcon.colcon_core.package_identification:_identify(backbone_model/real_world_dataset/backgrounds) by extensions ['cmake', 'python']
[3.226s] Level 1:colcon.colcon_core.package_identification:_identify(backbone_model/real_world_dataset/backgrounds) by extension 'cmake'
[3.226s] Level 1:colcon.colcon_core.package_identification:_identify(backbone_model/real_world_dataset/backgrounds) by extension 'python'
[3.227s] Level 1:colcon.colcon_core.package_identification:_identify(backbone_model/real_world_dataset/backgrounds) by extensions ['python_setup_py']
[3.227s] Level 1:colcon.colcon_core.package_identification:_identify(backbone_model/real_world_dataset/backgrounds) by extension 'python_setup_py'
[3.402s] Level 1:colcon.colcon_core.package_identification:_identify(backbone_model/real_world_dataset/images) by extensions ['ignore', 'ignore_ament_install']
[3.403s] Level 1:colcon.colcon_core.package_identification:_identify(backbone_model/real_world_dataset/images) by extension 'ignore'
[3.408s] Level 1:colcon.colcon_core.package_identification:_identify(backbone_model/real_world_dataset/images) by extension 'ignore_ament_install'
[3.409s] Level 1:colcon.colcon_core.package_identification:_identify(backbone_model/real_world_dataset/images) by extensions ['colcon_pkg']
[3.409s] Level 1:colcon.colcon_core.package_identification:_identify(backbone_model/real_world_dataset/images) by extension 'colcon_pkg'
[3.418s] Level 1:colcon.colcon_core.package_identification:_identify(backbone_model/real_world_dataset/images) by extensions ['colcon_meta']
[3.422s] Level 1:colcon.colcon_core.package_identification:_identify(backbone_model/real_world_dataset/images) by extension 'colcon_meta'
[3.423s] Level 1:colcon.colcon_core.package_identification:_identify(backbone_model/real_world_dataset/images) by extensions ['ros']
[3.423s] Level 1:colcon.colcon_core.package_identification:_identify(backbone_model/real_world_dataset/images) by extension 'ros'
[3.432s] Level 1:colcon.colcon_core.package_identification:_identify(backbone_model/real_world_dataset/images) by extensions ['cmake', 'python']
[3.432s] Level 1:colcon.colcon_core.package_identification:_identify(backbone_model/real_world_dataset/images) by extension 'cmake'
[3.433s] Level 1:colcon.colcon_core.package_identification:_identify(backbone_model/real_world_dataset/images) by extension 'python'
[3.434s] Level 1:colcon.colcon_core.package_identification:_identify(backbone_model/real_world_dataset/images) by extensions ['python_setup_py']
[3.435s] Level 1:colcon.colcon_core.package_identification:_identify(backbone_model/real_world_dataset/images) by extension 'python_setup_py'
[3.446s] Level 1:colcon.colcon_core.package_identification:_identify(backbone_model/real_world_dataset/limo) by extensions ['ignore', 'ignore_ament_install']
[3.446s] Level 1:colcon.colcon_core.package_identification:_identify(backbone_model/real_world_dataset/limo) by extension 'ignore'
[3.448s] Level 1:colcon.colcon_core.package_identification:_identify(backbone_model/real_world_dataset/limo) by extension 'ignore_ament_install'
[3.450s] Level 1:colcon.colcon_core.package_identification:_identify(backbone_model/real_world_dataset/limo) by extensions ['colcon_pkg']
[3.451s] Level 1:colcon.colcon_core.package_identification:_identify(backbone_model/real_world_dataset/limo) by extension 'colcon_pkg'
[3.452s] Level 1:colcon.colcon_core.package_identification:_identify(backbone_model/real_world_dataset/limo) by extensions ['colcon_meta']
[3.453s] Level 1:colcon.colcon_core.package_identification:_identify(backbone_model/real_world_dataset/limo) by extension 'colcon_meta'
[3.454s] Level 1:colcon.colcon_core.package_identification:_identify(backbone_model/real_world_dataset/limo) by extensions ['ros']
[3.454s] Level 1:colcon.colcon_core.package_identification:_identify(backbone_model/real_world_dataset/limo) by extension 'ros'
[3.456s] Level 1:colcon.colcon_core.package_identification:_identify(backbone_model/real_world_dataset/limo) by extensions ['cmake', 'python']
[3.457s] Level 1:colcon.colcon_core.package_identification:_identify(backbone_model/real_world_dataset/limo) by extension 'cmake'
[3.457s] Level 1:colcon.colcon_core.package_identification:_identify(backbone_model/real_world_dataset/limo) by extension 'python'
[3.458s] Level 1:colcon.colcon_core.package_identification:_identify(backbone_model/real_world_dataset/limo) by extensions ['python_setup_py']
[3.458s] Level 1:colcon.colcon_core.package_identification:_identify(backbone_model/real_world_dataset/limo) by extension 'python_setup_py'
[3.484s] Level 1:colcon.colcon_core.package_identification:_identify(backbone_model/real_world_dataset/video) by extensions ['ignore', 'ignore_ament_install']
[3.485s] Level 1:colcon.colcon_core.package_identification:_identify(backbone_model/real_world_dataset/video) by extension 'ignore'
[3.499s] Level 1:colcon.colcon_core.package_identification:_identify(backbone_model/real_world_dataset/video) by extension 'ignore_ament_install'
[3.524s] Level 1:colcon.colcon_core.package_identification:_identify(backbone_model/real_world_dataset/video) by extensions ['colcon_pkg']
[3.526s] Level 1:colcon.colcon_core.package_identification:_identify(backbone_model/real_world_dataset/video) by extension 'colcon_pkg'
[3.544s] Level 1:colcon.colcon_core.package_identification:_identify(backbone_model/real_world_dataset/video) by extensions ['colcon_meta']
[3.546s] Level 1:colcon.colcon_core.package_identification:_identify(backbone_model/real_world_dataset/video) by extension 'colcon_meta'
[3.549s] Level 1:colcon.colcon_core.package_identification:_identify(backbone_model/real_world_dataset/video) by extensions ['ros']
[3.567s] Level 1:colcon.colcon_core.package_identification:_identify(backbone_model/real_world_dataset/video) by extension 'ros'
[3.624s] Level 1:colcon.colcon_core.package_identification:_identify(backbone_model/real_world_dataset/video) by extensions ['cmake', 'python']
[3.628s] Level 1:colcon.colcon_core.package_identification:_identify(backbone_model/real_world_dataset/video) by extension 'cmake'
[3.636s] Level 1:colcon.colcon_core.package_identification:_identify(backbone_model/real_world_dataset/video) by extension 'python'
[3.640s] Level 1:colcon.colcon_core.package_identification:_identify(backbone_model/real_world_dataset/video) by extensions ['python_setup_py']
[3.641s] Level 1:colcon.colcon_core.package_identification:_identify(backbone_model/real_world_dataset/video) by extension 'python_setup_py'
[3.653s] Level 1:colcon.colcon_core.package_identification:_identify(backbone_model/saved_models) by extensions ['ignore', 'ignore_ament_install']
[3.654s] Level 1:colcon.colcon_core.package_identification:_identify(backbone_model/saved_models) by extension 'ignore'
[3.656s] Level 1:colcon.colcon_core.package_identification:_identify(backbone_model/saved_models) by extension 'ignore_ament_install'
[3.659s] Level 1:colcon.colcon_core.package_identification:_identify(backbone_model/saved_models) by extensions ['colcon_pkg']
[3.660s] Level 1:colcon.colcon_core.package_identification:_identify(backbone_model/saved_models) by extension 'colcon_pkg'
[3.685s] Level 1:colcon.colcon_core.package_identification:_identify(backbone_model/saved_models) by extensions ['colcon_meta']
[3.688s] Level 1:colcon.colcon_core.package_identification:_identify(backbone_model/saved_models) by extension 'colcon_meta'
[3.688s] Level 1:colcon.colcon_core.package_identification:_identify(backbone_model/saved_models) by extensions ['ros']
[3.688s] Level 1:colcon.colcon_core.package_identification:_identify(backbone_model/saved_models) by extension 'ros'
[3.697s] Level 1:colcon.colcon_core.package_identification:_identify(backbone_model/saved_models) by extensions ['cmake', 'python']
[3.697s] Level 1:colcon.colcon_core.package_identification:_identify(backbone_model/saved_models) by extension 'cmake'
[3.698s] Level 1:colcon.colcon_core.package_identification:_identify(backbone_model/saved_models) by extension 'python'
[3.728s] Level 1:colcon.colcon_core.package_identification:_identify(backbone_model/saved_models) by extensions ['python_setup_py']
[3.728s] Level 1:colcon.colcon_core.package_identification:_identify(backbone_model/saved_models) by extension 'python_setup_py'
[3.731s] Level 1:colcon.colcon_core.package_identification:_identify(backbone_model/simple_model_modified) by extensions ['ignore', 'ignore_ament_install']
[3.731s] Level 1:colcon.colcon_core.package_identification:_identify(backbone_model/simple_model_modified) by extension 'ignore'
[3.732s] Level 1:colcon.colcon_core.package_identification:_identify(backbone_model/simple_model_modified) by extension 'ignore_ament_install'
[3.732s] Level 1:colcon.colcon_core.package_identification:_identify(backbone_model/simple_model_modified) by extensions ['colcon_pkg']
[3.732s] Level 1:colcon.colcon_core.package_identification:_identify(backbone_model/simple_model_modified) by extension 'colcon_pkg'
[3.733s] Level 1:colcon.colcon_core.package_identification:_identify(backbone_model/simple_model_modified) by extensions ['colcon_meta']
[3.733s] Level 1:colcon.colcon_core.package_identification:_identify(backbone_model/simple_model_modified) by extension 'colcon_meta'
[3.734s] Level 1:colcon.colcon_core.package_identification:_identify(backbone_model/simple_model_modified) by extensions ['ros']
[3.734s] Level 1:colcon.colcon_core.package_identification:_identify(backbone_model/simple_model_modified) by extension 'ros'
[3.737s] Level 1:colcon.colcon_core.package_identification:_identify(backbone_model/simple_model_modified) by extensions ['cmake', 'python']
[3.737s] Level 1:colcon.colcon_core.package_identification:_identify(backbone_model/simple_model_modified) by extension 'cmake'
[3.738s] Level 1:colcon.colcon_core.package_identification:_identify(backbone_model/simple_model_modified) by extension 'python'
[3.745s] Level 1:colcon.colcon_core.package_identification:_identify(backbone_model/simple_model_modified) by extensions ['python_setup_py']
[3.745s] Level 1:colcon.colcon_core.package_identification:_identify(backbone_model/simple_model_modified) by extension 'python_setup_py'
[3.749s] Level 1:colcon.colcon_core.package_identification:_identify(backbone_model/simple_model_modified/__pycache__) by extensions ['ignore', 'ignore_ament_install']
[3.750s] Level 1:colcon.colcon_core.package_identification:_identify(backbone_model/simple_model_modified/__pycache__) by extension 'ignore'
[3.751s] Level 1:colcon.colcon_core.package_identification:_identify(backbone_model/simple_model_modified/__pycache__) by extension 'ignore_ament_install'
[3.753s] Level 1:colcon.colcon_core.package_identification:_identify(backbone_model/simple_model_modified/__pycache__) by extensions ['colcon_pkg']
[3.753s] Level 1:colcon.colcon_core.package_identification:_identify(backbone_model/simple_model_modified/__pycache__) by extension 'colcon_pkg'
[3.754s] Level 1:colcon.colcon_core.package_identification:_identify(backbone_model/simple_model_modified/__pycache__) by extensions ['colcon_meta']
[3.754s] Level 1:colcon.colcon_core.package_identification:_identify(backbone_model/simple_model_modified/__pycache__) by extension 'colcon_meta'
[3.755s] Level 1:colcon.colcon_core.package_identification:_identify(backbone_model/simple_model_modified/__pycache__) by extensions ['ros']
[3.755s] Level 1:colcon.colcon_core.package_identification:_identify(backbone_model/simple_model_modified/__pycache__) by extension 'ros'
[3.757s] Level 1:colcon.colcon_core.package_identification:_identify(backbone_model/simple_model_modified/__pycache__) by extensions ['cmake', 'python']
[3.757s] Level 1:colcon.colcon_core.package_identification:_identify(backbone_model/simple_model_modified/__pycache__) by extension 'cmake'
[3.758s] Level 1:colcon.colcon_core.package_identification:_identify(backbone_model/simple_model_modified/__pycache__) by extension 'python'
[3.759s] Level 1:colcon.colcon_core.package_identification:_identify(backbone_model/simple_model_modified/__pycache__) by extensions ['python_setup_py']
[3.759s] Level 1:colcon.colcon_core.package_identification:_identify(backbone_model/simple_model_modified/__pycache__) by extension 'python_setup_py'
[3.763s] Level 1:colcon.colcon_core.package_identification:_identify(backbone_model/synthetic_limo_dataset) by extensions ['ignore', 'ignore_ament_install']
[3.763s] Level 1:colcon.colcon_core.package_identification:_identify(backbone_model/synthetic_limo_dataset) by extension 'ignore'
[3.764s] Level 1:colcon.colcon_core.package_identification:_identify(backbone_model/synthetic_limo_dataset) by extension 'ignore_ament_install'
[3.765s] Level 1:colcon.colcon_core.package_identification:_identify(backbone_model/synthetic_limo_dataset) by extensions ['colcon_pkg']
[3.766s] Level 1:colcon.colcon_core.package_identification:_identify(backbone_model/synthetic_limo_dataset) by extension 'colcon_pkg'
[3.767s] Level 1:colcon.colcon_core.package_identification:_identify(backbone_model/synthetic_limo_dataset) by extensions ['colcon_meta']
[3.767s] Level 1:colcon.colcon_core.package_identification:_identify(backbone_model/synthetic_limo_dataset) by extension 'colcon_meta'
[3.778s] Level 1:colcon.colcon_core.package_identification:_identify(backbone_model/synthetic_limo_dataset) by extensions ['ros']
[3.779s] Level 1:colcon.colcon_core.package_identification:_identify(backbone_model/synthetic_limo_dataset) by extension 'ros'
[3.784s] Level 1:colcon.colcon_core.package_identification:_identify(backbone_model/synthetic_limo_dataset) by extensions ['cmake', 'python']
[3.785s] Level 1:colcon.colcon_core.package_identification:_identify(backbone_model/synthetic_limo_dataset) by extension 'cmake'
[3.786s] Level 1:colcon.colcon_core.package_identification:_identify(backbone_model/synthetic_limo_dataset) by extension 'python'
[3.786s] Level 1:colcon.colcon_core.package_identification:_identify(backbone_model/synthetic_limo_dataset) by extensions ['python_setup_py']
[3.786s] Level 1:colcon.colcon_core.package_identification:_identify(backbone_model/synthetic_limo_dataset) by extension 'python_setup_py'
[3.824s] Level 1:colcon.colcon_core.package_identification:_identify(backbone_model/synthetic_limo_dataset/__pycache__) by extensions ['ignore', 'ignore_ament_install']
[3.825s] Level 1:colcon.colcon_core.package_identification:_identify(backbone_model/synthetic_limo_dataset/__pycache__) by extension 'ignore'
[3.829s] Level 1:colcon.colcon_core.package_identification:_identify(backbone_model/synthetic_limo_dataset/__pycache__) by extension 'ignore_ament_install'
[3.830s] Level 1:colcon.colcon_core.package_identification:_identify(backbone_model/synthetic_limo_dataset/__pycache__) by extensions ['colcon_pkg']
[3.830s] Level 1:colcon.colcon_core.package_identification:_identify(backbone_model/synthetic_limo_dataset/__pycache__) by extension 'colcon_pkg'
[3.831s] Level 1:colcon.colcon_core.package_identification:_identify(backbone_model/synthetic_limo_dataset/__pycache__) by extensions ['colcon_meta']
[3.833s] Level 1:colcon.colcon_core.package_identification:_identify(backbone_model/synthetic_limo_dataset/__pycache__) by extension 'colcon_meta'
[3.834s] Level 1:colcon.colcon_core.package_identification:_identify(backbone_model/synthetic_limo_dataset/__pycache__) by extensions ['ros']
[3.835s] Level 1:colcon.colcon_core.package_identification:_identify(backbone_model/synthetic_limo_dataset/__pycache__) by extension 'ros'
[3.836s] Level 1:colcon.colcon_core.package_identification:_identify(backbone_model/synthetic_limo_dataset/__pycache__) by extensions ['cmake', 'python']
[3.837s] Level 1:colcon.colcon_core.package_identification:_identify(backbone_model/synthetic_limo_dataset/__pycache__) by extension 'cmake'
[3.839s] Level 1:colcon.colcon_core.package_identification:_identify(backbone_model/synthetic_limo_dataset/__pycache__) by extension 'python'
[3.839s] Level 1:colcon.colcon_core.package_identification:_identify(backbone_model/synthetic_limo_dataset/__pycache__) by extensions ['python_setup_py']
[3.839s] Level 1:colcon.colcon_core.package_identification:_identify(backbone_model/synthetic_limo_dataset/__pycache__) by extension 'python_setup_py'
[3.941s] Level 1:colcon.colcon_core.package_identification:_identify(backbone_model/synthetic_limo_dataset/images) by extensions ['ignore', 'ignore_ament_install']
[3.941s] Level 1:colcon.colcon_core.package_identification:_identify(backbone_model/synthetic_limo_dataset/images) by extension 'ignore'
[3.944s] Level 1:colcon.colcon_core.package_identification:_identify(backbone_model/synthetic_limo_dataset/images) by extension 'ignore_ament_install'
[3.945s] Level 1:colcon.colcon_core.package_identification:_identify(backbone_model/synthetic_limo_dataset/images) by extensions ['colcon_pkg']
[3.945s] Level 1:colcon.colcon_core.package_identification:_identify(backbone_model/synthetic_limo_dataset/images) by extension 'colcon_pkg'
[3.946s] Level 1:colcon.colcon_core.package_identification:_identify(backbone_model/synthetic_limo_dataset/images) by extensions ['colcon_meta']
[3.946s] Level 1:colcon.colcon_core.package_identification:_identify(backbone_model/synthetic_limo_dataset/images) by extension 'colcon_meta'
[3.949s] Level 1:colcon.colcon_core.package_identification:_identify(backbone_model/synthetic_limo_dataset/images) by extensions ['ros']
[3.972s] Level 1:colcon.colcon_core.package_identification:_identify(backbone_model/synthetic_limo_dataset/images) by extension 'ros'
[4.016s] Level 1:colcon.colcon_core.package_identification:_identify(backbone_model/synthetic_limo_dataset/images) by extensions ['cmake', 'python']
[4.016s] Level 1:colcon.colcon_core.package_identification:_identify(backbone_model/synthetic_limo_dataset/images) by extension 'cmake'
[4.018s] Level 1:colcon.colcon_core.package_identification:_identify(backbone_model/synthetic_limo_dataset/images) by extension 'python'
[4.020s] Level 1:colcon.colcon_core.package_identification:_identify(backbone_model/synthetic_limo_dataset/images) by extensions ['python_setup_py']
[4.021s] Level 1:colcon.colcon_core.package_identification:_identify(backbone_model/synthetic_limo_dataset/images) by extension 'python_setup_py'
[4.026s] Level 1:colcon.colcon_core.package_identification:_identify(backbone_model/testing) by extensions ['ignore', 'ignore_ament_install']
[4.026s] Level 1:colcon.colcon_core.package_identification:_identify(backbone_model/testing) by extension 'ignore'
[4.027s] Level 1:colcon.colcon_core.package_identification:_identify(backbone_model/testing) by extension 'ignore_ament_install'
[4.030s] Level 1:colcon.colcon_core.package_identification:_identify(backbone_model/testing) by extensions ['colcon_pkg']
[4.031s] Level 1:colcon.colcon_core.package_identification:_identify(backbone_model/testing) by extension 'colcon_pkg'
[4.032s] Level 1:colcon.colcon_core.package_identification:_identify(backbone_model/testing) by extensions ['colcon_meta']
[4.032s] Level 1:colcon.colcon_core.package_identification:_identify(backbone_model/testing) by extension 'colcon_meta'
[4.033s] Level 1:colcon.colcon_core.package_identification:_identify(backbone_model/testing) by extensions ['ros']
[4.033s] Level 1:colcon.colcon_core.package_identification:_identify(backbone_model/testing) by extension 'ros'
[4.040s] Level 1:colcon.colcon_core.package_identification:_identify(backbone_model/testing) by extensions ['cmake', 'python']
[4.041s] Level 1:colcon.colcon_core.package_identification:_identify(backbone_model/testing) by extension 'cmake'
[4.042s] Level 1:colcon.colcon_core.package_identification:_identify(backbone_model/testing) by extension 'python'
[4.044s] Level 1:colcon.colcon_core.package_identification:_identify(backbone_model/testing) by extensions ['python_setup_py']
[4.044s] Level 1:colcon.colcon_core.package_identification:_identify(backbone_model/testing) by extension 'python_setup_py'
[4.052s] Level 1:colcon.colcon_core.package_identification:_identify(backbone_model/testing/__pycache__) by extensions ['ignore', 'ignore_ament_install']
[4.053s] Level 1:colcon.colcon_core.package_identification:_identify(backbone_model/testing/__pycache__) by extension 'ignore'
[4.053s] Level 1:colcon.colcon_core.package_identification:_identify(backbone_model/testing/__pycache__) by extension 'ignore_ament_install'
[4.055s] Level 1:colcon.colcon_core.package_identification:_identify(backbone_model/testing/__pycache__) by extensions ['colcon_pkg']
[4.058s] Level 1:colcon.colcon_core.package_identification:_identify(backbone_model/testing/__pycache__) by extension 'colcon_pkg'
[4.059s] Level 1:colcon.colcon_core.package_identification:_identify(backbone_model/testing/__pycache__) by extensions ['colcon_meta']
[4.059s] Level 1:colcon.colcon_core.package_identification:_identify(backbone_model/testing/__pycache__) by extension 'colcon_meta'
[4.060s] Level 1:colcon.colcon_core.package_identification:_identify(backbone_model/testing/__pycache__) by extensions ['ros']
[4.063s] Level 1:colcon.colcon_core.package_identification:_identify(backbone_model/testing/__pycache__) by extension 'ros'
[4.156s] Level 1:colcon.colcon_core.package_identification:_identify(backbone_model/testing/__pycache__) by extensions ['cmake', 'python']
[4.158s] Level 1:colcon.colcon_core.package_identification:_identify(backbone_model/testing/__pycache__) by extension 'cmake'
[4.229s] Level 1:colcon.colcon_core.package_identification:_identify(backbone_model/testing/__pycache__) by extension 'python'
[4.262s] Level 1:colcon.colcon_core.package_identification:_identify(backbone_model/testing/__pycache__) by extensions ['python_setup_py']
[4.288s] Level 1:colcon.colcon_core.package_identification:_identify(backbone_model/testing/__pycache__) by extension 'python_setup_py'
[4.447s] Level 1:colcon.colcon_core.package_identification:_identify(backbone_model/training_video_data) by extensions ['ignore', 'ignore_ament_install']
[4.456s] Level 1:colcon.colcon_core.package_identification:_identify(backbone_model/training_video_data) by extension 'ignore'
[4.457s] Level 1:colcon.colcon_core.package_identification:_identify(backbone_model/training_video_data) by extension 'ignore_ament_install'
[4.509s] Level 1:colcon.colcon_core.package_identification:_identify(backbone_model/training_video_data) by extensions ['colcon_pkg']
[4.509s] Level 1:colcon.colcon_core.package_identification:_identify(backbone_model/training_video_data) by extension 'colcon_pkg'
[4.514s] Level 1:colcon.colcon_core.package_identification:_identify(backbone_model/training_video_data) by extensions ['colcon_meta']
[4.517s] Level 1:colcon.colcon_core.package_identification:_identify(backbone_model/training_video_data) by extension 'colcon_meta'
[4.518s] Level 1:colcon.colcon_core.package_identification:_identify(backbone_model/training_video_data) by extensions ['ros']
[4.525s] Level 1:colcon.colcon_core.package_identification:_identify(backbone_model/training_video_data) by extension 'ros'
[4.527s] Level 1:colcon.colcon_core.package_identification:_identify(backbone_model/training_video_data) by extensions ['cmake', 'python']
[4.529s] Level 1:colcon.colcon_core.package_identification:_identify(backbone_model/training_video_data) by extension 'cmake'
[4.530s] Level 1:colcon.colcon_core.package_identification:_identify(backbone_model/training_video_data) by extension 'python'
[4.530s] Level 1:colcon.colcon_core.package_identification:_identify(backbone_model/training_video_data) by extensions ['python_setup_py']
[4.531s] Level 1:colcon.colcon_core.package_identification:_identify(backbone_model/training_video_data) by extension 'python_setup_py'
[4.536s] Level 1:colcon.colcon_core.package_identification:_identify(backbone_model/training_video_data/__pycache__) by extensions ['ignore', 'ignore_ament_install']
[4.537s] Level 1:colcon.colcon_core.package_identification:_identify(backbone_model/training_video_data/__pycache__) by extension 'ignore'
[4.539s] Level 1:colcon.colcon_core.package_identification:_identify(backbone_model/training_video_data/__pycache__) by extension 'ignore_ament_install'
[4.542s] Level 1:colcon.colcon_core.package_identification:_identify(backbone_model/training_video_data/__pycache__) by extensions ['colcon_pkg']
[4.545s] Level 1:colcon.colcon_core.package_identification:_identify(backbone_model/training_video_data/__pycache__) by extension 'colcon_pkg'
[4.548s] Level 1:colcon.colcon_core.package_identification:_identify(backbone_model/training_video_data/__pycache__) by extensions ['colcon_meta']
[4.549s] Level 1:colcon.colcon_core.package_identification:_identify(backbone_model/training_video_data/__pycache__) by extension 'colcon_meta'
[4.550s] Level 1:colcon.colcon_core.package_identification:_identify(backbone_model/training_video_data/__pycache__) by extensions ['ros']
[4.551s] Level 1:colcon.colcon_core.package_identification:_identify(backbone_model/training_video_data/__pycache__) by extension 'ros'
[4.558s] Level 1:colcon.colcon_core.package_identification:_identify(backbone_model/training_video_data/__pycache__) by extensions ['cmake', 'python']
[4.560s] Level 1:colcon.colcon_core.package_identification:_identify(backbone_model/training_video_data/__pycache__) by extension 'cmake'
[4.561s] Level 1:colcon.colcon_core.package_identification:_identify(backbone_model/training_video_data/__pycache__) by extension 'python'
[4.562s] Level 1:colcon.colcon_core.package_identification:_identify(backbone_model/training_video_data/__pycache__) by extensions ['python_setup_py']
[4.578s] Level 1:colcon.colcon_core.package_identification:_identify(backbone_model/training_video_data/__pycache__) by extension 'python_setup_py'
[4.592s] Level 1:colcon.colcon_core.package_identification:_identify(build) by extensions ['ignore', 'ignore_ament_install']
[4.594s] Level 1:colcon.colcon_core.package_identification:_identify(build) by extension 'ignore'
[4.594s] Level 1:colcon.colcon_core.package_identification:_identify(build) ignored
[4.609s] Level 1:colcon.colcon_core.package_identification:_identify(camera_stream) by extensions ['ignore', 'ignore_ament_install']
[4.610s] Level 1:colcon.colcon_core.package_identification:_identify(camera_stream) by extension 'ignore'
[4.613s] Level 1:colcon.colcon_core.package_identification:_identify(camera_stream) by extension 'ignore_ament_install'
[4.625s] Level 1:colcon.colcon_core.package_identification:_identify(camera_stream) by extensions ['colcon_pkg']
[4.629s] Level 1:colcon.colcon_core.package_identification:_identify(camera_stream) by extension 'colcon_pkg'
[4.631s] Level 1:colcon.colcon_core.package_identification:_identify(camera_stream) by extensions ['colcon_meta']
[4.638s] Level 1:colcon.colcon_core.package_identification:_identify(camera_stream) by extension 'colcon_meta'
[4.644s] Level 1:colcon.colcon_core.package_identification:_identify(camera_stream) by extensions ['ros']
[4.645s] Level 1:colcon.colcon_core.package_identification:_identify(camera_stream) by extension 'ros'
[4.673s] Level 1:colcon.colcon_core.package_identification:_identify(camera_stream) by extensions ['cmake', 'python']
[4.673s] Level 1:colcon.colcon_core.package_identification:_identify(camera_stream) by extension 'cmake'
[4.678s] Level 1:colcon.colcon_core.package_identification:_identify(camera_stream) by extension 'python'
[4.696s] Level 1:colcon.colcon_core.package_identification:_identify(camera_stream) by extensions ['python_setup_py']
[4.696s] Level 1:colcon.colcon_core.package_identification:_identify(camera_stream) by extension 'python_setup_py'
[4.700s] Level 1:colcon.colcon_core.package_identification:_identify(graphs) by extensions ['ignore', 'ignore_ament_install']
[4.700s] Level 1:colcon.colcon_core.package_identification:_identify(graphs) by extension 'ignore'
[4.701s] Level 1:colcon.colcon_core.package_identification:_identify(graphs) by extension 'ignore_ament_install'
[4.703s] Level 1:colcon.colcon_core.package_identification:_identify(graphs) by extensions ['colcon_pkg']
[4.704s] Level 1:colcon.colcon_core.package_identification:_identify(graphs) by extension 'colcon_pkg'
[4.704s] Level 1:colcon.colcon_core.package_identification:_identify(graphs) by extensions ['colcon_meta']
[4.705s] Level 1:colcon.colcon_core.package_identification:_identify(graphs) by extension 'colcon_meta'
[4.705s] Level 1:colcon.colcon_core.package_identification:_identify(graphs) by extensions ['ros']
[4.705s] Level 1:colcon.colcon_core.package_identification:_identify(graphs) by extension 'ros'
[4.706s] Level 1:colcon.colcon_core.package_identification:_identify(graphs) by extensions ['cmake', 'python']
[4.709s] Level 1:colcon.colcon_core.package_identification:_identify(graphs) by extension 'cmake'
[4.710s] Level 1:colcon.colcon_core.package_identification:_identify(graphs) by extension 'python'
[4.711s] Level 1:colcon.colcon_core.package_identification:_identify(graphs) by extensions ['python_setup_py']
[4.712s] Level 1:colcon.colcon_core.package_identification:_identify(graphs) by extension 'python_setup_py'
[4.718s] Level 1:colcon.colcon_core.package_identification:_identify(graphs/homography) by extensions ['ignore', 'ignore_ament_install']
[4.720s] Level 1:colcon.colcon_core.package_identification:_identify(graphs/homography) by extension 'ignore'
[4.723s] Level 1:colcon.colcon_core.package_identification:_identify(graphs/homography) by extension 'ignore_ament_install'
[4.733s] Level 1:colcon.colcon_core.package_identification:_identify(graphs/homography) by extensions ['colcon_pkg']
[4.734s] Level 1:colcon.colcon_core.package_identification:_identify(graphs/homography) by extension 'colcon_pkg'
[4.747s] Level 1:colcon.colcon_core.package_identification:_identify(graphs/homography) by extensions ['colcon_meta']
[4.749s] Level 1:colcon.colcon_core.package_identification:_identify(graphs/homography) by extension 'colcon_meta'
[4.751s] Level 1:colcon.colcon_core.package_identification:_identify(graphs/homography) by extensions ['ros']
[4.751s] Level 1:colcon.colcon_core.package_identification:_identify(graphs/homography) by extension 'ros'
[4.754s] Level 1:colcon.colcon_core.package_identification:_identify(graphs/homography) by extensions ['cmake', 'python']
[4.754s] Level 1:colcon.colcon_core.package_identification:_identify(graphs/homography) by extension 'cmake'
[4.755s] Level 1:colcon.colcon_core.package_identification:_identify(graphs/homography) by extension 'python'
[4.756s] Level 1:colcon.colcon_core.package_identification:_identify(graphs/homography) by extensions ['python_setup_py']
[4.756s] Level 1:colcon.colcon_core.package_identification:_identify(graphs/homography) by extension 'python_setup_py'
[4.759s] Level 1:colcon.colcon_core.package_identification:_identify(graphs/noisy_dataset) by extensions ['ignore', 'ignore_ament_install']
[4.760s] Level 1:colcon.colcon_core.package_identification:_identify(graphs/noisy_dataset) by extension 'ignore'
[4.760s] Level 1:colcon.colcon_core.package_identification:_identify(graphs/noisy_dataset) by extension 'ignore_ament_install'
[4.763s] Level 1:colcon.colcon_core.package_identification:_identify(graphs/noisy_dataset) by extensions ['colcon_pkg']
[4.763s] Level 1:colcon.colcon_core.package_identification:_identify(graphs/noisy_dataset) by extension 'colcon_pkg'
[4.763s] Level 1:colcon.colcon_core.package_identification:_identify(graphs/noisy_dataset) by extensions ['colcon_meta']
[4.764s] Level 1:colcon.colcon_core.package_identification:_identify(graphs/noisy_dataset) by extension 'colcon_meta'
[4.764s] Level 1:colcon.colcon_core.package_identification:_identify(graphs/noisy_dataset) by extensions ['ros']
[4.764s] Level 1:colcon.colcon_core.package_identification:_identify(graphs/noisy_dataset) by extension 'ros'
[4.769s] Level 1:colcon.colcon_core.package_identification:_identify(graphs/noisy_dataset) by extensions ['cmake', 'python']
[4.770s] Level 1:colcon.colcon_core.package_identification:_identify(graphs/noisy_dataset) by extension 'cmake'
[4.770s] Level 1:colcon.colcon_core.package_identification:_identify(graphs/noisy_dataset) by extension 'python'
[4.771s] Level 1:colcon.colcon_core.package_identification:_identify(graphs/noisy_dataset) by extensions ['python_setup_py']
[4.771s] Level 1:colcon.colcon_core.package_identification:_identify(graphs/noisy_dataset) by extension 'python_setup_py'
[4.774s] Level 1:colcon.colcon_core.package_identification:_identify(graphs/real_world_synthetic_dataset) by extensions ['ignore', 'ignore_ament_install']
[4.791s] Level 1:colcon.colcon_core.package_identification:_identify(graphs/real_world_synthetic_dataset) by extension 'ignore'
[4.791s] Level 1:colcon.colcon_core.package_identification:_identify(graphs/real_world_synthetic_dataset) by extension 'ignore_ament_install'
[4.792s] Level 1:colcon.colcon_core.package_identification:_identify(graphs/real_world_synthetic_dataset) by extensions ['colcon_pkg']
[4.792s] Level 1:colcon.colcon_core.package_identification:_identify(graphs/real_world_synthetic_dataset) by extension 'colcon_pkg'
[4.792s] Level 1:colcon.colcon_core.package_identification:_identify(graphs/real_world_synthetic_dataset) by extensions ['colcon_meta']
[4.793s] Level 1:colcon.colcon_core.package_identification:_identify(graphs/real_world_synthetic_dataset) by extension 'colcon_meta'
[4.793s] Level 1:colcon.colcon_core.package_identification:_identify(graphs/real_world_synthetic_dataset) by extensions ['ros']
[4.793s] Level 1:colcon.colcon_core.package_identification:_identify(graphs/real_world_synthetic_dataset) by extension 'ros'
[4.808s] Level 1:colcon.colcon_core.package_identification:_identify(graphs/real_world_synthetic_dataset) by extensions ['cmake', 'python']
[4.808s] Level 1:colcon.colcon_core.package_identification:_identify(graphs/real_world_synthetic_dataset) by extension 'cmake'
[4.809s] Level 1:colcon.colcon_core.package_identification:_identify(graphs/real_world_synthetic_dataset) by extension 'python'
[4.812s] Level 1:colcon.colcon_core.package_identification:_identify(graphs/real_world_synthetic_dataset) by extensions ['python_setup_py']
[4.840s] Level 1:colcon.colcon_core.package_identification:_identify(graphs/real_world_synthetic_dataset) by extension 'python_setup_py'
[4.856s] Level 1:colcon.colcon_core.package_identification:_identify(graphs/simple_model_cont_pose) by extensions ['ignore', 'ignore_ament_install']
[4.857s] Level 1:colcon.colcon_core.package_identification:_identify(graphs/simple_model_cont_pose) by extension 'ignore'
[4.858s] Level 1:colcon.colcon_core.package_identification:_identify(graphs/simple_model_cont_pose) by extension 'ignore_ament_install'
[4.859s] Level 1:colcon.colcon_core.package_identification:_identify(graphs/simple_model_cont_pose) by extensions ['colcon_pkg']
[4.859s] Level 1:colcon.colcon_core.package_identification:_identify(graphs/simple_model_cont_pose) by extension 'colcon_pkg'
[4.863s] Level 1:colcon.colcon_core.package_identification:_identify(graphs/simple_model_cont_pose) by extensions ['colcon_meta']
[4.863s] Level 1:colcon.colcon_core.package_identification:_identify(graphs/simple_model_cont_pose) by extension 'colcon_meta'
[4.864s] Level 1:colcon.colcon_core.package_identification:_identify(graphs/simple_model_cont_pose) by extensions ['ros']
[4.864s] Level 1:colcon.colcon_core.package_identification:_identify(graphs/simple_model_cont_pose) by extension 'ros'
[4.866s] Level 1:colcon.colcon_core.package_identification:_identify(graphs/simple_model_cont_pose) by extensions ['cmake', 'python']
[4.867s] Level 1:colcon.colcon_core.package_identification:_identify(graphs/simple_model_cont_pose) by extension 'cmake'
[4.868s] Level 1:colcon.colcon_core.package_identification:_identify(graphs/simple_model_cont_pose) by extension 'python'
[4.870s] Level 1:colcon.colcon_core.package_identification:_identify(graphs/simple_model_cont_pose) by extensions ['python_setup_py']
[4.870s] Level 1:colcon.colcon_core.package_identification:_identify(graphs/simple_model_cont_pose) by extension 'python_setup_py'
[4.879s] Level 1:colcon.colcon_core.package_identification:_identify(graphs/simple_model_modified_loss) by extensions ['ignore', 'ignore_ament_install']
[4.885s] Level 1:colcon.colcon_core.package_identification:_identify(graphs/simple_model_modified_loss) by extension 'ignore'
[4.891s] Level 1:colcon.colcon_core.package_identification:_identify(graphs/simple_model_modified_loss) by extension 'ignore_ament_install'
[4.895s] Level 1:colcon.colcon_core.package_identification:_identify(graphs/simple_model_modified_loss) by extensions ['colcon_pkg']
[4.895s] Level 1:colcon.colcon_core.package_identification:_identify(graphs/simple_model_modified_loss) by extension 'colcon_pkg'
[4.896s] Level 1:colcon.colcon_core.package_identification:_identify(graphs/simple_model_modified_loss) by extensions ['colcon_meta']
[4.901s] Level 1:colcon.colcon_core.package_identification:_identify(graphs/simple_model_modified_loss) by extension 'colcon_meta'
[4.903s] Level 1:colcon.colcon_core.package_identification:_identify(graphs/simple_model_modified_loss) by extensions ['ros']
[4.904s] Level 1:colcon.colcon_core.package_identification:_identify(graphs/simple_model_modified_loss) by extension 'ros'
[4.905s] Level 1:colcon.colcon_core.package_identification:_identify(graphs/simple_model_modified_loss) by extensions ['cmake', 'python']
[4.905s] Level 1:colcon.colcon_core.package_identification:_identify(graphs/simple_model_modified_loss) by extension 'cmake'
[4.908s] Level 1:colcon.colcon_core.package_identification:_identify(graphs/simple_model_modified_loss) by extension 'python'
[4.909s] Level 1:colcon.colcon_core.package_identification:_identify(graphs/simple_model_modified_loss) by extensions ['python_setup_py']
[4.911s] Level 1:colcon.colcon_core.package_identification:_identify(graphs/simple_model_modified_loss) by extension 'python_setup_py'
[4.916s] Level 1:colcon.colcon_core.package_identification:_identify(graphs/training_with_big_tag) by extensions ['ignore', 'ignore_ament_install']
[4.917s] Level 1:colcon.colcon_core.package_identification:_identify(graphs/training_with_big_tag) by extension 'ignore'
[4.917s] Level 1:colcon.colcon_core.package_identification:_identify(graphs/training_with_big_tag) by extension 'ignore_ament_install'
[4.919s] Level 1:colcon.colcon_core.package_identification:_identify(graphs/training_with_big_tag) by extensions ['colcon_pkg']
[4.920s] Level 1:colcon.colcon_core.package_identification:_identify(graphs/training_with_big_tag) by extension 'colcon_pkg'
[4.921s] Level 1:colcon.colcon_core.package_identification:_identify(graphs/training_with_big_tag) by extensions ['colcon_meta']
[4.922s] Level 1:colcon.colcon_core.package_identification:_identify(graphs/training_with_big_tag) by extension 'colcon_meta'
[4.922s] Level 1:colcon.colcon_core.package_identification:_identify(graphs/training_with_big_tag) by extensions ['ros']
[4.922s] Level 1:colcon.colcon_core.package_identification:_identify(graphs/training_with_big_tag) by extension 'ros'
[4.925s] Level 1:colcon.colcon_core.package_identification:_identify(graphs/training_with_big_tag) by extensions ['cmake', 'python']
[4.925s] Level 1:colcon.colcon_core.package_identification:_identify(graphs/training_with_big_tag) by extension 'cmake'
[4.926s] Level 1:colcon.colcon_core.package_identification:_identify(graphs/training_with_big_tag) by extension 'python'
[4.926s] Level 1:colcon.colcon_core.package_identification:_identify(graphs/training_with_big_tag) by extensions ['python_setup_py']
[4.927s] Level 1:colcon.colcon_core.package_identification:_identify(graphs/training_with_big_tag) by extension 'python_setup_py'
[4.932s] Level 1:colcon.colcon_core.package_identification:_identify(graphs/video_dataset) by extensions ['ignore', 'ignore_ament_install']
[4.933s] Level 1:colcon.colcon_core.package_identification:_identify(graphs/video_dataset) by extension 'ignore'
[4.933s] Level 1:colcon.colcon_core.package_identification:_identify(graphs/video_dataset) by extension 'ignore_ament_install'
[4.934s] Level 1:colcon.colcon_core.package_identification:_identify(graphs/video_dataset) by extensions ['colcon_pkg']
[4.934s] Level 1:colcon.colcon_core.package_identification:_identify(graphs/video_dataset) by extension 'colcon_pkg'
[4.935s] Level 1:colcon.colcon_core.package_identification:_identify(graphs/video_dataset) by extensions ['colcon_meta']
[4.935s] Level 1:colcon.colcon_core.package_identification:_identify(graphs/video_dataset) by extension 'colcon_meta'
[4.936s] Level 1:colcon.colcon_core.package_identification:_identify(graphs/video_dataset) by extensions ['ros']
[4.937s] Level 1:colcon.colcon_core.package_identification:_identify(graphs/video_dataset) by extension 'ros'
[4.965s] Level 1:colcon.colcon_core.package_identification:_identify(graphs/video_dataset) by extensions ['cmake', 'python']
[4.966s] Level 1:colcon.colcon_core.package_identification:_identify(graphs/video_dataset) by extension 'cmake'
[4.975s] Level 1:colcon.colcon_core.package_identification:_identify(graphs/video_dataset) by extension 'python'
[4.976s] Level 1:colcon.colcon_core.package_identification:_identify(graphs/video_dataset) by extensions ['python_setup_py']
[4.977s] Level 1:colcon.colcon_core.package_identification:_identify(graphs/video_dataset) by extension 'python_setup_py'
[4.979s] Level 1:colcon.colcon_core.package_identification:_identify(graphs/with_class_loss) by extensions ['ignore', 'ignore_ament_install']
[4.979s] Level 1:colcon.colcon_core.package_identification:_identify(graphs/with_class_loss) by extension 'ignore'
[4.980s] Level 1:colcon.colcon_core.package_identification:_identify(graphs/with_class_loss) by extension 'ignore_ament_install'
[4.990s] Level 1:colcon.colcon_core.package_identification:_identify(graphs/with_class_loss) by extensions ['colcon_pkg']
[4.991s] Level 1:colcon.colcon_core.package_identification:_identify(graphs/with_class_loss) by extension 'colcon_pkg'
[4.991s] Level 1:colcon.colcon_core.package_identification:_identify(graphs/with_class_loss) by extensions ['colcon_meta']
[4.992s] Level 1:colcon.colcon_core.package_identification:_identify(graphs/with_class_loss) by extension 'colcon_meta'
[4.992s] Level 1:colcon.colcon_core.package_identification:_identify(graphs/with_class_loss) by extensions ['ros']
[4.993s] Level 1:colcon.colcon_core.package_identification:_identify(graphs/with_class_loss) by extension 'ros'
[4.994s] Level 1:colcon.colcon_core.package_identification:_identify(graphs/with_class_loss) by extensions ['cmake', 'python']
[4.995s] Level 1:colcon.colcon_core.package_identification:_identify(graphs/with_class_loss) by extension 'cmake'
[4.996s] Level 1:colcon.colcon_core.package_identification:_identify(graphs/with_class_loss) by extension 'python'
[4.999s] Level 1:colcon.colcon_core.package_identification:_identify(graphs/with_class_loss) by extensions ['python_setup_py']
[4.999s] Level 1:colcon.colcon_core.package_identification:_identify(graphs/with_class_loss) by extension 'python_setup_py'
[5.035s] Level 1:colcon.colcon_core.package_identification:_identify(install) by extensions ['ignore', 'ignore_ament_install']
[5.041s] Level 1:colcon.colcon_core.package_identification:_identify(install) by extension 'ignore'
[5.043s] Level 1:colcon.colcon_core.package_identification:_identify(install) ignored
[5.105s] Level 1:colcon.colcon_core.package_identification:_identify(log) by extensions ['ignore', 'ignore_ament_install']
[5.106s] Level 1:colcon.colcon_core.package_identification:_identify(log) by extension 'ignore'
[5.107s] Level 1:colcon.colcon_core.package_identification:_identify(log) ignored
[5.111s] Level 1:colcon.colcon_core.package_identification:_identify(results) by extensions ['ignore', 'ignore_ament_install']
[5.112s] Level 1:colcon.colcon_core.package_identification:_identify(results) by extension 'ignore'
[5.126s] Level 1:colcon.colcon_core.package_identification:_identify(results) by extension 'ignore_ament_install'
[5.161s] Level 1:colcon.colcon_core.package_identification:_identify(results) by extensions ['colcon_pkg']
[5.172s] Level 1:colcon.colcon_core.package_identification:_identify(results) by extension 'colcon_pkg'
[5.180s] Level 1:colcon.colcon_core.package_identification:_identify(results) by extensions ['colcon_meta']
[5.184s] Level 1:colcon.colcon_core.package_identification:_identify(results) by extension 'colcon_meta'
[5.184s] Level 1:colcon.colcon_core.package_identification:_identify(results) by extensions ['ros']
[5.184s] Level 1:colcon.colcon_core.package_identification:_identify(results) by extension 'ros'
[5.197s] Level 1:colcon.colcon_core.package_identification:_identify(results) by extensions ['cmake', 'python']
[5.197s] Level 1:colcon.colcon_core.package_identification:_identify(results) by extension 'cmake'
[5.197s] Level 1:colcon.colcon_core.package_identification:_identify(results) by extension 'python'
[5.198s] Level 1:colcon.colcon_core.package_identification:_identify(results) by extensions ['python_setup_py']
[5.198s] Level 1:colcon.colcon_core.package_identification:_identify(results) by extension 'python_setup_py'
[5.201s] Level 1:colcon.colcon_core.package_identification:_identify(results/apriltag) by extensions ['ignore', 'ignore_ament_install']
[5.201s] Level 1:colcon.colcon_core.package_identification:_identify(results/apriltag) by extension 'ignore'
[5.203s] Level 1:colcon.colcon_core.package_identification:_identify(results/apriltag) by extension 'ignore_ament_install'
[5.204s] Level 1:colcon.colcon_core.package_identification:_identify(results/apriltag) by extensions ['colcon_pkg']
[5.204s] Level 1:colcon.colcon_core.package_identification:_identify(results/apriltag) by extension 'colcon_pkg'
[5.209s] Level 1:colcon.colcon_core.package_identification:_identify(results/apriltag) by extensions ['colcon_meta']
[5.218s] Level 1:colcon.colcon_core.package_identification:_identify(results/apriltag) by extension 'colcon_meta'
[5.219s] Level 1:colcon.colcon_core.package_identification:_identify(results/apriltag) by extensions ['ros']
[5.220s] Level 1:colcon.colcon_core.package_identification:_identify(results/apriltag) by extension 'ros'
[5.242s] Level 1:colcon.colcon_core.package_identification:_identify(results/apriltag) by extensions ['cmake', 'python']
[5.242s] Level 1:colcon.colcon_core.package_identification:_identify(results/apriltag) by extension 'cmake'
[5.244s] Level 1:colcon.colcon_core.package_identification:_identify(results/apriltag) by extension 'python'
[5.245s] Level 1:colcon.colcon_core.package_identification:_identify(results/apriltag) by extensions ['python_setup_py']
[5.245s] Level 1:colcon.colcon_core.package_identification:_identify(results/apriltag) by extension 'python_setup_py'
[5.248s] Level 1:colcon.colcon_core.package_identification:_identify(results/model) by extensions ['ignore', 'ignore_ament_install']
[5.248s] Level 1:colcon.colcon_core.package_identification:_identify(results/model) by extension 'ignore'
[5.251s] Level 1:colcon.colcon_core.package_identification:_identify(results/model) by extension 'ignore_ament_install'
[5.255s] Level 1:colcon.colcon_core.package_identification:_identify(results/model) by extensions ['colcon_pkg']
[5.255s] Level 1:colcon.colcon_core.package_identification:_identify(results/model) by extension 'colcon_pkg'
[5.256s] Level 1:colcon.colcon_core.package_identification:_identify(results/model) by extensions ['colcon_meta']
[5.257s] Level 1:colcon.colcon_core.package_identification:_identify(results/model) by extension 'colcon_meta'
[5.257s] Level 1:colcon.colcon_core.package_identification:_identify(results/model) by extensions ['ros']
[5.257s] Level 1:colcon.colcon_core.package_identification:_identify(results/model) by extension 'ros'
[5.258s] Level 1:colcon.colcon_core.package_identification:_identify(results/model) by extensions ['cmake', 'python']
[5.259s] Level 1:colcon.colcon_core.package_identification:_identify(results/model) by extension 'cmake'
[5.261s] Level 1:colcon.colcon_core.package_identification:_identify(results/model) by extension 'python'
[5.263s] Level 1:colcon.colcon_core.package_identification:_identify(results/model) by extensions ['python_setup_py']
[5.264s] Level 1:colcon.colcon_core.package_identification:_identify(results/model) by extension 'python_setup_py'
[5.309s] Level 1:colcon.colcon_core.package_identification:_identify(ros2_ws) by extensions ['ignore', 'ignore_ament_install']
[5.314s] Level 1:colcon.colcon_core.package_identification:_identify(ros2_ws) by extension 'ignore'
[5.320s] Level 1:colcon.colcon_core.package_identification:_identify(ros2_ws) by extension 'ignore_ament_install'
[5.350s] Level 1:colcon.colcon_core.package_identification:_identify(ros2_ws) by extensions ['colcon_pkg']
[5.353s] Level 1:colcon.colcon_core.package_identification:_identify(ros2_ws) by extension 'colcon_pkg'
[5.354s] Level 1:colcon.colcon_core.package_identification:_identify(ros2_ws) by extensions ['colcon_meta']
[5.354s] Level 1:colcon.colcon_core.package_identification:_identify(ros2_ws) by extension 'colcon_meta'
[5.355s] Level 1:colcon.colcon_core.package_identification:_identify(ros2_ws) by extensions ['ros']
[5.355s] Level 1:colcon.colcon_core.package_identification:_identify(ros2_ws) by extension 'ros'
[5.363s] Level 1:colcon.colcon_core.package_identification:_identify(ros2_ws) by extensions ['cmake', 'python']
[5.373s] Level 1:colcon.colcon_core.package_identification:_identify(ros2_ws) by extension 'cmake'
[5.374s] Level 1:colcon.colcon_core.package_identification:_identify(ros2_ws) by extension 'python'
[5.375s] Level 1:colcon.colcon_core.package_identification:_identify(ros2_ws) by extensions ['python_setup_py']
[5.377s] Level 1:colcon.colcon_core.package_identification:_identify(ros2_ws) by extension 'python_setup_py'
[5.383s] Level 1:colcon.colcon_core.package_identification:_identify(ros2_ws/build) by extensions ['ignore', 'ignore_ament_install']
[5.385s] Level 1:colcon.colcon_core.package_identification:_identify(ros2_ws/build) by extension 'ignore'
[5.388s] Level 1:colcon.colcon_core.package_identification:_identify(ros2_ws/build) ignored
[5.396s] Level 1:colcon.colcon_core.package_identification:_identify(ros2_ws/install) by extensions ['ignore', 'ignore_ament_install']
[5.397s] Level 1:colcon.colcon_core.package_identification:_identify(ros2_ws/install) by extension 'ignore'
[5.401s] Level 1:colcon.colcon_core.package_identification:_identify(ros2_ws/install) ignored
[5.406s] Level 1:colcon.colcon_core.package_identification:_identify(ros2_ws/log) by extensions ['ignore', 'ignore_ament_install']
[5.407s] Level 1:colcon.colcon_core.package_identification:_identify(ros2_ws/log) by extension 'ignore'
[5.408s] Level 1:colcon.colcon_core.package_identification:_identify(ros2_ws/log) ignored
[5.412s] Level 1:colcon.colcon_core.package_identification:_identify(ros2_ws/src) by extensions ['ignore', 'ignore_ament_install']
[5.412s] Level 1:colcon.colcon_core.package_identification:_identify(ros2_ws/src) by extension 'ignore'
[5.413s] Level 1:colcon.colcon_core.package_identification:_identify(ros2_ws/src) by extension 'ignore_ament_install'
[5.437s] Level 1:colcon.colcon_core.package_identification:_identify(ros2_ws/src) by extensions ['colcon_pkg']
[5.438s] Level 1:colcon.colcon_core.package_identification:_identify(ros2_ws/src) by extension 'colcon_pkg'
[5.446s] Level 1:colcon.colcon_core.package_identification:_identify(ros2_ws/src) by extensions ['colcon_meta']
[5.447s] Level 1:colcon.colcon_core.package_identification:_identify(ros2_ws/src) by extension 'colcon_meta'
[5.447s] Level 1:colcon.colcon_core.package_identification:_identify(ros2_ws/src) by extensions ['ros']
[5.450s] Level 1:colcon.colcon_core.package_identification:_identify(ros2_ws/src) by extension 'ros'
[5.487s] Level 1:colcon.colcon_core.package_identification:_identify(ros2_ws/src) by extensions ['cmake', 'python']
[5.488s] Level 1:colcon.colcon_core.package_identification:_identify(ros2_ws/src) by extension 'cmake'
[5.490s] Level 1:colcon.colcon_core.package_identification:_identify(ros2_ws/src) by extension 'python'
[5.494s] Level 1:colcon.colcon_core.package_identification:_identify(ros2_ws/src) by extensions ['python_setup_py']
[5.494s] Level 1:colcon.colcon_core.package_identification:_identify(ros2_ws/src) by extension 'python_setup_py'
[5.574s] Level 1:colcon.colcon_core.package_identification:_identify(ros2_ws/src/localization) by extensions ['ignore', 'ignore_ament_install']
[5.590s] Level 1:colcon.colcon_core.package_identification:_identify(ros2_ws/src/localization) by extension 'ignore'
[5.596s] Level 1:colcon.colcon_core.package_identification:_identify(ros2_ws/src/localization) by extension 'ignore_ament_install'
[5.597s] Level 1:colcon.colcon_core.package_identification:_identify(ros2_ws/src/localization) by extensions ['colcon_pkg']
[5.598s] Level 1:colcon.colcon_core.package_identification:_identify(ros2_ws/src/localization) by extension 'colcon_pkg'
[5.600s] Level 1:colcon.colcon_core.package_identification:_identify(ros2_ws/src/localization) by extensions ['colcon_meta']
[5.601s] Level 1:colcon.colcon_core.package_identification:_identify(ros2_ws/src/localization) by extension 'colcon_meta'
[5.602s] Level 1:colcon.colcon_core.package_identification:_identify(ros2_ws/src/localization) by extensions ['ros']
[5.604s] Level 1:colcon.colcon_core.package_identification:_identify(ros2_ws/src/localization) by extension 'ros'
[5.669s] DEBUG:colcon.colcon_core.package_identification:Package 'ros2_ws/src/localization' with type 'ros.ament_python' and name 'localization'
[5.729s] Level 1:colcon.colcon_core.package_identification:_identify(ros2_ws/src/pure_pursuit) by extensions ['ignore', 'ignore_ament_install']
[5.733s] Level 1:colcon.colcon_core.package_identification:_identify(ros2_ws/src/pure_pursuit) by extension 'ignore'
[5.743s] Level 1:colcon.colcon_core.package_identification:_identify(ros2_ws/src/pure_pursuit) by extension 'ignore_ament_install'
[5.758s] Level 1:colcon.colcon_core.package_identification:_identify(ros2_ws/src/pure_pursuit) by extensions ['colcon_pkg']
[5.758s] Level 1:colcon.colcon_core.package_identification:_identify(ros2_ws/src/pure_pursuit) by extension 'colcon_pkg'
[5.759s] Level 1:colcon.colcon_core.package_identification:_identify(ros2_ws/src/pure_pursuit) by extensions ['colcon_meta']
[5.759s] Level 1:colcon.colcon_core.package_identification:_identify(ros2_ws/src/pure_pursuit) by extension 'colcon_meta'
[5.760s] Level 1:colcon.colcon_core.package_identification:_identify(ros2_ws/src/pure_pursuit) by extensions ['ros']
[5.761s] Level 1:colcon.colcon_core.package_identification:_identify(ros2_ws/src/pure_pursuit) by extension 'ros'
[5.769s] DEBUG:colcon.colcon_core.package_identification:Package 'ros2_ws/src/pure_pursuit' with type 'ros.ament_python' and name 'pure_pursuit'
[5.775s] Level 1:colcon.colcon_core.package_identification:_identify(ros2_ws/src/robot_sim) by extensions ['ignore', 'ignore_ament_install']
[5.780s] Level 1:colcon.colcon_core.package_identification:_identify(ros2_ws/src/robot_sim) by extension 'ignore'
[5.804s] Level 1:colcon.colcon_core.package_identification:_identify(ros2_ws/src/robot_sim) by extension 'ignore_ament_install'
[5.805s] Level 1:colcon.colcon_core.package_identification:_identify(ros2_ws/src/robot_sim) by extensions ['colcon_pkg']
[5.806s] Level 1:colcon.colcon_core.package_identification:_identify(ros2_ws/src/robot_sim) by extension 'colcon_pkg'
[5.814s] Level 1:colcon.colcon_core.package_identification:_identify(ros2_ws/src/robot_sim) by extensions ['colcon_meta']
[5.828s] Level 1:colcon.colcon_core.package_identification:_identify(ros2_ws/src/robot_sim) by extension 'colcon_meta'
[5.828s] Level 1:colcon.colcon_core.package_identification:_identify(ros2_ws/src/robot_sim) by extensions ['ros']
[5.829s] Level 1:colcon.colcon_core.package_identification:_identify(ros2_ws/src/robot_sim) by extension 'ros'
[5.844s] DEBUG:colcon.colcon_core.package_identification:Package 'ros2_ws/src/robot_sim' with type 'ros.ament_python' and name 'robot_sim'
[5.847s] Level 1:colcon.colcon_core.package_identification:_identify(videos) by extensions ['ignore', 'ignore_ament_install']
[5.848s] Level 1:colcon.colcon_core.package_identification:_identify(videos) by extension 'ignore'
[5.849s] Level 1:colcon.colcon_core.package_identification:_identify(videos) by extension 'ignore_ament_install'
[5.852s] Level 1:colcon.colcon_core.package_identification:_identify(videos) by extensions ['colcon_pkg']
[5.853s] Level 1:colcon.colcon_core.package_identification:_identify(videos) by extension 'colcon_pkg'
[5.854s] Level 1:colcon.colcon_core.package_identification:_identify(videos) by extensions ['colcon_meta']
[5.858s] Level 1:colcon.colcon_core.package_identification:_identify(videos) by extension 'colcon_meta'
[5.863s] Level 1:colcon.colcon_core.package_identification:_identify(videos) by extensions ['ros']
[5.866s] Level 1:colcon.colcon_core.package_identification:_identify(videos) by extension 'ros'
[5.875s] Level 1:colcon.colcon_core.package_identification:_identify(videos) by extensions ['cmake', 'python']
[5.876s] Level 1:colcon.colcon_core.package_identification:_identify(videos) by extension 'cmake'
[5.878s] Level 1:colcon.colcon_core.package_identification:_identify(videos) by extension 'python'
[5.879s] Level 1:colcon.colcon_core.package_identification:_identify(videos) by extensions ['python_setup_py']
[5.879s] Level 1:colcon.colcon_core.package_identification:_identify(videos) by extension 'python_setup_py'
[5.880s] Level 1:colcon.colcon_core.package_discovery:discover_packages(recursive) using defaults
[5.881s] Level 1:colcon.colcon_core.package_discovery:discover_packages(ignore) discover
[5.881s] Level 1:colcon.colcon_core.package_discovery:discover_packages(ignore) using defaults
[5.882s] Level 1:colcon.colcon_core.package_discovery:discover_packages(path) discover
[5.883s] Level 1:colcon.colcon_core.package_discovery:discover_packages(path) using defaults
[6.032s] Level 5:colcon.colcon_core.verb:set package 'localization' build argument 'cmake_args' from command line to 'None'
[6.045s] Level 5:colcon.colcon_core.verb:set package 'localization' build argument 'cmake_target' from command line to 'None'
[6.052s] Level 5:colcon.colcon_core.verb:set package 'localization' build argument 'cmake_target_skip_unavailable' from command line to 'False'
[6.053s] Level 5:colcon.colcon_core.verb:set package 'localization' build argument 'cmake_clean_cache' from command line to 'False'
[6.053s] Level 5:colcon.colcon_core.verb:set package 'localization' build argument 'cmake_clean_first' from command line to 'False'
[6.054s] Level 5:colcon.colcon_core.verb:set package 'localization' build argument 'cmake_force_configure' from command line to 'False'
[6.054s] Level 5:colcon.colcon_core.verb:set package 'localization' build argument 'ament_cmake_args' from command line to 'None'
[6.056s] Level 5:colcon.colcon_core.verb:set package 'localization' build argument 'catkin_cmake_args' from command line to 'None'
[6.057s] Level 5:colcon.colcon_core.verb:set package 'localization' build argument 'catkin_skip_building_tests' from command line to 'False'
[6.098s] DEBUG:colcon.colcon_core.verb:Building package 'localization' with the following arguments: {'ament_cmake_args': None, 'build_base': '/workspace/build/localization', 'catkin_cmake_args': None, 'catkin_skip_building_tests': False, 'cmake_args': None, 'cmake_clean_cache': False, 'cmake_clean_first': False, 'cmake_force_configure': False, 'cmake_target': None, 'cmake_target_skip_unavailable': False, 'install_base': '/workspace/install/localization', 'merge_install': False, 'path': '/workspace/ros2_ws/src/localization', 'symlink_install': True, 'test_result_base': None}
[6.106s] Level 5:colcon.colcon_core.verb:set package 'pure_pursuit' build argument 'cmake_args' from command line to 'None'
[6.106s] Level 5:colcon.colcon_core.verb:set package 'pure_pursuit' build argument 'cmake_target' from command line to 'None'
[6.106s] Level 5:colcon.colcon_core.verb:set package 'pure_pursuit' build argument 'cmake_target_skip_unavailable' from command line to 'False'
[6.106s] Level 5:colcon.colcon_core.verb:set package 'pure_pursuit' build argument 'cmake_clean_cache' from command line to 'False'
[6.107s] Level 5:colcon.colcon_core.verb:set package 'pure_pursuit' build argument 'cmake_clean_first' from command line to 'False'
[6.107s] Level 5:colcon.colcon_core.verb:set package 'pure_pursuit' build argument 'cmake_force_configure' from command line to 'False'
[6.107s] Level 5:colcon.colcon_core.verb:set package 'pure_pursuit' build argument 'ament_cmake_args' from command line to 'None'
[6.107s] Level 5:colcon.colcon_core.verb:set package 'pure_pursuit' build argument 'catkin_cmake_args' from command line to 'None'
[6.108s] Level 5:colcon.colcon_core.verb:set package 'pure_pursuit' build argument 'catkin_skip_building_tests' from command line to 'False'
[6.108s] DEBUG:colcon.colcon_core.verb:Building package 'pure_pursuit' with the following arguments: {'ament_cmake_args': None, 'build_base': '/workspace/build/pure_pursuit', 'catkin_cmake_args': None, 'catkin_skip_building_tests': False, 'cmake_args': None, 'cmake_clean_cache': False, 'cmake_clean_first': False, 'cmake_force_configure': False, 'cmake_target': None, 'cmake_target_skip_unavailable': False, 'install_base': '/workspace/install/pure_pursuit', 'merge_install': False, 'path': '/workspace/ros2_ws/src/pure_pursuit', 'symlink_install': True, 'test_result_base': None}
[6.121s] Level 5:colcon.colcon_core.verb:set package 'robot_sim' build argument 'cmake_args' from command line to 'None'
[6.124s] Level 5:colcon.colcon_core.verb:set package 'robot_sim' build argument 'cmake_target' from command line to 'None'
[6.129s] Level 5:colcon.colcon_core.verb:set package 'robot_sim' build argument 'cmake_target_skip_unavailable' from command line to 'False'
[6.141s] Level 5:colcon.colcon_core.verb:set package 'robot_sim' build argument 'cmake_clean_cache' from command line to 'False'
[6.142s] Level 5:colcon.colcon_core.verb:set package 'robot_sim' build argument 'cmake_clean_first' from command line to 'False'
[6.142s] Level 5:colcon.colcon_core.verb:set package 'robot_sim' build argument 'cmake_force_configure' from command line to 'False'
[6.142s] Level 5:colcon.colcon_core.verb:set package 'robot_sim' build argument 'ament_cmake_args' from command line to 'None'
[6.143s] Level 5:colcon.colcon_core.verb:set package 'robot_sim' build argument 'catkin_cmake_args' from command line to 'None'
[6.143s] Level 5:colcon.colcon_core.verb:set package 'robot_sim' build argument 'catkin_skip_building_tests' from command line to 'False'
[6.143s] DEBUG:colcon.colcon_core.verb:Building package 'robot_sim' with the following arguments: {'ament_cmake_args': None, 'build_base': '/workspace/build/robot_sim', 'catkin_cmake_args': None, 'catkin_skip_building_tests': False, 'cmake_args': None, 'cmake_clean_cache': False, 'cmake_clean_first': False, 'cmake_force_configure': False, 'cmake_target': None, 'cmake_target_skip_unavailable': False, 'install_base': '/workspace/install/robot_sim', 'merge_install': False, 'path': '/workspace/ros2_ws/src/robot_sim', 'symlink_install': True, 'test_result_base': None}
[6.144s] INFO:colcon.colcon_core.executor:Executing jobs using 'parallel' executor
[6.147s] DEBUG:colcon.colcon_parallel_executor.executor.parallel:run_until_complete
[6.149s] INFO:colcon.colcon_ros.task.ament_python.build:Building ROS package in '/workspace/ros2_ws/src/localization' with build type 'ament_python'
[6.149s] Level 1:colcon.colcon_core.shell:create_environment_hook('localization', 'ament_prefix_path')
[6.177s] INFO:colcon.colcon_core.plugin_system:Skipping extension 'colcon_core.shell.bat': Not used on non-Windows systems
[6.179s] INFO:colcon.colcon_core.shell:Creating environment hook '/workspace/install/localization/share/localization/hook/ament_prefix_path.ps1'
[6.189s] INFO:colcon.colcon_core.shell:Creating environment descriptor '/workspace/install/localization/share/localization/hook/ament_prefix_path.dsv'
[6.324s] INFO:colcon.colcon_core.shell:Creating environment hook '/workspace/install/localization/share/localization/hook/ament_prefix_path.sh'
[6.331s] INFO:colcon.colcon_core.shell:Skip shell extension 'powershell' for command environment: Not usable outside of PowerShell
[6.332s] DEBUG:colcon.colcon_core.shell:Skip shell extension 'dsv' for command environment
[6.396s] WARNING:colcon.colcon_ros.prefix_path.ament:The path '/workspace/install/launch' in the environment variable AMENT_PREFIX_PATH doesn't exist
[6.488s] INFO:colcon.colcon_ros.task.ament_python.build:Building ROS package in '/workspace/ros2_ws/src/pure_pursuit' with build type 'ament_python'
[6.581s] Level 1:colcon.colcon_core.shell:create_environment_hook('pure_pursuit', 'ament_prefix_path')
[6.590s] INFO:colcon.colcon_core.shell:Creating environment hook '/workspace/install/pure_pursuit/share/pure_pursuit/hook/ament_prefix_path.ps1'
[6.611s] INFO:colcon.colcon_core.shell:Creating environment descriptor '/workspace/install/pure_pursuit/share/pure_pursuit/hook/ament_prefix_path.dsv'
[6.631s] INFO:colcon.colcon_core.shell:Creating environment hook '/workspace/install/pure_pursuit/share/pure_pursuit/hook/ament_prefix_path.sh'
[6.652s] INFO:colcon.colcon_core.shell:Skip shell extension 'powershell' for command environment: Not usable outside of PowerShell
[6.653s] DEBUG:colcon.colcon_core.shell:Skip shell extension 'dsv' for command environment
[6.750s] INFO:colcon.colcon_ros.task.ament_python.build:Building ROS package in '/workspace/ros2_ws/src/robot_sim' with build type 'ament_python'
[6.755s] Level 1:colcon.colcon_core.shell:create_environment_hook('robot_sim', 'ament_prefix_path')
[6.755s] INFO:colcon.colcon_core.shell:Creating environment hook '/workspace/install/robot_sim/share/robot_sim/hook/ament_prefix_path.ps1'
[6.759s] INFO:colcon.colcon_core.shell:Creating environment descriptor '/workspace/install/robot_sim/share/robot_sim/hook/ament_prefix_path.dsv'
[6.765s] INFO:colcon.colcon_core.shell:Creating environment hook '/workspace/install/robot_sim/share/robot_sim/hook/ament_prefix_path.sh'
[6.772s] INFO:colcon.colcon_core.shell:Skip shell extension 'powershell' for command environment: Not usable outside of PowerShell
[6.773s] DEBUG:colcon.colcon_core.shell:Skip shell extension 'dsv' for command environment
[9.102s] INFO:colcon.colcon_core.task.python.build:Building Python package in '/workspace/ros2_ws/src/localization'
[9.106s] INFO:colcon.colcon_core.shell:Skip shell extension 'powershell' for command environment: Not usable outside of PowerShell
[9.106s] DEBUG:colcon.colcon_core.shell:Skip shell extension 'dsv' for command environment
[10.974s] INFO:colcon.colcon_core.task.python.build:Building Python package in '/workspace/ros2_ws/src/pure_pursuit'
[10.976s] INFO:colcon.colcon_core.shell:Skip shell extension 'powershell' for command environment: Not usable outside of PowerShell
[10.989s] DEBUG:colcon.colcon_core.shell:Skip shell extension 'dsv' for command environment
[13.542s] INFO:colcon.colcon_core.task.python.build:Building Python package in '/workspace/ros2_ws/src/robot_sim'
[13.543s] INFO:colcon.colcon_core.shell:Skip shell extension 'powershell' for command environment: Not usable outside of PowerShell
[13.543s] DEBUG:colcon.colcon_core.shell:Skip shell extension 'dsv' for command environment
[16.987s] DEBUG:colcon.colcon_core.task.python.build:Available setuptools commands: build_clib, egg_info, alias, install_scripts, install, build_py, install_headers, symlink_data, install_egg_info, bdist_rpm, build_scripts, rotate, saveopts, bdist_wheel, build, sdist, setopt, register, clean, dist_info, upload_docs, build_ext, test, install_lib, check, develop, bdist_egg, bdist_dumb, upload, install_data, bdist, easy_install
[17.142s] DEBUG:colcon.colcon_core.task.python.build:Available setuptools commands: build_clib, egg_info, alias, install_scripts, install, build_py, install_headers, symlink_data, install_egg_info, bdist_rpm, build_scripts, rotate, saveopts, bdist_wheel, build, sdist, setopt, register, clean, dist_info, upload_docs, build_ext, test, install_lib, check, develop, bdist_egg, bdist_dumb, upload, install_data, bdist, easy_install
[17.717s] DEBUG:colcon.colcon_core.task.python.build:Available setuptools commands: build_clib, egg_info, alias, install_scripts, install, build_py, install_headers, symlink_data, install_egg_info, bdist_rpm, build_scripts, rotate, saveopts, bdist_wheel, build, sdist, setopt, register, clean, dist_info, upload_docs, build_ext, test, install_lib, check, develop, bdist_egg, bdist_dumb, upload, install_data, bdist, easy_install
[20.637s] DEBUG:colcon.colcon_core.task.python.build:Available setuptools 'develop' options: --exclude-scripts, --index-url, --always-unzip, --local-snapshots-ok, --install-dir, --no-user-cfg, --site-dirs, --version, --optimize, --help, --user, --install-layout, --always-copy, --no-deps, --script-dir, --build-directory, --no-find-links, --zip-ok, --upgrade, --allow-hosts, --egg-path, --force-installation-into-system-dir, --find-links, --editable, --multi-version, --record, --quiet, --dry-run, --uninstall, --verbose, --prefix
[20.785s] DEBUG:colcon.colcon_core.task.python.build:While undoing a previous installation files outside the Python library path are being ignored: /workspace/install/localization/share/ament_index/resource_index/packages/localization
[20.786s] DEBUG:colcon.colcon_core.task.python.build:While undoing a previous installation files outside the Python library path are being ignored: /workspace/install/localization/share/localization/package.xml
[20.791s] DEBUG:colcon.colcon_core.task.python.build:While undoing a previous installation files outside the Python library path are being ignored: /workspace/install/localization/share/localization/launch/localization_bringup.launch.py
[20.801s] DEBUG:colcon.colcon_core.task.python.build:While undoing a previous installation files outside the Python library path are being ignored: /workspace/install/localization/lib/localization/apriltag_node
[20.821s] DEBUG:colcon.colcon_core.task.python.build:While undoing a previous installation files outside the Python library path are being ignored: /workspace/install/localization/lib/localization/localization_node
[20.989s] DEBUG:colcon.colcon_core.task.python.build:Available setuptools 'develop' options: --exclude-scripts, --index-url, --always-unzip, --local-snapshots-ok, --install-dir, --no-user-cfg, --site-dirs, --version, --optimize, --help, --user, --install-layout, --always-copy, --no-deps, --script-dir, --build-directory, --no-find-links, --zip-ok, --upgrade, --allow-hosts, --egg-path, --force-installation-into-system-dir, --find-links, --editable, --multi-version, --record, --quiet, --dry-run, --uninstall, --verbose, --prefix
[21.000s] DEBUG:colcon.colcon_core.task.python.build:While undoing a previous installation files outside the Python library path are being ignored: /workspace/install/robot_sim/share/ament_index/resource_index/packages/robot_sim
[21.006s] DEBUG:colcon.colcon_core.task.python.build:While undoing a previous installation files outside the Python library path are being ignored: /workspace/install/robot_sim/share/robot_sim/package.xml
[21.096s] DEBUG:colcon.colcon_core.event_handler.log_command:Invoking command in '/workspace/build/localization': PYTHONPATH=/workspace/build/localization/prefix_override:/usr/lib/python3/dist-packages/colcon_core/task/python/colcon_distutils_commands:/workspace/install/localization/lib/python3.10/site-packages:${PYTHONPATH} /usr/bin/python3 -W ignore:setup.py install is deprecated -W ignore:easy_install command is deprecated setup.py develop --editable --build-directory /workspace/build/localization/build --no-deps symlink_data --force
[21.098s] DEBUG:colcon.colcon_core.task.python.build:While undoing a previous installation files outside the Python library path are being ignored: /workspace/install/robot_sim/lib/robot_sim/simulator
[21.260s] DEBUG:colcon.colcon_core.event_handler.log_command:Invoking command in '/workspace/build/robot_sim': PYTHONPATH=/workspace/build/robot_sim/prefix_override:/usr/lib/python3/dist-packages/colcon_core/task/python/colcon_distutils_commands:/workspace/install/robot_sim/lib/python3.10/site-packages:${PYTHONPATH} /usr/bin/python3 -W ignore:setup.py install is deprecated -W ignore:easy_install command is deprecated setup.py develop --editable --build-directory /workspace/build/robot_sim/build --no-deps symlink_data --force
[21.787s] DEBUG:colcon.colcon_core.task.python.build:Available setuptools 'develop' options: --exclude-scripts, --index-url, --always-unzip, --local-snapshots-ok, --install-dir, --no-user-cfg, --site-dirs, --version, --optimize, --help, --user, --install-layout, --always-copy, --no-deps, --script-dir, --build-directory, --no-find-links, --zip-ok, --upgrade, --allow-hosts, --egg-path, --force-installation-into-system-dir, --find-links, --editable, --multi-version, --record, --quiet, --dry-run, --uninstall, --verbose, --prefix
[21.822s] DEBUG:colcon.colcon_core.task.python.build:While undoing a previous installation files outside the Python library path are being ignored: /workspace/install/pure_pursuit/share/ament_index/resource_index/packages/pure_pursuit
[21.823s] DEBUG:colcon.colcon_core.task.python.build:While undoing a previous installation files outside the Python library path are being ignored: /workspace/install/pure_pursuit/share/pure_pursuit/package.xml
[21.827s] DEBUG:colcon.colcon_core.task.python.build:While undoing a previous installation files outside the Python library path are being ignored: /workspace/install/pure_pursuit/lib/pure_pursuit/pure_pursuit_node
[22.015s] DEBUG:colcon.colcon_core.event_handler.log_command:Invoking command in '/workspace/build/pure_pursuit': PYTHONPATH=/workspace/build/pure_pursuit/prefix_override:/usr/lib/python3/dist-packages/colcon_core/task/python/colcon_distutils_commands:/workspace/install/pure_pursuit/lib/python3.10/site-packages:${PYTHONPATH} /usr/bin/python3 -W ignore:setup.py install is deprecated -W ignore:easy_install command is deprecated setup.py develop --editable --build-directory /workspace/build/pure_pursuit/build --no-deps symlink_data --force
[26.898s] Level 1:colcon.colcon_core.shell:create_environment_hook('localization', 'pythonpath_develop')
[26.910s] INFO:colcon.colcon_core.shell:Creating environment hook '/workspace/build/localization/share/localization/hook/pythonpath_develop.ps1'
[26.911s] DEBUG:colcon.colcon_core.event_handler.log_command:Invoked command in '/workspace/build/localization' returned '0': PYTHONPATH=/workspace/build/localization/prefix_override:/usr/lib/python3/dist-packages/colcon_core/task/python/colcon_distutils_commands:/workspace/install/localization/lib/python3.10/site-packages:${PYTHONPATH} /usr/bin/python3 -W ignore:setup.py install is deprecated -W ignore:easy_install command is deprecated setup.py develop --editable --build-directory /workspace/build/localization/build --no-deps symlink_data --force
[26.918s] INFO:colcon.colcon_core.shell:Creating environment descriptor '/workspace/build/localization/share/localization/hook/pythonpath_develop.dsv'
[26.925s] INFO:colcon.colcon_core.shell:Creating environment hook '/workspace/build/localization/share/localization/hook/pythonpath_develop.sh'
[26.953s] Level 1:colcon.colcon_core.environment:checking '/workspace/install/localization' for CMake module files
[27.107s] Level 1:colcon.colcon_core.environment:checking '/workspace/install/localization' for CMake config files
[27.199s] Level 1:colcon.colcon_core.environment:checking '/workspace/install/localization/lib'
[27.203s] Level 1:colcon.colcon_core.environment:checking '/workspace/install/localization/bin'
[27.207s] Level 1:colcon.colcon_core.environment:checking '/workspace/install/localization/lib/pkgconfig/localization.pc'
[27.208s] Level 1:colcon.colcon_core.environment:checking '/workspace/install/localization/lib/python3.10/site-packages'
[27.211s] Level 1:colcon.colcon_core.shell:create_environment_hook('localization', 'pythonpath')
[27.213s] INFO:colcon.colcon_core.shell:Creating environment hook '/workspace/install/localization/share/localization/hook/pythonpath.ps1'
[27.224s] INFO:colcon.colcon_core.shell:Creating environment descriptor '/workspace/install/localization/share/localization/hook/pythonpath.dsv'
[27.244s] INFO:colcon.colcon_core.shell:Creating environment hook '/workspace/install/localization/share/localization/hook/pythonpath.sh'
[27.263s] Level 1:colcon.colcon_core.environment:checking '/workspace/install/localization/bin'
[27.268s] Level 1:colcon.colcon_core.environment:create_environment_scripts_only(localization)
[27.270s] INFO:colcon.colcon_core.shell:Creating package script '/workspace/install/localization/share/localization/package.ps1'
[27.281s] INFO:colcon.colcon_core.shell:Creating package descriptor '/workspace/install/localization/share/localization/package.dsv'
[27.545s] INFO:colcon.colcon_core.shell:Creating package script '/workspace/install/localization/share/localization/package.sh'
[27.560s] INFO:colcon.colcon_core.shell:Creating package script '/workspace/install/localization/share/localization/package.bash'
[27.567s] INFO:colcon.colcon_core.shell:Creating package script '/workspace/install/localization/share/localization/package.zsh'
[27.574s] Level 1:colcon.colcon_core.environment:create_file_with_runtime_dependencies(/workspace/install/localization/share/colcon-core/packages/localization)
[27.667s] Level 1:colcon.colcon_core.shell:create_environment_hook('robot_sim', 'pythonpath_develop')
[27.668s] INFO:colcon.colcon_core.shell:Creating environment hook '/workspace/build/robot_sim/share/robot_sim/hook/pythonpath_develop.ps1'
[27.673s] DEBUG:colcon.colcon_core.event_handler.log_command:Invoked command in '/workspace/build/robot_sim' returned '0': PYTHONPATH=/workspace/build/robot_sim/prefix_override:/usr/lib/python3/dist-packages/colcon_core/task/python/colcon_distutils_commands:/workspace/install/robot_sim/lib/python3.10/site-packages:${PYTHONPATH} /usr/bin/python3 -W ignore:setup.py install is deprecated -W ignore:easy_install command is deprecated setup.py develop --editable --build-directory /workspace/build/robot_sim/build --no-deps symlink_data --force
[27.677s] INFO:colcon.colcon_core.shell:Creating environment descriptor '/workspace/build/robot_sim/share/robot_sim/hook/pythonpath_develop.dsv'
[27.683s] INFO:colcon.colcon_core.shell:Creating environment hook '/workspace/build/robot_sim/share/robot_sim/hook/pythonpath_develop.sh'
[27.692s] Level 1:colcon.colcon_core.environment:checking '/workspace/install/robot_sim' for CMake module files
[27.846s] Level 1:colcon.colcon_core.environment:checking '/workspace/install/robot_sim' for CMake config files
[28.109s] Level 1:colcon.colcon_core.environment:checking '/workspace/install/robot_sim/lib'
[28.132s] Level 1:colcon.colcon_core.environment:checking '/workspace/install/robot_sim/bin'
[28.297s] Level 1:colcon.colcon_core.environment:checking '/workspace/install/robot_sim/lib/pkgconfig/robot_sim.pc'
[28.351s] Level 1:colcon.colcon_core.environment:checking '/workspace/install/robot_sim/lib/python3.10/site-packages'
[28.353s] Level 1:colcon.colcon_core.shell:create_environment_hook('robot_sim', 'pythonpath')
[28.355s] INFO:colcon.colcon_core.shell:Creating environment hook '/workspace/install/robot_sim/share/robot_sim/hook/pythonpath.ps1'
[28.375s] INFO:colcon.colcon_core.shell:Creating environment descriptor '/workspace/install/robot_sim/share/robot_sim/hook/pythonpath.dsv'
[28.399s] INFO:colcon.colcon_core.shell:Creating environment hook '/workspace/install/robot_sim/share/robot_sim/hook/pythonpath.sh'
[28.434s] Level 1:colcon.colcon_core.environment:checking '/workspace/install/robot_sim/bin'
[28.441s] Level 1:colcon.colcon_core.environment:create_environment_scripts_only(robot_sim)
[28.444s] INFO:colcon.colcon_core.shell:Creating package script '/workspace/install/robot_sim/share/robot_sim/package.ps1'
[28.452s] INFO:colcon.colcon_core.shell:Creating package descriptor '/workspace/install/robot_sim/share/robot_sim/package.dsv'
[28.464s] INFO:colcon.colcon_core.shell:Creating package script '/workspace/install/robot_sim/share/robot_sim/package.sh'
[28.468s] INFO:colcon.colcon_core.shell:Creating package script '/workspace/install/robot_sim/share/robot_sim/package.bash'
[28.518s] INFO:colcon.colcon_core.shell:Creating package script '/workspace/install/robot_sim/share/robot_sim/package.zsh'
[28.574s] Level 1:colcon.colcon_core.environment:create_file_with_runtime_dependencies(/workspace/install/robot_sim/share/colcon-core/packages/robot_sim)
[29.413s] Level 1:colcon.colcon_core.shell:create_environment_hook('pure_pursuit', 'pythonpath_develop')
[29.477s] INFO:colcon.colcon_core.shell:Creating environment hook '/workspace/build/pure_pursuit/share/pure_pursuit/hook/pythonpath_develop.ps1'
[29.482s] DEBUG:colcon.colcon_core.event_handler.log_command:Invoked command in '/workspace/build/pure_pursuit' returned '0': PYTHONPATH=/workspace/build/pure_pursuit/prefix_override:/usr/lib/python3/dist-packages/colcon_core/task/python/colcon_distutils_commands:/workspace/install/pure_pursuit/lib/python3.10/site-packages:${PYTHONPATH} /usr/bin/python3 -W ignore:setup.py install is deprecated -W ignore:easy_install command is deprecated setup.py develop --editable --build-directory /workspace/build/pure_pursuit/build --no-deps symlink_data --force
[29.571s] INFO:colcon.colcon_core.shell:Creating environment descriptor '/workspace/build/pure_pursuit/share/pure_pursuit/hook/pythonpath_develop.dsv'
[29.602s] INFO:colcon.colcon_core.shell:Creating environment hook '/workspace/build/pure_pursuit/share/pure_pursuit/hook/pythonpath_develop.sh'
[29.606s] Level 1:colcon.colcon_core.environment:checking '/workspace/install/pure_pursuit' for CMake module files
[29.624s] Level 1:colcon.colcon_core.environment:checking '/workspace/install/pure_pursuit' for CMake config files
[29.665s] Level 1:colcon.colcon_core.environment:checking '/workspace/install/pure_pursuit/lib'
[29.680s] Level 1:colcon.colcon_core.environment:checking '/workspace/install/pure_pursuit/bin'
[29.681s] Level 1:colcon.colcon_core.environment:checking '/workspace/install/pure_pursuit/lib/pkgconfig/pure_pursuit.pc'
[29.685s] Level 1:colcon.colcon_core.environment:checking '/workspace/install/pure_pursuit/lib/python3.10/site-packages'
[29.685s] Level 1:colcon.colcon_core.shell:create_environment_hook('pure_pursuit', 'pythonpath')
[29.686s] INFO:colcon.colcon_core.shell:Creating environment hook '/workspace/install/pure_pursuit/share/pure_pursuit/hook/pythonpath.ps1'
[29.693s] INFO:colcon.colcon_core.shell:Creating environment descriptor '/workspace/install/pure_pursuit/share/pure_pursuit/hook/pythonpath.dsv'
[29.699s] INFO:colcon.colcon_core.shell:Creating environment hook '/workspace/install/pure_pursuit/share/pure_pursuit/hook/pythonpath.sh'
[29.705s] Level 1:colcon.colcon_core.environment:checking '/workspace/install/pure_pursuit/bin'
[29.706s] Level 1:colcon.colcon_core.environment:create_environment_scripts_only(pure_pursuit)
[29.708s] INFO:colcon.colcon_core.shell:Creating package script '/workspace/install/pure_pursuit/share/pure_pursuit/package.ps1'
[29.739s] INFO:colcon.colcon_core.shell:Creating package descriptor '/workspace/install/pure_pursuit/share/pure_pursuit/package.dsv'
[29.785s] INFO:colcon.colcon_core.shell:Creating package script '/workspace/install/pure_pursuit/share/pure_pursuit/package.sh'
[29.800s] INFO:colcon.colcon_core.shell:Creating package script '/workspace/install/pure_pursuit/share/pure_pursuit/package.bash'
[29.807s] INFO:colcon.colcon_core.shell:Creating package script '/workspace/install/pure_pursuit/share/pure_pursuit/package.zsh'
[29.812s] Level 1:colcon.colcon_core.environment:create_file_with_runtime_dependencies(/workspace/install/pure_pursuit/share/colcon-core/packages/pure_pursuit)
[29.818s] DEBUG:colcon.colcon_parallel_executor.executor.parallel:closing loop
[29.820s] DEBUG:colcon.colcon_parallel_executor.executor.parallel:loop closed
[29.820s] DEBUG:colcon.colcon_parallel_executor.executor.parallel:run_until_complete finished with '0'
[29.822s] DEBUG:colcon.colcon_core.event_reactor:joining thread
[29.936s] INFO:colcon.colcon_core.plugin_system:Skipping extension 'colcon_notification.desktop_notification.notify_send': Could not find 'notify-send'
[29.939s] INFO:colcon.colcon_core.plugin_system:Skipping extension 'colcon_notification.desktop_notification.terminal_notifier': Not used on non-Darwin systems
[29.939s] INFO:colcon.colcon_core.plugin_system:Skipping extension 'colcon_notification.desktop_notification.win32': Not used on non-Windows systems
[29.940s] INFO:colcon.colcon_notification.desktop_notification:Sending desktop notification using 'notify2'
[29.940s] DEBUG:colcon.colcon_notification.desktop_notification.notify2:Failed to initialize notify2: org.freedesktop.DBus.Error.NotSupported: Unable to autolaunch a dbus-daemon without a $DISPLAY for X11
[29.957s] DEBUG:colcon.colcon_core.event_reactor:joined thread
[30.026s] INFO:colcon.colcon_core.shell:Creating prefix script '/workspace/install/local_setup.ps1'
[30.058s] INFO:colcon.colcon_core.shell:Creating prefix util module '/workspace/install/_local_setup_util_ps1.py'
[30.067s] INFO:colcon.colcon_core.shell:Creating prefix chain script '/workspace/install/setup.ps1'
[30.110s] INFO:colcon.colcon_core.shell:Creating prefix script '/workspace/install/local_setup.sh'
[30.142s] INFO:colcon.colcon_core.shell:Creating prefix util module '/workspace/install/_local_setup_util_sh.py'
[30.152s] INFO:colcon.colcon_core.shell:Creating prefix chain script '/workspace/install/setup.sh'
[30.192s] INFO:colcon.colcon_core.shell:Creating prefix script '/workspace/install/local_setup.bash'
[30.198s] INFO:colcon.colcon_core.shell:Creating prefix chain script '/workspace/install/setup.bash'
[30.215s] INFO:colcon.colcon_core.shell:Creating prefix script '/workspace/install/local_setup.zsh'
[30.236s] INFO:colcon.colcon_core.shell:Creating prefix chain script '/workspace/install/setup.zsh'
