[0.861s] DEBUG:colcon:Command line arguments: ['/usr/bin/colcon', 'build', '--symlink-install']
[0.861s] DEBUG:colcon:Parsed command line arguments: Namespace(log_base=None, log_level=None, verb_name='build', build_base='build', install_base='install', merge_install=False, symlink_install=True, test_result_base=None, continue_on_error=False, executor='parallel', parallel_workers=8, event_handlers=None, ignore_user_meta=False, metas=['./colcon.meta'], base_paths=['.'], packages_ignore=None, packages_ignore_regex=None, paths=None, packages_up_to=None, packages_up_to_regex=None, packages_above=None, packages_above_and_dependencies=None, packages_above_depth=None, packages_select_by_dep=None, packages_skip_by_dep=None, packages_skip_up_to=None, packages_select_build_failed=False, packages_skip_build_finished=False, packages_select_test_failures=False, packages_skip_test_passed=False, packages_select=None, packages_skip=None, packages_select_regex=None, packages_skip_regex=None, packages_start=None, packages_end=None, cmake_args=None, cmake_target=None, cmake_target_skip_unavailable=False, cmake_clean_cache=False, cmake_clean_first=False, cmake_force_configure=False, ament_cmake_args=None, catkin_cmake_args=None, catkin_skip_building_tests=False, mixin_files=None, mixin=None, verb_parser=<colcon_mixin.mixin.mixin_argument.MixinArgumentDecorator object at 0x7f33dc57cd60>, verb_extension=<colcon_core.verb.build.BuildVerb object at 0x7f33dc689f90>, main=<bound method BuildVerb.main of <colcon_core.verb.build.BuildVerb object at 0x7f33dc689f90>>, mixin_verb=('build',))
[1.795s] Level 1:colcon.colcon_core.package_discovery:discover_packages(colcon_meta) check parameters
[1.797s] INFO:colcon.colcon_metadata.package_discovery.colcon_meta:Using configuration from '/root/.colcon/metadata/default/Gazebo.meta'
[1.802s] INFO:colcon.colcon_metadata.package_discovery.colcon_meta:Using configuration from '/root/.colcon/metadata/default/fastdds.meta'
[1.811s] INFO:colcon.colcon_metadata.package_discovery.colcon_meta:Using configuration from '/root/.colcon/metadata/default/fastrtps.meta'
[1.817s] Level 1:colcon.colcon_core.package_discovery:discover_packages(recursive) check parameters
[1.817s] Level 1:colcon.colcon_core.package_discovery:discover_packages(ignore) check parameters
[1.818s] Level 1:colcon.colcon_core.package_discovery:discover_packages(path) check parameters
[1.818s] Level 1:colcon.colcon_core.package_discovery:discover_packages(colcon_meta) discover
[1.818s] Level 1:colcon.colcon_core.package_discovery:discover_packages(recursive) discover
[1.819s] INFO:colcon.colcon_core.package_discovery:Crawling recursively for packages in '/workspace'
[1.821s] Level 1:colcon.colcon_core.package_identification:_identify(.) by extensions ['ignore', 'ignore_ament_install']
[1.821s] Level 1:colcon.colcon_core.package_identification:_identify(.) by extension 'ignore'
[1.824s] Level 1:colcon.colcon_core.package_identification:_identify(.) by extension 'ignore_ament_install'
[1.824s] Level 1:colcon.colcon_core.package_identification:_identify(.) by extensions ['colcon_pkg']
[1.825s] Level 1:colcon.colcon_core.package_identification:_identify(.) by extension 'colcon_pkg'
[1.825s] Level 1:colcon.colcon_core.package_identification:_identify(.) by extensions ['colcon_meta']
[1.826s] Level 1:colcon.colcon_core.package_identification:_identify(.) by extension 'colcon_meta'
[1.826s] Level 1:colcon.colcon_core.package_identification:_identify(.) by extensions ['ros']
[1.829s] Level 1:colcon.colcon_core.package_identification:_identify(.) by extension 'ros'
[2.246s] Level 1:colcon.colcon_core.package_identification:_identify(.) by extensions ['cmake', 'python']
[2.246s] Level 1:colcon.colcon_core.package_identification:_identify(.) by extension 'cmake'
[2.247s] Level 1:colcon.colcon_core.package_identification:_identify(.) by extension 'python'
[2.247s] Level 1:colcon.colcon_core.package_identification:_identify(.) by extensions ['python_setup_py']
[2.248s] Level 1:colcon.colcon_core.package_identification:_identify(.) by extension 'python_setup_py'
[2.250s] Level 1:colcon.colcon_core.package_identification:_identify(__pycache__) by extensions ['ignore', 'ignore_ament_install']
[2.252s] Level 1:colcon.colcon_core.package_identification:_identify(__pycache__) by extension 'ignore'
[2.253s] Level 1:colcon.colcon_core.package_identification:_identify(__pycache__) by extension 'ignore_ament_install'
[2.253s] Level 1:colcon.colcon_core.package_identification:_identify(__pycache__) by extensions ['colcon_pkg']
[2.253s] Level 1:colcon.colcon_core.package_identification:_identify(__pycache__) by extension 'colcon_pkg'
[2.254s] Level 1:colcon.colcon_core.package_identification:_identify(__pycache__) by extensions ['colcon_meta']
[2.254s] Level 1:colcon.colcon_core.package_identification:_identify(__pycache__) by extension 'colcon_meta'
[2.254s] Level 1:colcon.colcon_core.package_identification:_identify(__pycache__) by extensions ['ros']
[2.255s] Level 1:colcon.colcon_core.package_identification:_identify(__pycache__) by extension 'ros'
[2.256s] Level 1:colcon.colcon_core.package_identification:_identify(__pycache__) by extensions ['cmake', 'python']
[2.256s] Level 1:colcon.colcon_core.package_identification:_identify(__pycache__) by extension 'cmake'
[2.257s] Level 1:colcon.colcon_core.package_identification:_identify(__pycache__) by extension 'python'
[2.258s] Level 1:colcon.colcon_core.package_identification:_identify(__pycache__) by extensions ['python_setup_py']
[2.258s] Level 1:colcon.colcon_core.package_identification:_identify(__pycache__) by extension 'python_setup_py'
[2.265s] Level 1:colcon.colcon_core.package_identification:_identify(backbone_model) by extensions ['ignore', 'ignore_ament_install']
[2.265s] Level 1:colcon.colcon_core.package_identification:_identify(backbone_model) by extension 'ignore'
[2.266s] Level 1:colcon.colcon_core.package_identification:_identify(backbone_model) by extension 'ignore_ament_install'
[2.266s] Level 1:colcon.colcon_core.package_identification:_identify(backbone_model) by extensions ['colcon_pkg']
[2.267s] Level 1:colcon.colcon_core.package_identification:_identify(backbone_model) by extension 'colcon_pkg'
[2.267s] Level 1:colcon.colcon_core.package_identification:_identify(backbone_model) by extensions ['colcon_meta']
[2.268s] Level 1:colcon.colcon_core.package_identification:_identify(backbone_model) by extension 'colcon_meta'
[2.268s] Level 1:colcon.colcon_core.package_identification:_identify(backbone_model) by extensions ['ros']
[2.268s] Level 1:colcon.colcon_core.package_identification:_identify(backbone_model) by extension 'ros'
[2.269s] Level 1:colcon.colcon_core.package_identification:_identify(backbone_model) by extensions ['cmake', 'python']
[2.269s] Level 1:colcon.colcon_core.package_identification:_identify(backbone_model) by extension 'cmake'
[2.270s] Level 1:colcon.colcon_core.package_identification:_identify(backbone_model) by extension 'python'
[2.270s] Level 1:colcon.colcon_core.package_identification:_identify(backbone_model) by extensions ['python_setup_py']
[2.277s] Level 1:colcon.colcon_core.package_identification:_identify(backbone_model) by extension 'python_setup_py'
[2.295s] Level 1:colcon.colcon_core.package_identification:_identify(backbone_model/__pycache__) by extensions ['ignore', 'ignore_ament_install']
[2.295s] Level 1:colcon.colcon_core.package_identification:_identify(backbone_model/__pycache__) by extension 'ignore'
[2.296s] Level 1:colcon.colcon_core.package_identification:_identify(backbone_model/__pycache__) by extension 'ignore_ament_install'
[2.299s] Level 1:colcon.colcon_core.package_identification:_identify(backbone_model/__pycache__) by extensions ['colcon_pkg']
[2.299s] Level 1:colcon.colcon_core.package_identification:_identify(backbone_model/__pycache__) by extension 'colcon_pkg'
[2.299s] Level 1:colcon.colcon_core.package_identification:_identify(backbone_model/__pycache__) by extensions ['colcon_meta']
[2.302s] Level 1:colcon.colcon_core.package_identification:_identify(backbone_model/__pycache__) by extension 'colcon_meta'
[2.305s] Level 1:colcon.colcon_core.package_identification:_identify(backbone_model/__pycache__) by extensions ['ros']
[2.305s] Level 1:colcon.colcon_core.package_identification:_identify(backbone_model/__pycache__) by extension 'ros'
[2.309s] Level 1:colcon.colcon_core.package_identification:_identify(backbone_model/__pycache__) by extensions ['cmake', 'python']
[2.309s] Level 1:colcon.colcon_core.package_identification:_identify(backbone_model/__pycache__) by extension 'cmake'
[2.310s] Level 1:colcon.colcon_core.package_identification:_identify(backbone_model/__pycache__) by extension 'python'
[2.310s] Level 1:colcon.colcon_core.package_identification:_identify(backbone_model/__pycache__) by extensions ['python_setup_py']
[2.310s] Level 1:colcon.colcon_core.package_identification:_identify(backbone_model/__pycache__) by extension 'python_setup_py'
[2.314s] Level 1:colcon.colcon_core.package_identification:_identify(backbone_model/real_world_dataset) by extensions ['ignore', 'ignore_ament_install']
[2.315s] Level 1:colcon.colcon_core.package_identification:_identify(backbone_model/real_world_dataset) by extension 'ignore'
[2.319s] Level 1:colcon.colcon_core.package_identification:_identify(backbone_model/real_world_dataset) by extension 'ignore_ament_install'
[2.320s] Level 1:colcon.colcon_core.package_identification:_identify(backbone_model/real_world_dataset) by extensions ['colcon_pkg']
[2.320s] Level 1:colcon.colcon_core.package_identification:_identify(backbone_model/real_world_dataset) by extension 'colcon_pkg'
[2.320s] Level 1:colcon.colcon_core.package_identification:_identify(backbone_model/real_world_dataset) by extensions ['colcon_meta']
[2.321s] Level 1:colcon.colcon_core.package_identification:_identify(backbone_model/real_world_dataset) by extension 'colcon_meta'
[2.321s] Level 1:colcon.colcon_core.package_identification:_identify(backbone_model/real_world_dataset) by extensions ['ros']
[2.321s] Level 1:colcon.colcon_core.package_identification:_identify(backbone_model/real_world_dataset) by extension 'ros'
[2.323s] Level 1:colcon.colcon_core.package_identification:_identify(backbone_model/real_world_dataset) by extensions ['cmake', 'python']
[2.325s] Level 1:colcon.colcon_core.package_identification:_identify(backbone_model/real_world_dataset) by extension 'cmake'
[2.326s] Level 1:colcon.colcon_core.package_identification:_identify(backbone_model/real_world_dataset) by extension 'python'
[2.327s] Level 1:colcon.colcon_core.package_identification:_identify(backbone_model/real_world_dataset) by extensions ['python_setup_py']
[2.327s] Level 1:colcon.colcon_core.package_identification:_identify(backbone_model/real_world_dataset) by extension 'python_setup_py'
[2.334s] Level 1:colcon.colcon_core.package_identification:_identify(backbone_model/real_world_dataset/__pycache__) by extensions ['ignore', 'ignore_ament_install']
[2.335s] Level 1:colcon.colcon_core.package_identification:_identify(backbone_model/real_world_dataset/__pycache__) by extension 'ignore'
[2.337s] Level 1:colcon.colcon_core.package_identification:_identify(backbone_model/real_world_dataset/__pycache__) by extension 'ignore_ament_install'
[2.341s] Level 1:colcon.colcon_core.package_identification:_identify(backbone_model/real_world_dataset/__pycache__) by extensions ['colcon_pkg']
[2.353s] Level 1:colcon.colcon_core.package_identification:_identify(backbone_model/real_world_dataset/__pycache__) by extension 'colcon_pkg'
[2.362s] Level 1:colcon.colcon_core.package_identification:_identify(backbone_model/real_world_dataset/__pycache__) by extensions ['colcon_meta']
[2.362s] Level 1:colcon.colcon_core.package_identification:_identify(backbone_model/real_world_dataset/__pycache__) by extension 'colcon_meta'
[2.366s] Level 1:colcon.colcon_core.package_identification:_identify(backbone_model/real_world_dataset/__pycache__) by extensions ['ros']
[2.370s] Level 1:colcon.colcon_core.package_identification:_identify(backbone_model/real_world_dataset/__pycache__) by extension 'ros'
[2.371s] Level 1:colcon.colcon_core.package_identification:_identify(backbone_model/real_world_dataset/__pycache__) by extensions ['cmake', 'python']
[2.372s] Level 1:colcon.colcon_core.package_identification:_identify(backbone_model/real_world_dataset/__pycache__) by extension 'cmake'
[2.372s] Level 1:colcon.colcon_core.package_identification:_identify(backbone_model/real_world_dataset/__pycache__) by extension 'python'
[2.373s] Level 1:colcon.colcon_core.package_identification:_identify(backbone_model/real_world_dataset/__pycache__) by extensions ['python_setup_py']
[2.373s] Level 1:colcon.colcon_core.package_identification:_identify(backbone_model/real_world_dataset/__pycache__) by extension 'python_setup_py'
[2.379s] Level 1:colcon.colcon_core.package_identification:_identify(backbone_model/real_world_dataset/backgrounds) by extensions ['ignore', 'ignore_ament_install']
[2.382s] Level 1:colcon.colcon_core.package_identification:_identify(backbone_model/real_world_dataset/backgrounds) by extension 'ignore'
[2.385s] Level 1:colcon.colcon_core.package_identification:_identify(backbone_model/real_world_dataset/backgrounds) by extension 'ignore_ament_install'
[2.386s] Level 1:colcon.colcon_core.package_identification:_identify(backbone_model/real_world_dataset/backgrounds) by extensions ['colcon_pkg']
[2.386s] Level 1:colcon.colcon_core.package_identification:_identify(backbone_model/real_world_dataset/backgrounds) by extension 'colcon_pkg'
[2.386s] Level 1:colcon.colcon_core.package_identification:_identify(backbone_model/real_world_dataset/backgrounds) by extensions ['colcon_meta']
[2.387s] Level 1:colcon.colcon_core.package_identification:_identify(backbone_model/real_world_dataset/backgrounds) by extension 'colcon_meta'
[2.387s] Level 1:colcon.colcon_core.package_identification:_identify(backbone_model/real_world_dataset/backgrounds) by extensions ['ros']
[2.387s] Level 1:colcon.colcon_core.package_identification:_identify(backbone_model/real_world_dataset/backgrounds) by extension 'ros'
[2.389s] Level 1:colcon.colcon_core.package_identification:_identify(backbone_model/real_world_dataset/backgrounds) by extensions ['cmake', 'python']
[2.393s] Level 1:colcon.colcon_core.package_identification:_identify(backbone_model/real_world_dataset/backgrounds) by extension 'cmake'
[2.393s] Level 1:colcon.colcon_core.package_identification:_identify(backbone_model/real_world_dataset/backgrounds) by extension 'python'
[2.394s] Level 1:colcon.colcon_core.package_identification:_identify(backbone_model/real_world_dataset/backgrounds) by extensions ['python_setup_py']
[2.394s] Level 1:colcon.colcon_core.package_identification:_identify(backbone_model/real_world_dataset/backgrounds) by extension 'python_setup_py'
[2.534s] Level 1:colcon.colcon_core.package_identification:_identify(backbone_model/real_world_dataset/images) by extensions ['ignore', 'ignore_ament_install']
[2.535s] Level 1:colcon.colcon_core.package_identification:_identify(backbone_model/real_world_dataset/images) by extension 'ignore'
[2.536s] Level 1:colcon.colcon_core.package_identification:_identify(backbone_model/real_world_dataset/images) by extension 'ignore_ament_install'
[2.538s] Level 1:colcon.colcon_core.package_identification:_identify(backbone_model/real_world_dataset/images) by extensions ['colcon_pkg']
[2.539s] Level 1:colcon.colcon_core.package_identification:_identify(backbone_model/real_world_dataset/images) by extension 'colcon_pkg'
[2.539s] Level 1:colcon.colcon_core.package_identification:_identify(backbone_model/real_world_dataset/images) by extensions ['colcon_meta']
[2.540s] Level 1:colcon.colcon_core.package_identification:_identify(backbone_model/real_world_dataset/images) by extension 'colcon_meta'
[2.540s] Level 1:colcon.colcon_core.package_identification:_identify(backbone_model/real_world_dataset/images) by extensions ['ros']
[2.542s] Level 1:colcon.colcon_core.package_identification:_identify(backbone_model/real_world_dataset/images) by extension 'ros'
[2.561s] Level 1:colcon.colcon_core.package_identification:_identify(backbone_model/real_world_dataset/images) by extensions ['cmake', 'python']
[2.563s] Level 1:colcon.colcon_core.package_identification:_identify(backbone_model/real_world_dataset/images) by extension 'cmake'
[2.573s] Level 1:colcon.colcon_core.package_identification:_identify(backbone_model/real_world_dataset/images) by extension 'python'
[2.576s] Level 1:colcon.colcon_core.package_identification:_identify(backbone_model/real_world_dataset/images) by extensions ['python_setup_py']
[2.577s] Level 1:colcon.colcon_core.package_identification:_identify(backbone_model/real_world_dataset/images) by extension 'python_setup_py'
[2.582s] Level 1:colcon.colcon_core.package_identification:_identify(backbone_model/real_world_dataset/limo) by extensions ['ignore', 'ignore_ament_install']
[2.583s] Level 1:colcon.colcon_core.package_identification:_identify(backbone_model/real_world_dataset/limo) by extension 'ignore'
[2.585s] Level 1:colcon.colcon_core.package_identification:_identify(backbone_model/real_world_dataset/limo) by extension 'ignore_ament_install'
[2.586s] Level 1:colcon.colcon_core.package_identification:_identify(backbone_model/real_world_dataset/limo) by extensions ['colcon_pkg']
[2.587s] Level 1:colcon.colcon_core.package_identification:_identify(backbone_model/real_world_dataset/limo) by extension 'colcon_pkg'
[2.589s] Level 1:colcon.colcon_core.package_identification:_identify(backbone_model/real_world_dataset/limo) by extensions ['colcon_meta']
[2.590s] Level 1:colcon.colcon_core.package_identification:_identify(backbone_model/real_world_dataset/limo) by extension 'colcon_meta'
[2.591s] Level 1:colcon.colcon_core.package_identification:_identify(backbone_model/real_world_dataset/limo) by extensions ['ros']
[2.592s] Level 1:colcon.colcon_core.package_identification:_identify(backbone_model/real_world_dataset/limo) by extension 'ros'
[2.595s] Level 1:colcon.colcon_core.package_identification:_identify(backbone_model/real_world_dataset/limo) by extensions ['cmake', 'python']
[2.595s] Level 1:colcon.colcon_core.package_identification:_identify(backbone_model/real_world_dataset/limo) by extension 'cmake'
[2.596s] Level 1:colcon.colcon_core.package_identification:_identify(backbone_model/real_world_dataset/limo) by extension 'python'
[2.596s] Level 1:colcon.colcon_core.package_identification:_identify(backbone_model/real_world_dataset/limo) by extensions ['python_setup_py']
[2.597s] Level 1:colcon.colcon_core.package_identification:_identify(backbone_model/real_world_dataset/limo) by extension 'python_setup_py'
[2.641s] Level 1:colcon.colcon_core.package_identification:_identify(backbone_model/real_world_dataset/video) by extensions ['ignore', 'ignore_ament_install']
[2.641s] Level 1:colcon.colcon_core.package_identification:_identify(backbone_model/real_world_dataset/video) by extension 'ignore'
[2.642s] Level 1:colcon.colcon_core.package_identification:_identify(backbone_model/real_world_dataset/video) by extension 'ignore_ament_install'
[2.643s] Level 1:colcon.colcon_core.package_identification:_identify(backbone_model/real_world_dataset/video) by extensions ['colcon_pkg']
[2.643s] Level 1:colcon.colcon_core.package_identification:_identify(backbone_model/real_world_dataset/video) by extension 'colcon_pkg'
[2.643s] Level 1:colcon.colcon_core.package_identification:_identify(backbone_model/real_world_dataset/video) by extensions ['colcon_meta']
[2.644s] Level 1:colcon.colcon_core.package_identification:_identify(backbone_model/real_world_dataset/video) by extension 'colcon_meta'
[2.644s] Level 1:colcon.colcon_core.package_identification:_identify(backbone_model/real_world_dataset/video) by extensions ['ros']
[2.644s] Level 1:colcon.colcon_core.package_identification:_identify(backbone_model/real_world_dataset/video) by extension 'ros'
[2.645s] Level 1:colcon.colcon_core.package_identification:_identify(backbone_model/real_world_dataset/video) by extensions ['cmake', 'python']
[2.645s] Level 1:colcon.colcon_core.package_identification:_identify(backbone_model/real_world_dataset/video) by extension 'cmake'
[2.646s] Level 1:colcon.colcon_core.package_identification:_identify(backbone_model/real_world_dataset/video) by extension 'python'
[2.646s] Level 1:colcon.colcon_core.package_identification:_identify(backbone_model/real_world_dataset/video) by extensions ['python_setup_py']
[2.646s] Level 1:colcon.colcon_core.package_identification:_identify(backbone_model/real_world_dataset/video) by extension 'python_setup_py'
[2.649s] Level 1:colcon.colcon_core.package_identification:_identify(backbone_model/saved_models) by extensions ['ignore', 'ignore_ament_install']
[2.651s] Level 1:colcon.colcon_core.package_identification:_identify(backbone_model/saved_models) by extension 'ignore'
[2.653s] Level 1:colcon.colcon_core.package_identification:_identify(backbone_model/saved_models) by extension 'ignore_ament_install'
[2.654s] Level 1:colcon.colcon_core.package_identification:_identify(backbone_model/saved_models) by extensions ['colcon_pkg']
[2.654s] Level 1:colcon.colcon_core.package_identification:_identify(backbone_model/saved_models) by extension 'colcon_pkg'
[2.654s] Level 1:colcon.colcon_core.package_identification:_identify(backbone_model/saved_models) by extensions ['colcon_meta']
[2.655s] Level 1:colcon.colcon_core.package_identification:_identify(backbone_model/saved_models) by extension 'colcon_meta'
[2.659s] Level 1:colcon.colcon_core.package_identification:_identify(backbone_model/saved_models) by extensions ['ros']
[2.659s] Level 1:colcon.colcon_core.package_identification:_identify(backbone_model/saved_models) by extension 'ros'
[2.660s] Level 1:colcon.colcon_core.package_identification:_identify(backbone_model/saved_models) by extensions ['cmake', 'python']
[2.660s] Level 1:colcon.colcon_core.package_identification:_identify(backbone_model/saved_models) by extension 'cmake'
[2.661s] Level 1:colcon.colcon_core.package_identification:_identify(backbone_model/saved_models) by extension 'python'
[2.668s] Level 1:colcon.colcon_core.package_identification:_identify(backbone_model/saved_models) by extensions ['python_setup_py']
[2.671s] Level 1:colcon.colcon_core.package_identification:_identify(backbone_model/saved_models) by extension 'python_setup_py'
[2.672s] Level 1:colcon.colcon_core.package_identification:_identify(backbone_model/simple_model_modified) by extensions ['ignore', 'ignore_ament_install']
[2.673s] Level 1:colcon.colcon_core.package_identification:_identify(backbone_model/simple_model_modified) by extension 'ignore'
[2.676s] Level 1:colcon.colcon_core.package_identification:_identify(backbone_model/simple_model_modified) by extension 'ignore_ament_install'
[2.677s] Level 1:colcon.colcon_core.package_identification:_identify(backbone_model/simple_model_modified) by extensions ['colcon_pkg']
[2.678s] Level 1:colcon.colcon_core.package_identification:_identify(backbone_model/simple_model_modified) by extension 'colcon_pkg'
[2.678s] Level 1:colcon.colcon_core.package_identification:_identify(backbone_model/simple_model_modified) by extensions ['colcon_meta']
[2.679s] Level 1:colcon.colcon_core.package_identification:_identify(backbone_model/simple_model_modified) by extension 'colcon_meta'
[2.679s] Level 1:colcon.colcon_core.package_identification:_identify(backbone_model/simple_model_modified) by extensions ['ros']
[2.679s] Level 1:colcon.colcon_core.package_identification:_identify(backbone_model/simple_model_modified) by extension 'ros'
[2.683s] Level 1:colcon.colcon_core.package_identification:_identify(backbone_model/simple_model_modified) by extensions ['cmake', 'python']
[2.683s] Level 1:colcon.colcon_core.package_identification:_identify(backbone_model/simple_model_modified) by extension 'cmake'
[2.684s] Level 1:colcon.colcon_core.package_identification:_identify(backbone_model/simple_model_modified) by extension 'python'
[2.684s] Level 1:colcon.colcon_core.package_identification:_identify(backbone_model/simple_model_modified) by extensions ['python_setup_py']
[2.686s] Level 1:colcon.colcon_core.package_identification:_identify(backbone_model/simple_model_modified) by extension 'python_setup_py'
[2.690s] Level 1:colcon.colcon_core.package_identification:_identify(backbone_model/simple_model_modified/__pycache__) by extensions ['ignore', 'ignore_ament_install']
[2.690s] Level 1:colcon.colcon_core.package_identification:_identify(backbone_model/simple_model_modified/__pycache__) by extension 'ignore'
[2.695s] Level 1:colcon.colcon_core.package_identification:_identify(backbone_model/simple_model_modified/__pycache__) by extension 'ignore_ament_install'
[2.709s] Level 1:colcon.colcon_core.package_identification:_identify(backbone_model/simple_model_modified/__pycache__) by extensions ['colcon_pkg']
[2.716s] Level 1:colcon.colcon_core.package_identification:_identify(backbone_model/simple_model_modified/__pycache__) by extension 'colcon_pkg'
[2.741s] Level 1:colcon.colcon_core.package_identification:_identify(backbone_model/simple_model_modified/__pycache__) by extensions ['colcon_meta']
[2.741s] Level 1:colcon.colcon_core.package_identification:_identify(backbone_model/simple_model_modified/__pycache__) by extension 'colcon_meta'
[2.742s] Level 1:colcon.colcon_core.package_identification:_identify(backbone_model/simple_model_modified/__pycache__) by extensions ['ros']
[2.752s] Level 1:colcon.colcon_core.package_identification:_identify(backbone_model/simple_model_modified/__pycache__) by extension 'ros'
[2.761s] Level 1:colcon.colcon_core.package_identification:_identify(backbone_model/simple_model_modified/__pycache__) by extensions ['cmake', 'python']
[2.765s] Level 1:colcon.colcon_core.package_identification:_identify(backbone_model/simple_model_modified/__pycache__) by extension 'cmake'
[2.767s] Level 1:colcon.colcon_core.package_identification:_identify(backbone_model/simple_model_modified/__pycache__) by extension 'python'
[2.769s] Level 1:colcon.colcon_core.package_identification:_identify(backbone_model/simple_model_modified/__pycache__) by extensions ['python_setup_py']
[2.774s] Level 1:colcon.colcon_core.package_identification:_identify(backbone_model/simple_model_modified/__pycache__) by extension 'python_setup_py'
[2.778s] Level 1:colcon.colcon_core.package_identification:_identify(backbone_model/synthetic_limo_dataset) by extensions ['ignore', 'ignore_ament_install']
[2.779s] Level 1:colcon.colcon_core.package_identification:_identify(backbone_model/synthetic_limo_dataset) by extension 'ignore'
[2.779s] Level 1:colcon.colcon_core.package_identification:_identify(backbone_model/synthetic_limo_dataset) by extension 'ignore_ament_install'
[2.782s] Level 1:colcon.colcon_core.package_identification:_identify(backbone_model/synthetic_limo_dataset) by extensions ['colcon_pkg']
[2.783s] Level 1:colcon.colcon_core.package_identification:_identify(backbone_model/synthetic_limo_dataset) by extension 'colcon_pkg'
[2.784s] Level 1:colcon.colcon_core.package_identification:_identify(backbone_model/synthetic_limo_dataset) by extensions ['colcon_meta']
[2.785s] Level 1:colcon.colcon_core.package_identification:_identify(backbone_model/synthetic_limo_dataset) by extension 'colcon_meta'
[2.787s] Level 1:colcon.colcon_core.package_identification:_identify(backbone_model/synthetic_limo_dataset) by extensions ['ros']
[2.788s] Level 1:colcon.colcon_core.package_identification:_identify(backbone_model/synthetic_limo_dataset) by extension 'ros'
[2.790s] Level 1:colcon.colcon_core.package_identification:_identify(backbone_model/synthetic_limo_dataset) by extensions ['cmake', 'python']
[2.790s] Level 1:colcon.colcon_core.package_identification:_identify(backbone_model/synthetic_limo_dataset) by extension 'cmake'
[2.792s] Level 1:colcon.colcon_core.package_identification:_identify(backbone_model/synthetic_limo_dataset) by extension 'python'
[2.793s] Level 1:colcon.colcon_core.package_identification:_identify(backbone_model/synthetic_limo_dataset) by extensions ['python_setup_py']
[2.794s] Level 1:colcon.colcon_core.package_identification:_identify(backbone_model/synthetic_limo_dataset) by extension 'python_setup_py'
[2.797s] Level 1:colcon.colcon_core.package_identification:_identify(backbone_model/synthetic_limo_dataset/__pycache__) by extensions ['ignore', 'ignore_ament_install']
[2.797s] Level 1:colcon.colcon_core.package_identification:_identify(backbone_model/synthetic_limo_dataset/__pycache__) by extension 'ignore'
[2.799s] Level 1:colcon.colcon_core.package_identification:_identify(backbone_model/synthetic_limo_dataset/__pycache__) by extension 'ignore_ament_install'
[2.800s] Level 1:colcon.colcon_core.package_identification:_identify(backbone_model/synthetic_limo_dataset/__pycache__) by extensions ['colcon_pkg']
[2.801s] Level 1:colcon.colcon_core.package_identification:_identify(backbone_model/synthetic_limo_dataset/__pycache__) by extension 'colcon_pkg'
[2.803s] Level 1:colcon.colcon_core.package_identification:_identify(backbone_model/synthetic_limo_dataset/__pycache__) by extensions ['colcon_meta']
[2.803s] Level 1:colcon.colcon_core.package_identification:_identify(backbone_model/synthetic_limo_dataset/__pycache__) by extension 'colcon_meta'
[2.804s] Level 1:colcon.colcon_core.package_identification:_identify(backbone_model/synthetic_limo_dataset/__pycache__) by extensions ['ros']
[2.804s] Level 1:colcon.colcon_core.package_identification:_identify(backbone_model/synthetic_limo_dataset/__pycache__) by extension 'ros'
[2.806s] Level 1:colcon.colcon_core.package_identification:_identify(backbone_model/synthetic_limo_dataset/__pycache__) by extensions ['cmake', 'python']
[2.806s] Level 1:colcon.colcon_core.package_identification:_identify(backbone_model/synthetic_limo_dataset/__pycache__) by extension 'cmake'
[2.807s] Level 1:colcon.colcon_core.package_identification:_identify(backbone_model/synthetic_limo_dataset/__pycache__) by extension 'python'
[2.809s] Level 1:colcon.colcon_core.package_identification:_identify(backbone_model/synthetic_limo_dataset/__pycache__) by extensions ['python_setup_py']
[2.810s] Level 1:colcon.colcon_core.package_identification:_identify(backbone_model/synthetic_limo_dataset/__pycache__) by extension 'python_setup_py'
[2.968s] Level 1:colcon.colcon_core.package_identification:_identify(backbone_model/synthetic_limo_dataset/images) by extensions ['ignore', 'ignore_ament_install']
[2.971s] Level 1:colcon.colcon_core.package_identification:_identify(backbone_model/synthetic_limo_dataset/images) by extension 'ignore'
[2.974s] Level 1:colcon.colcon_core.package_identification:_identify(backbone_model/synthetic_limo_dataset/images) by extension 'ignore_ament_install'
[2.976s] Level 1:colcon.colcon_core.package_identification:_identify(backbone_model/synthetic_limo_dataset/images) by extensions ['colcon_pkg']
[2.977s] Level 1:colcon.colcon_core.package_identification:_identify(backbone_model/synthetic_limo_dataset/images) by extension 'colcon_pkg'
[2.978s] Level 1:colcon.colcon_core.package_identification:_identify(backbone_model/synthetic_limo_dataset/images) by extensions ['colcon_meta']
[2.978s] Level 1:colcon.colcon_core.package_identification:_identify(backbone_model/synthetic_limo_dataset/images) by extension 'colcon_meta'
[2.979s] Level 1:colcon.colcon_core.package_identification:_identify(backbone_model/synthetic_limo_dataset/images) by extensions ['ros']
[2.979s] Level 1:colcon.colcon_core.package_identification:_identify(backbone_model/synthetic_limo_dataset/images) by extension 'ros'
[2.983s] Level 1:colcon.colcon_core.package_identification:_identify(backbone_model/synthetic_limo_dataset/images) by extensions ['cmake', 'python']
[2.987s] Level 1:colcon.colcon_core.package_identification:_identify(backbone_model/synthetic_limo_dataset/images) by extension 'cmake'
[2.989s] Level 1:colcon.colcon_core.package_identification:_identify(backbone_model/synthetic_limo_dataset/images) by extension 'python'
[2.990s] Level 1:colcon.colcon_core.package_identification:_identify(backbone_model/synthetic_limo_dataset/images) by extensions ['python_setup_py']
[2.990s] Level 1:colcon.colcon_core.package_identification:_identify(backbone_model/synthetic_limo_dataset/images) by extension 'python_setup_py'
[2.997s] Level 1:colcon.colcon_core.package_identification:_identify(backbone_model/testing) by extensions ['ignore', 'ignore_ament_install']
[3.007s] Level 1:colcon.colcon_core.package_identification:_identify(backbone_model/testing) by extension 'ignore'
[3.008s] Level 1:colcon.colcon_core.package_identification:_identify(backbone_model/testing) by extension 'ignore_ament_install'
[3.010s] Level 1:colcon.colcon_core.package_identification:_identify(backbone_model/testing) by extensions ['colcon_pkg']
[3.011s] Level 1:colcon.colcon_core.package_identification:_identify(backbone_model/testing) by extension 'colcon_pkg'
[3.011s] Level 1:colcon.colcon_core.package_identification:_identify(backbone_model/testing) by extensions ['colcon_meta']
[3.011s] Level 1:colcon.colcon_core.package_identification:_identify(backbone_model/testing) by extension 'colcon_meta'
[3.012s] Level 1:colcon.colcon_core.package_identification:_identify(backbone_model/testing) by extensions ['ros']
[3.014s] Level 1:colcon.colcon_core.package_identification:_identify(backbone_model/testing) by extension 'ros'
[3.019s] Level 1:colcon.colcon_core.package_identification:_identify(backbone_model/testing) by extensions ['cmake', 'python']
[3.019s] Level 1:colcon.colcon_core.package_identification:_identify(backbone_model/testing) by extension 'cmake'
[3.021s] Level 1:colcon.colcon_core.package_identification:_identify(backbone_model/testing) by extension 'python'
[3.022s] Level 1:colcon.colcon_core.package_identification:_identify(backbone_model/testing) by extensions ['python_setup_py']
[3.022s] Level 1:colcon.colcon_core.package_identification:_identify(backbone_model/testing) by extension 'python_setup_py'
[3.027s] Level 1:colcon.colcon_core.package_identification:_identify(backbone_model/testing/__pycache__) by extensions ['ignore', 'ignore_ament_install']
[3.027s] Level 1:colcon.colcon_core.package_identification:_identify(backbone_model/testing/__pycache__) by extension 'ignore'
[3.030s] Level 1:colcon.colcon_core.package_identification:_identify(backbone_model/testing/__pycache__) by extension 'ignore_ament_install'
[3.032s] Level 1:colcon.colcon_core.package_identification:_identify(backbone_model/testing/__pycache__) by extensions ['colcon_pkg']
[3.032s] Level 1:colcon.colcon_core.package_identification:_identify(backbone_model/testing/__pycache__) by extension 'colcon_pkg'
[3.033s] Level 1:colcon.colcon_core.package_identification:_identify(backbone_model/testing/__pycache__) by extensions ['colcon_meta']
[3.033s] Level 1:colcon.colcon_core.package_identification:_identify(backbone_model/testing/__pycache__) by extension 'colcon_meta'
[3.034s] Level 1:colcon.colcon_core.package_identification:_identify(backbone_model/testing/__pycache__) by extensions ['ros']
[3.034s] Level 1:colcon.colcon_core.package_identification:_identify(backbone_model/testing/__pycache__) by extension 'ros'
[3.041s] Level 1:colcon.colcon_core.package_identification:_identify(backbone_model/testing/__pycache__) by extensions ['cmake', 'python']
[3.041s] Level 1:colcon.colcon_core.package_identification:_identify(backbone_model/testing/__pycache__) by extension 'cmake'
[3.042s] Level 1:colcon.colcon_core.package_identification:_identify(backbone_model/testing/__pycache__) by extension 'python'
[3.044s] Level 1:colcon.colcon_core.package_identification:_identify(backbone_model/testing/__pycache__) by extensions ['python_setup_py']
[3.045s] Level 1:colcon.colcon_core.package_identification:_identify(backbone_model/testing/__pycache__) by extension 'python_setup_py'
[3.171s] Level 1:colcon.colcon_core.package_identification:_identify(backbone_model/training_video_data) by extensions ['ignore', 'ignore_ament_install']
[3.172s] Level 1:colcon.colcon_core.package_identification:_identify(backbone_model/training_video_data) by extension 'ignore'
[3.173s] Level 1:colcon.colcon_core.package_identification:_identify(backbone_model/training_video_data) by extension 'ignore_ament_install'
[3.176s] Level 1:colcon.colcon_core.package_identification:_identify(backbone_model/training_video_data) by extensions ['colcon_pkg']
[3.176s] Level 1:colcon.colcon_core.package_identification:_identify(backbone_model/training_video_data) by extension 'colcon_pkg'
[3.177s] Level 1:colcon.colcon_core.package_identification:_identify(backbone_model/training_video_data) by extensions ['colcon_meta']
[3.178s] Level 1:colcon.colcon_core.package_identification:_identify(backbone_model/training_video_data) by extension 'colcon_meta'
[3.179s] Level 1:colcon.colcon_core.package_identification:_identify(backbone_model/training_video_data) by extensions ['ros']
[3.179s] Level 1:colcon.colcon_core.package_identification:_identify(backbone_model/training_video_data) by extension 'ros'
[3.184s] Level 1:colcon.colcon_core.package_identification:_identify(backbone_model/training_video_data) by extensions ['cmake', 'python']
[3.184s] Level 1:colcon.colcon_core.package_identification:_identify(backbone_model/training_video_data) by extension 'cmake'
[3.185s] Level 1:colcon.colcon_core.package_identification:_identify(backbone_model/training_video_data) by extension 'python'
[3.186s] Level 1:colcon.colcon_core.package_identification:_identify(backbone_model/training_video_data) by extensions ['python_setup_py']
[3.186s] Level 1:colcon.colcon_core.package_identification:_identify(backbone_model/training_video_data) by extension 'python_setup_py'
[3.201s] Level 1:colcon.colcon_core.package_identification:_identify(backbone_model/training_video_data/__pycache__) by extensions ['ignore', 'ignore_ament_install']
[3.201s] Level 1:colcon.colcon_core.package_identification:_identify(backbone_model/training_video_data/__pycache__) by extension 'ignore'
[3.202s] Level 1:colcon.colcon_core.package_identification:_identify(backbone_model/training_video_data/__pycache__) by extension 'ignore_ament_install'
[3.204s] Level 1:colcon.colcon_core.package_identification:_identify(backbone_model/training_video_data/__pycache__) by extensions ['colcon_pkg']
[3.204s] Level 1:colcon.colcon_core.package_identification:_identify(backbone_model/training_video_data/__pycache__) by extension 'colcon_pkg'
[3.205s] Level 1:colcon.colcon_core.package_identification:_identify(backbone_model/training_video_data/__pycache__) by extensions ['colcon_meta']
[3.205s] Level 1:colcon.colcon_core.package_identification:_identify(backbone_model/training_video_data/__pycache__) by extension 'colcon_meta'
[3.206s] Level 1:colcon.colcon_core.package_identification:_identify(backbone_model/training_video_data/__pycache__) by extensions ['ros']
[3.206s] Level 1:colcon.colcon_core.package_identification:_identify(backbone_model/training_video_data/__pycache__) by extension 'ros'
[3.212s] Level 1:colcon.colcon_core.package_identification:_identify(backbone_model/training_video_data/__pycache__) by extensions ['cmake', 'python']
[3.212s] Level 1:colcon.colcon_core.package_identification:_identify(backbone_model/training_video_data/__pycache__) by extension 'cmake'
[3.213s] Level 1:colcon.colcon_core.package_identification:_identify(backbone_model/training_video_data/__pycache__) by extension 'python'
[3.214s] Level 1:colcon.colcon_core.package_identification:_identify(backbone_model/training_video_data/__pycache__) by extensions ['python_setup_py']
[3.214s] Level 1:colcon.colcon_core.package_identification:_identify(backbone_model/training_video_data/__pycache__) by extension 'python_setup_py'
[3.218s] Level 1:colcon.colcon_core.package_identification:_identify(build) by extensions ['ignore', 'ignore_ament_install']
[3.221s] Level 1:colcon.colcon_core.package_identification:_identify(build) by extension 'ignore'
[3.223s] Level 1:colcon.colcon_core.package_identification:_identify(build) ignored
[3.227s] Level 1:colcon.colcon_core.package_identification:_identify(camera_stream) by extensions ['ignore', 'ignore_ament_install']
[3.228s] Level 1:colcon.colcon_core.package_identification:_identify(camera_stream) by extension 'ignore'
[3.229s] Level 1:colcon.colcon_core.package_identification:_identify(camera_stream) by extension 'ignore_ament_install'
[3.230s] Level 1:colcon.colcon_core.package_identification:_identify(camera_stream) by extensions ['colcon_pkg']
[3.232s] Level 1:colcon.colcon_core.package_identification:_identify(camera_stream) by extension 'colcon_pkg'
[3.240s] Level 1:colcon.colcon_core.package_identification:_identify(camera_stream) by extensions ['colcon_meta']
[3.242s] Level 1:colcon.colcon_core.package_identification:_identify(camera_stream) by extension 'colcon_meta'
[3.244s] Level 1:colcon.colcon_core.package_identification:_identify(camera_stream) by extensions ['ros']
[3.244s] Level 1:colcon.colcon_core.package_identification:_identify(camera_stream) by extension 'ros'
[3.246s] Level 1:colcon.colcon_core.package_identification:_identify(camera_stream) by extensions ['cmake', 'python']
[3.247s] Level 1:colcon.colcon_core.package_identification:_identify(camera_stream) by extension 'cmake'
[3.248s] Level 1:colcon.colcon_core.package_identification:_identify(camera_stream) by extension 'python'
[3.252s] Level 1:colcon.colcon_core.package_identification:_identify(camera_stream) by extensions ['python_setup_py']
[3.252s] Level 1:colcon.colcon_core.package_identification:_identify(camera_stream) by extension 'python_setup_py'
[3.257s] Level 1:colcon.colcon_core.package_identification:_identify(graphs) by extensions ['ignore', 'ignore_ament_install']
[3.257s] Level 1:colcon.colcon_core.package_identification:_identify(graphs) by extension 'ignore'
[3.258s] Level 1:colcon.colcon_core.package_identification:_identify(graphs) by extension 'ignore_ament_install'
[3.259s] Level 1:colcon.colcon_core.package_identification:_identify(graphs) by extensions ['colcon_pkg']
[3.259s] Level 1:colcon.colcon_core.package_identification:_identify(graphs) by extension 'colcon_pkg'
[3.260s] Level 1:colcon.colcon_core.package_identification:_identify(graphs) by extensions ['colcon_meta']
[3.260s] Level 1:colcon.colcon_core.package_identification:_identify(graphs) by extension 'colcon_meta'
[3.261s] Level 1:colcon.colcon_core.package_identification:_identify(graphs) by extensions ['ros']
[3.261s] Level 1:colcon.colcon_core.package_identification:_identify(graphs) by extension 'ros'
[3.263s] Level 1:colcon.colcon_core.package_identification:_identify(graphs) by extensions ['cmake', 'python']
[3.263s] Level 1:colcon.colcon_core.package_identification:_identify(graphs) by extension 'cmake'
[3.264s] Level 1:colcon.colcon_core.package_identification:_identify(graphs) by extension 'python'
[3.266s] Level 1:colcon.colcon_core.package_identification:_identify(graphs) by extensions ['python_setup_py']
[3.266s] Level 1:colcon.colcon_core.package_identification:_identify(graphs) by extension 'python_setup_py'
[3.269s] Level 1:colcon.colcon_core.package_identification:_identify(graphs/homography) by extensions ['ignore', 'ignore_ament_install']
[3.269s] Level 1:colcon.colcon_core.package_identification:_identify(graphs/homography) by extension 'ignore'
[3.270s] Level 1:colcon.colcon_core.package_identification:_identify(graphs/homography) by extension 'ignore_ament_install'
[3.272s] Level 1:colcon.colcon_core.package_identification:_identify(graphs/homography) by extensions ['colcon_pkg']
[3.273s] Level 1:colcon.colcon_core.package_identification:_identify(graphs/homography) by extension 'colcon_pkg'
[3.273s] Level 1:colcon.colcon_core.package_identification:_identify(graphs/homography) by extensions ['colcon_meta']
[3.274s] Level 1:colcon.colcon_core.package_identification:_identify(graphs/homography) by extension 'colcon_meta'
[3.274s] Level 1:colcon.colcon_core.package_identification:_identify(graphs/homography) by extensions ['ros']
[3.274s] Level 1:colcon.colcon_core.package_identification:_identify(graphs/homography) by extension 'ros'
[3.278s] Level 1:colcon.colcon_core.package_identification:_identify(graphs/homography) by extensions ['cmake', 'python']
[3.280s] Level 1:colcon.colcon_core.package_identification:_identify(graphs/homography) by extension 'cmake'
[3.281s] Level 1:colcon.colcon_core.package_identification:_identify(graphs/homography) by extension 'python'
[3.281s] Level 1:colcon.colcon_core.package_identification:_identify(graphs/homography) by extensions ['python_setup_py']
[3.282s] Level 1:colcon.colcon_core.package_identification:_identify(graphs/homography) by extension 'python_setup_py'
[3.284s] Level 1:colcon.colcon_core.package_identification:_identify(graphs/noisy_dataset) by extensions ['ignore', 'ignore_ament_install']
[3.287s] Level 1:colcon.colcon_core.package_identification:_identify(graphs/noisy_dataset) by extension 'ignore'
[3.288s] Level 1:colcon.colcon_core.package_identification:_identify(graphs/noisy_dataset) by extension 'ignore_ament_install'
[3.289s] Level 1:colcon.colcon_core.package_identification:_identify(graphs/noisy_dataset) by extensions ['colcon_pkg']
[3.290s] Level 1:colcon.colcon_core.package_identification:_identify(graphs/noisy_dataset) by extension 'colcon_pkg'
[3.290s] Level 1:colcon.colcon_core.package_identification:_identify(graphs/noisy_dataset) by extensions ['colcon_meta']
[3.291s] Level 1:colcon.colcon_core.package_identification:_identify(graphs/noisy_dataset) by extension 'colcon_meta'
[3.292s] Level 1:colcon.colcon_core.package_identification:_identify(graphs/noisy_dataset) by extensions ['ros']
[3.292s] Level 1:colcon.colcon_core.package_identification:_identify(graphs/noisy_dataset) by extension 'ros'
[3.296s] Level 1:colcon.colcon_core.package_identification:_identify(graphs/noisy_dataset) by extensions ['cmake', 'python']
[3.298s] Level 1:colcon.colcon_core.package_identification:_identify(graphs/noisy_dataset) by extension 'cmake'
[3.299s] Level 1:colcon.colcon_core.package_identification:_identify(graphs/noisy_dataset) by extension 'python'
[3.300s] Level 1:colcon.colcon_core.package_identification:_identify(graphs/noisy_dataset) by extensions ['python_setup_py']
[3.300s] Level 1:colcon.colcon_core.package_identification:_identify(graphs/noisy_dataset) by extension 'python_setup_py'
[3.304s] Level 1:colcon.colcon_core.package_identification:_identify(graphs/real_world_synthetic_dataset) by extensions ['ignore', 'ignore_ament_install']
[3.307s] Level 1:colcon.colcon_core.package_identification:_identify(graphs/real_world_synthetic_dataset) by extension 'ignore'
[3.307s] Level 1:colcon.colcon_core.package_identification:_identify(graphs/real_world_synthetic_dataset) by extension 'ignore_ament_install'
[3.311s] Level 1:colcon.colcon_core.package_identification:_identify(graphs/real_world_synthetic_dataset) by extensions ['colcon_pkg']
[3.311s] Level 1:colcon.colcon_core.package_identification:_identify(graphs/real_world_synthetic_dataset) by extension 'colcon_pkg'
[3.313s] Level 1:colcon.colcon_core.package_identification:_identify(graphs/real_world_synthetic_dataset) by extensions ['colcon_meta']
[3.313s] Level 1:colcon.colcon_core.package_identification:_identify(graphs/real_world_synthetic_dataset) by extension 'colcon_meta'
[3.314s] Level 1:colcon.colcon_core.package_identification:_identify(graphs/real_world_synthetic_dataset) by extensions ['ros']
[3.315s] Level 1:colcon.colcon_core.package_identification:_identify(graphs/real_world_synthetic_dataset) by extension 'ros'
[3.319s] Level 1:colcon.colcon_core.package_identification:_identify(graphs/real_world_synthetic_dataset) by extensions ['cmake', 'python']
[3.327s] Level 1:colcon.colcon_core.package_identification:_identify(graphs/real_world_synthetic_dataset) by extension 'cmake'
[3.334s] Level 1:colcon.colcon_core.package_identification:_identify(graphs/real_world_synthetic_dataset) by extension 'python'
[3.335s] Level 1:colcon.colcon_core.package_identification:_identify(graphs/real_world_synthetic_dataset) by extensions ['python_setup_py']
[3.335s] Level 1:colcon.colcon_core.package_identification:_identify(graphs/real_world_synthetic_dataset) by extension 'python_setup_py'
[3.342s] Level 1:colcon.colcon_core.package_identification:_identify(graphs/simple_model_cont_pose) by extensions ['ignore', 'ignore_ament_install']
[3.343s] Level 1:colcon.colcon_core.package_identification:_identify(graphs/simple_model_cont_pose) by extension 'ignore'
[3.343s] Level 1:colcon.colcon_core.package_identification:_identify(graphs/simple_model_cont_pose) by extension 'ignore_ament_install'
[3.344s] Level 1:colcon.colcon_core.package_identification:_identify(graphs/simple_model_cont_pose) by extensions ['colcon_pkg']
[3.345s] Level 1:colcon.colcon_core.package_identification:_identify(graphs/simple_model_cont_pose) by extension 'colcon_pkg'
[3.348s] Level 1:colcon.colcon_core.package_identification:_identify(graphs/simple_model_cont_pose) by extensions ['colcon_meta']
[3.348s] Level 1:colcon.colcon_core.package_identification:_identify(graphs/simple_model_cont_pose) by extension 'colcon_meta'
[3.350s] Level 1:colcon.colcon_core.package_identification:_identify(graphs/simple_model_cont_pose) by extensions ['ros']
[3.350s] Level 1:colcon.colcon_core.package_identification:_identify(graphs/simple_model_cont_pose) by extension 'ros'
[3.363s] Level 1:colcon.colcon_core.package_identification:_identify(graphs/simple_model_cont_pose) by extensions ['cmake', 'python']
[3.369s] Level 1:colcon.colcon_core.package_identification:_identify(graphs/simple_model_cont_pose) by extension 'cmake'
[3.370s] Level 1:colcon.colcon_core.package_identification:_identify(graphs/simple_model_cont_pose) by extension 'python'
[3.371s] Level 1:colcon.colcon_core.package_identification:_identify(graphs/simple_model_cont_pose) by extensions ['python_setup_py']
[3.371s] Level 1:colcon.colcon_core.package_identification:_identify(graphs/simple_model_cont_pose) by extension 'python_setup_py'
[3.377s] Level 1:colcon.colcon_core.package_identification:_identify(graphs/simple_model_modified_loss) by extensions ['ignore', 'ignore_ament_install']
[3.377s] Level 1:colcon.colcon_core.package_identification:_identify(graphs/simple_model_modified_loss) by extension 'ignore'
[3.380s] Level 1:colcon.colcon_core.package_identification:_identify(graphs/simple_model_modified_loss) by extension 'ignore_ament_install'
[3.385s] Level 1:colcon.colcon_core.package_identification:_identify(graphs/simple_model_modified_loss) by extensions ['colcon_pkg']
[3.385s] Level 1:colcon.colcon_core.package_identification:_identify(graphs/simple_model_modified_loss) by extension 'colcon_pkg'
[3.385s] Level 1:colcon.colcon_core.package_identification:_identify(graphs/simple_model_modified_loss) by extensions ['colcon_meta']
[3.386s] Level 1:colcon.colcon_core.package_identification:_identify(graphs/simple_model_modified_loss) by extension 'colcon_meta'
[3.386s] Level 1:colcon.colcon_core.package_identification:_identify(graphs/simple_model_modified_loss) by extensions ['ros']
[3.387s] Level 1:colcon.colcon_core.package_identification:_identify(graphs/simple_model_modified_loss) by extension 'ros'
[3.391s] Level 1:colcon.colcon_core.package_identification:_identify(graphs/simple_model_modified_loss) by extensions ['cmake', 'python']
[3.391s] Level 1:colcon.colcon_core.package_identification:_identify(graphs/simple_model_modified_loss) by extension 'cmake'
[3.392s] Level 1:colcon.colcon_core.package_identification:_identify(graphs/simple_model_modified_loss) by extension 'python'
[3.393s] Level 1:colcon.colcon_core.package_identification:_identify(graphs/simple_model_modified_loss) by extensions ['python_setup_py']
[3.394s] Level 1:colcon.colcon_core.package_identification:_identify(graphs/simple_model_modified_loss) by extension 'python_setup_py'
[3.397s] Level 1:colcon.colcon_core.package_identification:_identify(graphs/training_with_big_tag) by extensions ['ignore', 'ignore_ament_install']
[3.397s] Level 1:colcon.colcon_core.package_identification:_identify(graphs/training_with_big_tag) by extension 'ignore'
[3.399s] Level 1:colcon.colcon_core.package_identification:_identify(graphs/training_with_big_tag) by extension 'ignore_ament_install'
[3.400s] Level 1:colcon.colcon_core.package_identification:_identify(graphs/training_with_big_tag) by extensions ['colcon_pkg']
[3.400s] Level 1:colcon.colcon_core.package_identification:_identify(graphs/training_with_big_tag) by extension 'colcon_pkg'
[3.401s] Level 1:colcon.colcon_core.package_identification:_identify(graphs/training_with_big_tag) by extensions ['colcon_meta']
[3.403s] Level 1:colcon.colcon_core.package_identification:_identify(graphs/training_with_big_tag) by extension 'colcon_meta'
[3.404s] Level 1:colcon.colcon_core.package_identification:_identify(graphs/training_with_big_tag) by extensions ['ros']
[3.405s] Level 1:colcon.colcon_core.package_identification:_identify(graphs/training_with_big_tag) by extension 'ros'
[3.412s] Level 1:colcon.colcon_core.package_identification:_identify(graphs/training_with_big_tag) by extensions ['cmake', 'python']
[3.413s] Level 1:colcon.colcon_core.package_identification:_identify(graphs/training_with_big_tag) by extension 'cmake'
[3.414s] Level 1:colcon.colcon_core.package_identification:_identify(graphs/training_with_big_tag) by extension 'python'
[3.415s] Level 1:colcon.colcon_core.package_identification:_identify(graphs/training_with_big_tag) by extensions ['python_setup_py']
[3.415s] Level 1:colcon.colcon_core.package_identification:_identify(graphs/training_with_big_tag) by extension 'python_setup_py'
[3.419s] Level 1:colcon.colcon_core.package_identification:_identify(graphs/video_dataset) by extensions ['ignore', 'ignore_ament_install']
[3.420s] Level 1:colcon.colcon_core.package_identification:_identify(graphs/video_dataset) by extension 'ignore'
[3.421s] Level 1:colcon.colcon_core.package_identification:_identify(graphs/video_dataset) by extension 'ignore_ament_install'
[3.423s] Level 1:colcon.colcon_core.package_identification:_identify(graphs/video_dataset) by extensions ['colcon_pkg']
[3.423s] Level 1:colcon.colcon_core.package_identification:_identify(graphs/video_dataset) by extension 'colcon_pkg'
[3.424s] Level 1:colcon.colcon_core.package_identification:_identify(graphs/video_dataset) by extensions ['colcon_meta']
[3.424s] Level 1:colcon.colcon_core.package_identification:_identify(graphs/video_dataset) by extension 'colcon_meta'
[3.424s] Level 1:colcon.colcon_core.package_identification:_identify(graphs/video_dataset) by extensions ['ros']
[3.425s] Level 1:colcon.colcon_core.package_identification:_identify(graphs/video_dataset) by extension 'ros'
[3.427s] Level 1:colcon.colcon_core.package_identification:_identify(graphs/video_dataset) by extensions ['cmake', 'python']
[3.427s] Level 1:colcon.colcon_core.package_identification:_identify(graphs/video_dataset) by extension 'cmake'
[3.428s] Level 1:colcon.colcon_core.package_identification:_identify(graphs/video_dataset) by extension 'python'
[3.429s] Level 1:colcon.colcon_core.package_identification:_identify(graphs/video_dataset) by extensions ['python_setup_py']
[3.429s] Level 1:colcon.colcon_core.package_identification:_identify(graphs/video_dataset) by extension 'python_setup_py'
[3.439s] Level 1:colcon.colcon_core.package_identification:_identify(graphs/with_class_loss) by extensions ['ignore', 'ignore_ament_install']
[3.442s] Level 1:colcon.colcon_core.package_identification:_identify(graphs/with_class_loss) by extension 'ignore'
[3.442s] Level 1:colcon.colcon_core.package_identification:_identify(graphs/with_class_loss) by extension 'ignore_ament_install'
[3.460s] Level 1:colcon.colcon_core.package_identification:_identify(graphs/with_class_loss) by extensions ['colcon_pkg']
[3.461s] Level 1:colcon.colcon_core.package_identification:_identify(graphs/with_class_loss) by extension 'colcon_pkg'
[3.463s] Level 1:colcon.colcon_core.package_identification:_identify(graphs/with_class_loss) by extensions ['colcon_meta']
[3.463s] Level 1:colcon.colcon_core.package_identification:_identify(graphs/with_class_loss) by extension 'colcon_meta'
[3.464s] Level 1:colcon.colcon_core.package_identification:_identify(graphs/with_class_loss) by extensions ['ros']
[3.466s] Level 1:colcon.colcon_core.package_identification:_identify(graphs/with_class_loss) by extension 'ros'
[3.468s] Level 1:colcon.colcon_core.package_identification:_identify(graphs/with_class_loss) by extensions ['cmake', 'python']
[3.470s] Level 1:colcon.colcon_core.package_identification:_identify(graphs/with_class_loss) by extension 'cmake'
[3.471s] Level 1:colcon.colcon_core.package_identification:_identify(graphs/with_class_loss) by extension 'python'
[3.473s] Level 1:colcon.colcon_core.package_identification:_identify(graphs/with_class_loss) by extensions ['python_setup_py']
[3.473s] Level 1:colcon.colcon_core.package_identification:_identify(graphs/with_class_loss) by extension 'python_setup_py'
[3.485s] Level 1:colcon.colcon_core.package_identification:_identify(install) by extensions ['ignore', 'ignore_ament_install']
[3.489s] Level 1:colcon.colcon_core.package_identification:_identify(install) by extension 'ignore'
[3.489s] Level 1:colcon.colcon_core.package_identification:_identify(install) ignored
[3.492s] Level 1:colcon.colcon_core.package_identification:_identify(log) by extensions ['ignore', 'ignore_ament_install']
[3.492s] Level 1:colcon.colcon_core.package_identification:_identify(log) by extension 'ignore'
[3.492s] Level 1:colcon.colcon_core.package_identification:_identify(log) ignored
[3.496s] Level 1:colcon.colcon_core.package_identification:_identify(results) by extensions ['ignore', 'ignore_ament_install']
[3.499s] Level 1:colcon.colcon_core.package_identification:_identify(results) by extension 'ignore'
[3.499s] Level 1:colcon.colcon_core.package_identification:_identify(results) by extension 'ignore_ament_install'
[3.504s] Level 1:colcon.colcon_core.package_identification:_identify(results) by extensions ['colcon_pkg']
[3.504s] Level 1:colcon.colcon_core.package_identification:_identify(results) by extension 'colcon_pkg'
[3.505s] Level 1:colcon.colcon_core.package_identification:_identify(results) by extensions ['colcon_meta']
[3.505s] Level 1:colcon.colcon_core.package_identification:_identify(results) by extension 'colcon_meta'
[3.505s] Level 1:colcon.colcon_core.package_identification:_identify(results) by extensions ['ros']
[3.506s] Level 1:colcon.colcon_core.package_identification:_identify(results) by extension 'ros'
[3.507s] Level 1:colcon.colcon_core.package_identification:_identify(results) by extensions ['cmake', 'python']
[3.507s] Level 1:colcon.colcon_core.package_identification:_identify(results) by extension 'cmake'
[3.512s] Level 1:colcon.colcon_core.package_identification:_identify(results) by extension 'python'
[3.512s] Level 1:colcon.colcon_core.package_identification:_identify(results) by extensions ['python_setup_py']
[3.512s] Level 1:colcon.colcon_core.package_identification:_identify(results) by extension 'python_setup_py'
[3.515s] Level 1:colcon.colcon_core.package_identification:_identify(results/apriltag) by extensions ['ignore', 'ignore_ament_install']
[3.517s] Level 1:colcon.colcon_core.package_identification:_identify(results/apriltag) by extension 'ignore'
[3.518s] Level 1:colcon.colcon_core.package_identification:_identify(results/apriltag) by extension 'ignore_ament_install'
[3.519s] Level 1:colcon.colcon_core.package_identification:_identify(results/apriltag) by extensions ['colcon_pkg']
[3.519s] Level 1:colcon.colcon_core.package_identification:_identify(results/apriltag) by extension 'colcon_pkg'
[3.520s] Level 1:colcon.colcon_core.package_identification:_identify(results/apriltag) by extensions ['colcon_meta']
[3.520s] Level 1:colcon.colcon_core.package_identification:_identify(results/apriltag) by extension 'colcon_meta'
[3.523s] Level 1:colcon.colcon_core.package_identification:_identify(results/apriltag) by extensions ['ros']
[3.523s] Level 1:colcon.colcon_core.package_identification:_identify(results/apriltag) by extension 'ros'
[3.525s] Level 1:colcon.colcon_core.package_identification:_identify(results/apriltag) by extensions ['cmake', 'python']
[3.526s] Level 1:colcon.colcon_core.package_identification:_identify(results/apriltag) by extension 'cmake'
[3.542s] Level 1:colcon.colcon_core.package_identification:_identify(results/apriltag) by extension 'python'
[3.543s] Level 1:colcon.colcon_core.package_identification:_identify(results/apriltag) by extensions ['python_setup_py']
[3.543s] Level 1:colcon.colcon_core.package_identification:_identify(results/apriltag) by extension 'python_setup_py'
[3.545s] Level 1:colcon.colcon_core.package_identification:_identify(results/model) by extensions ['ignore', 'ignore_ament_install']
[3.546s] Level 1:colcon.colcon_core.package_identification:_identify(results/model) by extension 'ignore'
[3.546s] Level 1:colcon.colcon_core.package_identification:_identify(results/model) by extension 'ignore_ament_install'
[3.547s] Level 1:colcon.colcon_core.package_identification:_identify(results/model) by extensions ['colcon_pkg']
[3.548s] Level 1:colcon.colcon_core.package_identification:_identify(results/model) by extension 'colcon_pkg'
[3.548s] Level 1:colcon.colcon_core.package_identification:_identify(results/model) by extensions ['colcon_meta']
[3.549s] Level 1:colcon.colcon_core.package_identification:_identify(results/model) by extension 'colcon_meta'
[3.549s] Level 1:colcon.colcon_core.package_identification:_identify(results/model) by extensions ['ros']
[3.551s] Level 1:colcon.colcon_core.package_identification:_identify(results/model) by extension 'ros'
[3.555s] Level 1:colcon.colcon_core.package_identification:_identify(results/model) by extensions ['cmake', 'python']
[3.555s] Level 1:colcon.colcon_core.package_identification:_identify(results/model) by extension 'cmake'
[3.556s] Level 1:colcon.colcon_core.package_identification:_identify(results/model) by extension 'python'
[3.556s] Level 1:colcon.colcon_core.package_identification:_identify(results/model) by extensions ['python_setup_py']
[3.556s] Level 1:colcon.colcon_core.package_identification:_identify(results/model) by extension 'python_setup_py'
[3.558s] Level 1:colcon.colcon_core.package_identification:_identify(ros2_ws) by extensions ['ignore', 'ignore_ament_install']
[3.558s] Level 1:colcon.colcon_core.package_identification:_identify(ros2_ws) by extension 'ignore'
[3.561s] Level 1:colcon.colcon_core.package_identification:_identify(ros2_ws) by extension 'ignore_ament_install'
[3.561s] Level 1:colcon.colcon_core.package_identification:_identify(ros2_ws) by extensions ['colcon_pkg']
[3.563s] Level 1:colcon.colcon_core.package_identification:_identify(ros2_ws) by extension 'colcon_pkg'
[3.566s] Level 1:colcon.colcon_core.package_identification:_identify(ros2_ws) by extensions ['colcon_meta']
[3.569s] Level 1:colcon.colcon_core.package_identification:_identify(ros2_ws) by extension 'colcon_meta'
[3.590s] Level 1:colcon.colcon_core.package_identification:_identify(ros2_ws) by extensions ['ros']
[3.590s] Level 1:colcon.colcon_core.package_identification:_identify(ros2_ws) by extension 'ros'
[3.597s] Level 1:colcon.colcon_core.package_identification:_identify(ros2_ws) by extensions ['cmake', 'python']
[3.598s] Level 1:colcon.colcon_core.package_identification:_identify(ros2_ws) by extension 'cmake'
[3.599s] Level 1:colcon.colcon_core.package_identification:_identify(ros2_ws) by extension 'python'
[3.600s] Level 1:colcon.colcon_core.package_identification:_identify(ros2_ws) by extensions ['python_setup_py']
[3.600s] Level 1:colcon.colcon_core.package_identification:_identify(ros2_ws) by extension 'python_setup_py'
[3.608s] Level 1:colcon.colcon_core.package_identification:_identify(ros2_ws/build) by extensions ['ignore', 'ignore_ament_install']
[3.612s] Level 1:colcon.colcon_core.package_identification:_identify(ros2_ws/build) by extension 'ignore'
[3.613s] Level 1:colcon.colcon_core.package_identification:_identify(ros2_ws/build) ignored
[3.616s] Level 1:colcon.colcon_core.package_identification:_identify(ros2_ws/install) by extensions ['ignore', 'ignore_ament_install']
[3.617s] Level 1:colcon.colcon_core.package_identification:_identify(ros2_ws/install) by extension 'ignore'
[3.617s] Level 1:colcon.colcon_core.package_identification:_identify(ros2_ws/install) ignored
[3.627s] Level 1:colcon.colcon_core.package_identification:_identify(ros2_ws/log) by extensions ['ignore', 'ignore_ament_install']
[3.628s] Level 1:colcon.colcon_core.package_identification:_identify(ros2_ws/log) by extension 'ignore'
[3.628s] Level 1:colcon.colcon_core.package_identification:_identify(ros2_ws/log) ignored
[3.632s] Level 1:colcon.colcon_core.package_identification:_identify(ros2_ws/src) by extensions ['ignore', 'ignore_ament_install']
[3.633s] Level 1:colcon.colcon_core.package_identification:_identify(ros2_ws/src) by extension 'ignore'
[3.631s] Level 1:colcon.colcon_core.package_identification:_identify(ros2_ws/src) by extension 'ignore_ament_install'
[3.632s] Level 1:colcon.colcon_core.package_identification:_identify(ros2_ws/src) by extensions ['colcon_pkg']
[3.633s] Level 1:colcon.colcon_core.package_identification:_identify(ros2_ws/src) by extension 'colcon_pkg'
[3.636s] Level 1:colcon.colcon_core.package_identification:_identify(ros2_ws/src) by extensions ['colcon_meta']
[3.637s] Level 1:colcon.colcon_core.package_identification:_identify(ros2_ws/src) by extension 'colcon_meta'
[3.637s] Level 1:colcon.colcon_core.package_identification:_identify(ros2_ws/src) by extensions ['ros']
[3.652s] Level 1:colcon.colcon_core.package_identification:_identify(ros2_ws/src) by extension 'ros'
[3.654s] Level 1:colcon.colcon_core.package_identification:_identify(ros2_ws/src) by extensions ['cmake', 'python']
[3.654s] Level 1:colcon.colcon_core.package_identification:_identify(ros2_ws/src) by extension 'cmake'
[3.654s] Level 1:colcon.colcon_core.package_identification:_identify(ros2_ws/src) by extension 'python'
[3.655s] Level 1:colcon.colcon_core.package_identification:_identify(ros2_ws/src) by extensions ['python_setup_py']
[3.655s] Level 1:colcon.colcon_core.package_identification:_identify(ros2_ws/src) by extension 'python_setup_py'
[3.656s] Level 1:colcon.colcon_core.package_identification:_identify(ros2_ws/src/localization) by extensions ['ignore', 'ignore_ament_install']
[3.657s] Level 1:colcon.colcon_core.package_identification:_identify(ros2_ws/src/localization) by extension 'ignore'
[3.657s] Level 1:colcon.colcon_core.package_identification:_identify(ros2_ws/src/localization) by extension 'ignore_ament_install'
[3.658s] Level 1:colcon.colcon_core.package_identification:_identify(ros2_ws/src/localization) by extensions ['colcon_pkg']
[3.658s] Level 1:colcon.colcon_core.package_identification:_identify(ros2_ws/src/localization) by extension 'colcon_pkg'
[3.659s] Level 1:colcon.colcon_core.package_identification:_identify(ros2_ws/src/localization) by extensions ['colcon_meta']
[3.659s] Level 1:colcon.colcon_core.package_identification:_identify(ros2_ws/src/localization) by extension 'colcon_meta'
[3.659s] Level 1:colcon.colcon_core.package_identification:_identify(ros2_ws/src/localization) by extensions ['ros']
[3.660s] Level 1:colcon.colcon_core.package_identification:_identify(ros2_ws/src/localization) by extension 'ros'
[3.714s] DEBUG:colcon.colcon_core.package_identification:Package 'ros2_ws/src/localization' with type 'ros.ament_python' and name 'localization'
[3.715s] Level 1:colcon.colcon_core.package_identification:_identify(ros2_ws/src/pure_pursuit) by extensions ['ignore', 'ignore_ament_install']
[3.716s] Level 1:colcon.colcon_core.package_identification:_identify(ros2_ws/src/pure_pursuit) by extension 'ignore'
[3.721s] Level 1:colcon.colcon_core.package_identification:_identify(ros2_ws/src/pure_pursuit) by extension 'ignore_ament_install'
[3.722s] Level 1:colcon.colcon_core.package_identification:_identify(ros2_ws/src/pure_pursuit) by extensions ['colcon_pkg']
[3.722s] Level 1:colcon.colcon_core.package_identification:_identify(ros2_ws/src/pure_pursuit) by extension 'colcon_pkg'
[3.723s] Level 1:colcon.colcon_core.package_identification:_identify(ros2_ws/src/pure_pursuit) by extensions ['colcon_meta']
[3.730s] Level 1:colcon.colcon_core.package_identification:_identify(ros2_ws/src/pure_pursuit) by extension 'colcon_meta'
[3.731s] Level 1:colcon.colcon_core.package_identification:_identify(ros2_ws/src/pure_pursuit) by extensions ['ros']
[3.731s] Level 1:colcon.colcon_core.package_identification:_identify(ros2_ws/src/pure_pursuit) by extension 'ros'
[3.738s] DEBUG:colcon.colcon_core.package_identification:Package 'ros2_ws/src/pure_pursuit' with type 'ros.ament_python' and name 'pure_pursuit'
[3.744s] Level 1:colcon.colcon_core.package_identification:_identify(ros2_ws/src/robot_sim) by extensions ['ignore', 'ignore_ament_install']
[3.745s] Level 1:colcon.colcon_core.package_identification:_identify(ros2_ws/src/robot_sim) by extension 'ignore'
[3.763s] Level 1:colcon.colcon_core.package_identification:_identify(ros2_ws/src/robot_sim) by extension 'ignore_ament_install'
[3.763s] Level 1:colcon.colcon_core.package_identification:_identify(ros2_ws/src/robot_sim) by extensions ['colcon_pkg']
[3.764s] Level 1:colcon.colcon_core.package_identification:_identify(ros2_ws/src/robot_sim) by extension 'colcon_pkg'
[3.764s] Level 1:colcon.colcon_core.package_identification:_identify(ros2_ws/src/robot_sim) by extensions ['colcon_meta']
[3.765s] Level 1:colcon.colcon_core.package_identification:_identify(ros2_ws/src/robot_sim) by extension 'colcon_meta'
[3.766s] Level 1:colcon.colcon_core.package_identification:_identify(ros2_ws/src/robot_sim) by extensions ['ros']
[3.768s] Level 1:colcon.colcon_core.package_identification:_identify(ros2_ws/src/robot_sim) by extension 'ros'
[3.772s] DEBUG:colcon.colcon_core.package_identification:Package 'ros2_ws/src/robot_sim' with type 'ros.ament_python' and name 'robot_sim'
[3.774s] Level 1:colcon.colcon_core.package_identification:_identify(videos) by extensions ['ignore', 'ignore_ament_install']
[3.777s] Level 1:colcon.colcon_core.package_identification:_identify(videos) by extension 'ignore'
[3.778s] Level 1:colcon.colcon_core.package_identification:_identify(videos) by extension 'ignore_ament_install'
[3.780s] Level 1:colcon.colcon_core.package_identification:_identify(videos) by extensions ['colcon_pkg']
[3.781s] Level 1:colcon.colcon_core.package_identification:_identify(videos) by extension 'colcon_pkg'
[3.782s] Level 1:colcon.colcon_core.package_identification:_identify(videos) by extensions ['colcon_meta']
[3.783s] Level 1:colcon.colcon_core.package_identification:_identify(videos) by extension 'colcon_meta'
[3.783s] Level 1:colcon.colcon_core.package_identification:_identify(videos) by extensions ['ros']
[3.784s] Level 1:colcon.colcon_core.package_identification:_identify(videos) by extension 'ros'
[3.787s] Level 1:colcon.colcon_core.package_identification:_identify(videos) by extensions ['cmake', 'python']
[3.793s] Level 1:colcon.colcon_core.package_identification:_identify(videos) by extension 'cmake'
[3.796s] Level 1:colcon.colcon_core.package_identification:_identify(videos) by extension 'python'
[3.800s] Level 1:colcon.colcon_core.package_identification:_identify(videos) by extensions ['python_setup_py']
[3.803s] Level 1:colcon.colcon_core.package_identification:_identify(videos) by extension 'python_setup_py'
[3.804s] Level 1:colcon.colcon_core.package_discovery:discover_packages(recursive) using defaults
[3.805s] Level 1:colcon.colcon_core.package_discovery:discover_packages(ignore) discover
[3.805s] Level 1:colcon.colcon_core.package_discovery:discover_packages(ignore) using defaults
[3.805s] Level 1:colcon.colcon_core.package_discovery:discover_packages(path) discover
[3.806s] Level 1:colcon.colcon_core.package_discovery:discover_packages(path) using defaults
[4.035s] Level 5:colcon.colcon_core.verb:set package 'localization' build argument 'cmake_args' from command line to 'None'
[4.037s] Level 5:colcon.colcon_core.verb:set package 'localization' build argument 'cmake_target' from command line to 'None'
[4.039s] Level 5:colcon.colcon_core.verb:set package 'localization' build argument 'cmake_target_skip_unavailable' from command line to 'False'
[4.039s] Level 5:colcon.colcon_core.verb:set package 'localization' build argument 'cmake_clean_cache' from command line to 'False'
[4.041s] Level 5:colcon.colcon_core.verb:set package 'localization' build argument 'cmake_clean_first' from command line to 'False'
[4.041s] Level 5:colcon.colcon_core.verb:set package 'localization' build argument 'cmake_force_configure' from command line to 'False'
[4.041s] Level 5:colcon.colcon_core.verb:set package 'localization' build argument 'ament_cmake_args' from command line to 'None'
[4.043s] Level 5:colcon.colcon_core.verb:set package 'localization' build argument 'catkin_cmake_args' from command line to 'None'
[4.044s] Level 5:colcon.colcon_core.verb:set package 'localization' build argument 'catkin_skip_building_tests' from command line to 'False'
[4.044s] DEBUG:colcon.colcon_core.verb:Building package 'localization' with the following arguments: {'ament_cmake_args': None, 'build_base': '/workspace/build/localization', 'catkin_cmake_args': None, 'catkin_skip_building_tests': False, 'cmake_args': None, 'cmake_clean_cache': False, 'cmake_clean_first': False, 'cmake_force_configure': False, 'cmake_target': None, 'cmake_target_skip_unavailable': False, 'install_base': '/workspace/install/localization', 'merge_install': False, 'path': '/workspace/ros2_ws/src/localization', 'symlink_install': True, 'test_result_base': None}
[4.049s] Level 5:colcon.colcon_core.verb:set package 'pure_pursuit' build argument 'cmake_args' from command line to 'None'
[4.050s] Level 5:colcon.colcon_core.verb:set package 'pure_pursuit' build argument 'cmake_target' from command line to 'None'
[4.050s] Level 5:colcon.colcon_core.verb:set package 'pure_pursuit' build argument 'cmake_target_skip_unavailable' from command line to 'False'
[4.050s] Level 5:colcon.colcon_core.verb:set package 'pure_pursuit' build argument 'cmake_clean_cache' from command line to 'False'
[4.050s] Level 5:colcon.colcon_core.verb:set package 'pure_pursuit' build argument 'cmake_clean_first' from command line to 'False'
[4.051s] Level 5:colcon.colcon_core.verb:set package 'pure_pursuit' build argument 'cmake_force_configure' from command line to 'False'
[4.051s] Level 5:colcon.colcon_core.verb:set package 'pure_pursuit' build argument 'ament_cmake_args' from command line to 'None'
[4.052s] Level 5:colcon.colcon_core.verb:set package 'pure_pursuit' build argument 'catkin_cmake_args' from command line to 'None'
[4.052s] Level 5:colcon.colcon_core.verb:set package 'pure_pursuit' build argument 'catkin_skip_building_tests' from command line to 'False'
[4.052s] DEBUG:colcon.colcon_core.verb:Building package 'pure_pursuit' with the following arguments: {'ament_cmake_args': None, 'build_base': '/workspace/build/pure_pursuit', 'catkin_cmake_args': None, 'catkin_skip_building_tests': False, 'cmake_args': None, 'cmake_clean_cache': False, 'cmake_clean_first': False, 'cmake_force_configure': False, 'cmake_target': None, 'cmake_target_skip_unavailable': False, 'install_base': '/workspace/install/pure_pursuit', 'merge_install': False, 'path': '/workspace/ros2_ws/src/pure_pursuit', 'symlink_install': True, 'test_result_base': None}
[4.079s] Level 5:colcon.colcon_core.verb:set package 'robot_sim' build argument 'cmake_args' from command line to 'None'
[4.081s] Level 5:colcon.colcon_core.verb:set package 'robot_sim' build argument 'cmake_target' from command line to 'None'
[4.090s] Level 5:colcon.colcon_core.verb:set package 'robot_sim' build argument 'cmake_target_skip_unavailable' from command line to 'False'
[4.094s] Level 5:colcon.colcon_core.verb:set package 'robot_sim' build argument 'cmake_clean_cache' from command line to 'False'
[4.094s] Level 5:colcon.colcon_core.verb:set package 'robot_sim' build argument 'cmake_clean_first' from command line to 'False'
[4.094s] Level 5:colcon.colcon_core.verb:set package 'robot_sim' build argument 'cmake_force_configure' from command line to 'False'
[4.094s] Level 5:colcon.colcon_core.verb:set package 'robot_sim' build argument 'ament_cmake_args' from command line to 'None'
[4.095s] Level 5:colcon.colcon_core.verb:set package 'robot_sim' build argument 'catkin_cmake_args' from command line to 'None'
[4.095s] Level 5:colcon.colcon_core.verb:set package 'robot_sim' build argument 'catkin_skip_building_tests' from command line to 'False'
[4.095s] DEBUG:colcon.colcon_core.verb:Building package 'robot_sim' with the following arguments: {'ament_cmake_args': None, 'build_base': '/workspace/build/robot_sim', 'catkin_cmake_args': None, 'catkin_skip_building_tests': False, 'cmake_args': None, 'cmake_clean_cache': False, 'cmake_clean_first': False, 'cmake_force_configure': False, 'cmake_target': None, 'cmake_target_skip_unavailable': False, 'install_base': '/workspace/install/robot_sim', 'merge_install': False, 'path': '/workspace/ros2_ws/src/robot_sim', 'symlink_install': True, 'test_result_base': None}
[4.096s] INFO:colcon.colcon_core.executor:Executing jobs using 'parallel' executor
[4.114s] DEBUG:colcon.colcon_parallel_executor.executor.parallel:run_until_complete
[4.138s] INFO:colcon.colcon_ros.task.ament_python.build:Building ROS package in '/workspace/ros2_ws/src/localization' with build type 'ament_python'
[4.141s] Level 1:colcon.colcon_core.shell:create_environment_hook('localization', 'ament_prefix_path')
[4.156s] INFO:colcon.colcon_core.plugin_system:Skipping extension 'colcon_core.shell.bat': Not used on non-Windows systems
[4.220s] INFO:colcon.colcon_core.shell:Creating environment hook '/workspace/install/localization/share/localization/hook/ament_prefix_path.ps1'
[4.227s] INFO:colcon.colcon_core.shell:Creating environment descriptor '/workspace/install/localization/share/localization/hook/ament_prefix_path.dsv'
[4.235s] INFO:colcon.colcon_core.shell:Creating environment hook '/workspace/install/localization/share/localization/hook/ament_prefix_path.sh'
[4.243s] INFO:colcon.colcon_core.shell:Skip shell extension 'powershell' for command environment: Not usable outside of PowerShell
[4.244s] DEBUG:colcon.colcon_core.shell:Skip shell extension 'dsv' for command environment
[4.282s] WARNING:colcon.colcon_ros.prefix_path.ament:The path '/workspace/install/launch' in the environment variable AMENT_PREFIX_PATH doesn't exist
[4.341s] INFO:colcon.colcon_ros.task.ament_python.build:Building ROS package in '/workspace/ros2_ws/src/pure_pursuit' with build type 'ament_python'
[4.341s] Level 1:colcon.colcon_core.shell:create_environment_hook('pure_pursuit', 'ament_prefix_path')
[4.342s] INFO:colcon.colcon_core.shell:Creating environment hook '/workspace/install/pure_pursuit/share/pure_pursuit/hook/ament_prefix_path.ps1'
[4.356s] INFO:colcon.colcon_core.shell:Creating environment descriptor '/workspace/install/pure_pursuit/share/pure_pursuit/hook/ament_prefix_path.dsv'
[4.361s] INFO:colcon.colcon_core.shell:Creating environment hook '/workspace/install/pure_pursuit/share/pure_pursuit/hook/ament_prefix_path.sh'
[4.387s] INFO:colcon.colcon_core.shell:Skip shell extension 'powershell' for command environment: Not usable outside of PowerShell
[4.387s] DEBUG:colcon.colcon_core.shell:Skip shell extension 'dsv' for command environment
[4.468s] INFO:colcon.colcon_ros.task.ament_python.build:Building ROS package in '/workspace/ros2_ws/src/robot_sim' with build type 'ament_python'
[4.471s] Level 1:colcon.colcon_core.shell:create_environment_hook('robot_sim', 'ament_prefix_path')
[4.477s] INFO:colcon.colcon_core.shell:Creating environment hook '/workspace/install/robot_sim/share/robot_sim/hook/ament_prefix_path.ps1'
[4.506s] INFO:colcon.colcon_core.shell:Creating environment descriptor '/workspace/install/robot_sim/share/robot_sim/hook/ament_prefix_path.dsv'
[4.543s] INFO:colcon.colcon_core.shell:Creating environment hook '/workspace/install/robot_sim/share/robot_sim/hook/ament_prefix_path.sh'
[4.546s] INFO:colcon.colcon_core.shell:Skip shell extension 'powershell' for command environment: Not usable outside of PowerShell
[4.547s] DEBUG:colcon.colcon_core.shell:Skip shell extension 'dsv' for command environment
[6.571s] INFO:colcon.colcon_core.task.python.build:Building Python package in '/workspace/ros2_ws/src/localization'
[6.572s] INFO:colcon.colcon_core.shell:Skip shell extension 'powershell' for command environment: Not usable outside of PowerShell
[6.573s] DEBUG:colcon.colcon_core.shell:Skip shell extension 'dsv' for command environment
[8.765s] INFO:colcon.colcon_core.task.python.build:Building Python package in '/workspace/ros2_ws/src/pure_pursuit'
[8.770s] INFO:colcon.colcon_core.shell:Skip shell extension 'powershell' for command environment: Not usable outside of PowerShell
[8.773s] DEBUG:colcon.colcon_core.shell:Skip shell extension 'dsv' for command environment
[10.775s] INFO:colcon.colcon_core.task.python.build:Building Python package in '/workspace/ros2_ws/src/robot_sim'
[10.776s] INFO:colcon.colcon_core.shell:Skip shell extension 'powershell' for command environment: Not usable outside of PowerShell
[10.776s] DEBUG:colcon.colcon_core.shell:Skip shell extension 'dsv' for command environment
[14.073s] DEBUG:colcon.colcon_core.task.python.build:Available setuptools commands: test, upload, install, symlink_data, alias, build_clib, install_egg_info, upload_docs, install_headers, install_lib, build_py, sdist, clean, bdist_wheel, develop, bdist_egg, easy_install, saveopts, dist_info, rotate, check, install_data, build_scripts, build, egg_info, setopt, bdist_dumb, install_scripts, register, bdist, bdist_rpm, build_ext
[14.100s] DEBUG:colcon.colcon_core.task.python.build:Available setuptools commands: test, upload, install, symlink_data, alias, build_clib, install_egg_info, upload_docs, install_headers, install_lib, build_py, sdist, clean, bdist_wheel, develop, bdist_egg, easy_install, saveopts, dist_info, rotate, check, install_data, build_scripts, build, egg_info, setopt, bdist_dumb, install_scripts, register, bdist, bdist_rpm, build_ext
[14.227s] DEBUG:colcon.colcon_core.task.python.build:Available setuptools commands: test, upload, install, symlink_data, alias, build_clib, install_egg_info, upload_docs, install_headers, install_lib, build_py, sdist, clean, bdist_wheel, develop, bdist_egg, easy_install, saveopts, dist_info, rotate, check, install_data, build_scripts, build, egg_info, setopt, bdist_dumb, install_scripts, register, bdist, bdist_rpm, build_ext
[15.728s] DEBUG:colcon.colcon_core.task.python.build:Available setuptools 'develop' options: --always-unzip, --no-find-links, --dry-run, --user, --install-dir, --verbose, --site-dirs, --help, --optimize, --uninstall, --no-user-cfg, --editable, --build-directory, --quiet, --install-layout, --allow-hosts, --no-deps, --exclude-scripts, --script-dir, --local-snapshots-ok, --prefix, --upgrade, --always-copy, --record, --egg-path, --force-installation-into-system-dir, --find-links, --index-url, --zip-ok, --multi-version, --version
[15.757s] DEBUG:colcon.colcon_core.task.python.build:While undoing a previous installation files outside the Python library path are being ignored: /workspace/install/pure_pursuit/share/ament_index/resource_index/packages/pure_pursuit
[15.757s] DEBUG:colcon.colcon_core.task.python.build:While undoing a previous installation files outside the Python library path are being ignored: /workspace/install/pure_pursuit/share/pure_pursuit/package.xml
[15.780s] DEBUG:colcon.colcon_core.task.python.build:While undoing a previous installation files outside the Python library path are being ignored: /workspace/install/pure_pursuit/lib/pure_pursuit/pure_pursuit_node
[15.865s] DEBUG:colcon.colcon_core.event_handler.log_command:Invoking command in '/workspace/build/pure_pursuit': PYTHONPATH=/workspace/build/pure_pursuit/prefix_override:/usr/lib/python3/dist-packages/colcon_core/task/python/colcon_distutils_commands:/workspace/install/pure_pursuit/lib/python3.10/site-packages:${PYTHONPATH} /usr/bin/python3 -W ignore:setup.py install is deprecated -W ignore:easy_install command is deprecated setup.py develop --editable --build-directory /workspace/build/pure_pursuit/build --no-deps symlink_data --force
[16.088s] DEBUG:colcon.colcon_core.task.python.build:Available setuptools 'develop' options: --always-unzip, --no-find-links, --dry-run, --user, --install-dir, --verbose, --site-dirs, --help, --optimize, --uninstall, --no-user-cfg, --editable, --build-directory, --quiet, --install-layout, --allow-hosts, --no-deps, --exclude-scripts, --script-dir, --local-snapshots-ok, --prefix, --upgrade, --always-copy, --record, --egg-path, --force-installation-into-system-dir, --find-links, --index-url, --zip-ok, --multi-version, --version
[16.263s] DEBUG:colcon.colcon_core.task.python.build:While undoing a previous installation files outside the Python library path are being ignored: /workspace/install/localization/share/ament_index/resource_index/packages/localization
[16.264s] DEBUG:colcon.colcon_core.task.python.build:While undoing a previous installation files outside the Python library path are being ignored: /workspace/install/localization/share/localization/package.xml
[16.264s] DEBUG:colcon.colcon_core.task.python.build:While undoing a previous installation files outside the Python library path are being ignored: /workspace/install/localization/share/localization/launch/localization_bringup.launch.py
[16.272s] DEBUG:colcon.colcon_core.task.python.build:While undoing a previous installation files outside the Python library path are being ignored: /workspace/install/localization/lib/localization/apriltag_node
[16.272s] DEBUG:colcon.colcon_core.task.python.build:While undoing a previous installation files outside the Python library path are being ignored: /workspace/install/localization/lib/localization/localization_node
[16.348s] DEBUG:colcon.colcon_core.event_handler.log_command:Invoking command in '/workspace/build/localization': PYTHONPATH=/workspace/build/localization/prefix_override:/usr/lib/python3/dist-packages/colcon_core/task/python/colcon_distutils_commands:/workspace/install/localization/lib/python3.10/site-packages:${PYTHONPATH} /usr/bin/python3 -W ignore:setup.py install is deprecated -W ignore:easy_install command is deprecated setup.py develop --editable --build-directory /workspace/build/localization/build --no-deps symlink_data --force
[16.749s] DEBUG:colcon.colcon_core.task.python.build:Available setuptools 'develop' options: --always-unzip, --no-find-links, --dry-run, --user, --install-dir, --verbose, --site-dirs, --help, --optimize, --uninstall, --no-user-cfg, --editable, --build-directory, --quiet, --install-layout, --allow-hosts, --no-deps, --exclude-scripts, --script-dir, --local-snapshots-ok, --prefix, --upgrade, --always-copy, --record, --egg-path, --force-installation-into-system-dir, --find-links, --index-url, --zip-ok, --multi-version, --version
[16.772s] DEBUG:colcon.colcon_core.task.python.build:While undoing a previous installation files outside the Python library path are being ignored: /workspace/install/robot_sim/share/ament_index/resource_index/packages/robot_sim
[16.774s] DEBUG:colcon.colcon_core.task.python.build:While undoing a previous installation files outside the Python library path are being ignored: /workspace/install/robot_sim/share/robot_sim/package.xml
[16.780s] DEBUG:colcon.colcon_core.task.python.build:While undoing a previous installation files outside the Python library path are being ignored: /workspace/install/robot_sim/lib/robot_sim/simulator
[16.991s] DEBUG:colcon.colcon_core.event_handler.log_command:Invoking command in '/workspace/build/robot_sim': PYTHONPATH=/workspace/build/robot_sim/prefix_override:/usr/lib/python3/dist-packages/colcon_core/task/python/colcon_distutils_commands:/workspace/install/robot_sim/lib/python3.10/site-packages:${PYTHONPATH} /usr/bin/python3 -W ignore:setup.py install is deprecated -W ignore:easy_install command is deprecated setup.py develop --editable --build-directory /workspace/build/robot_sim/build --no-deps symlink_data --force
[19.965s] Level 1:colcon.colcon_core.shell:create_environment_hook('pure_pursuit', 'pythonpath_develop')
[19.966s] INFO:colcon.colcon_core.shell:Creating environment hook '/workspace/build/pure_pursuit/share/pure_pursuit/hook/pythonpath_develop.ps1'
[19.967s] DEBUG:colcon.colcon_core.event_handler.log_command:Invoked command in '/workspace/build/pure_pursuit' returned '0': PYTHONPATH=/workspace/build/pure_pursuit/prefix_override:/usr/lib/python3/dist-packages/colcon_core/task/python/colcon_distutils_commands:/workspace/install/pure_pursuit/lib/python3.10/site-packages:${PYTHONPATH} /usr/bin/python3 -W ignore:setup.py install is deprecated -W ignore:easy_install command is deprecated setup.py develop --editable --build-directory /workspace/build/pure_pursuit/build --no-deps symlink_data --force
[19.980s] INFO:colcon.colcon_core.shell:Creating environment descriptor '/workspace/build/pure_pursuit/share/pure_pursuit/hook/pythonpath_develop.dsv'
[19.990s] INFO:colcon.colcon_core.shell:Creating environment hook '/workspace/build/pure_pursuit/share/pure_pursuit/hook/pythonpath_develop.sh'
[20.093s] Level 1:colcon.colcon_core.environment:checking '/workspace/install/pure_pursuit' for CMake module files
[20.147s] Level 1:colcon.colcon_core.environment:checking '/workspace/install/pure_pursuit' for CMake config files
[20.250s] Level 1:colcon.colcon_core.environment:checking '/workspace/install/pure_pursuit/lib'
[20.256s] Level 1:colcon.colcon_core.environment:checking '/workspace/install/pure_pursuit/bin'
[20.258s] Level 1:colcon.colcon_core.environment:checking '/workspace/install/pure_pursuit/lib/pkgconfig/pure_pursuit.pc'
[20.264s] Level 1:colcon.colcon_core.environment:checking '/workspace/install/pure_pursuit/lib/python3.10/site-packages'
[20.266s] Level 1:colcon.colcon_core.shell:create_environment_hook('pure_pursuit', 'pythonpath')
[20.271s] INFO:colcon.colcon_core.shell:Creating environment hook '/workspace/install/pure_pursuit/share/pure_pursuit/hook/pythonpath.ps1'
[20.318s] INFO:colcon.colcon_core.shell:Creating environment descriptor '/workspace/install/pure_pursuit/share/pure_pursuit/hook/pythonpath.dsv'
[20.344s] INFO:colcon.colcon_core.shell:Creating environment hook '/workspace/install/pure_pursuit/share/pure_pursuit/hook/pythonpath.sh'
[20.371s] Level 1:colcon.colcon_core.environment:checking '/workspace/install/pure_pursuit/bin'
[20.372s] Level 1:colcon.colcon_core.environment:create_environment_scripts_only(pure_pursuit)
[20.375s] INFO:colcon.colcon_core.shell:Creating package script '/workspace/install/pure_pursuit/share/pure_pursuit/package.ps1'
[20.413s] INFO:colcon.colcon_core.shell:Creating package descriptor '/workspace/install/pure_pursuit/share/pure_pursuit/package.dsv'
[20.423s] INFO:colcon.colcon_core.shell:Creating package script '/workspace/install/pure_pursuit/share/pure_pursuit/package.sh'
[20.433s] INFO:colcon.colcon_core.shell:Creating package script '/workspace/install/pure_pursuit/share/pure_pursuit/package.bash'
[20.441s] INFO:colcon.colcon_core.shell:Creating package script '/workspace/install/pure_pursuit/share/pure_pursuit/package.zsh'
[20.457s] Level 1:colcon.colcon_core.environment:create_file_with_runtime_dependencies(/workspace/install/pure_pursuit/share/colcon-core/packages/pure_pursuit)
[20.856s] Level 1:colcon.colcon_core.shell:create_environment_hook('localization', 'pythonpath_develop')
[20.857s] INFO:colcon.colcon_core.shell:Creating environment hook '/workspace/build/localization/share/localization/hook/pythonpath_develop.ps1'
[20.860s] DEBUG:colcon.colcon_core.event_handler.log_command:Invoked command in '/workspace/build/localization' returned '0': PYTHONPATH=/workspace/build/localization/prefix_override:/usr/lib/python3/dist-packages/colcon_core/task/python/colcon_distutils_commands:/workspace/install/localization/lib/python3.10/site-packages:${PYTHONPATH} /usr/bin/python3 -W ignore:setup.py install is deprecated -W ignore:easy_install command is deprecated setup.py develop --editable --build-directory /workspace/build/localization/build --no-deps symlink_data --force
[20.871s] INFO:colcon.colcon_core.shell:Creating environment descriptor '/workspace/build/localization/share/localization/hook/pythonpath_develop.dsv'
[20.890s] INFO:colcon.colcon_core.shell:Creating environment hook '/workspace/build/localization/share/localization/hook/pythonpath_develop.sh'
[20.895s] Level 1:colcon.colcon_core.environment:checking '/workspace/install/localization' for CMake module files
[20.914s] Level 1:colcon.colcon_core.environment:checking '/workspace/install/localization' for CMake config files
[20.998s] Level 1:colcon.colcon_core.environment:checking '/workspace/install/localization/lib'
[20.999s] Level 1:colcon.colcon_core.environment:checking '/workspace/install/localization/bin'
[21.028s] Level 1:colcon.colcon_core.environment:checking '/workspace/install/localization/lib/pkgconfig/localization.pc'
[21.032s] Level 1:colcon.colcon_core.environment:checking '/workspace/install/localization/lib/python3.10/site-packages'
[21.033s] Level 1:colcon.colcon_core.shell:create_environment_hook('localization', 'pythonpath')
[21.035s] INFO:colcon.colcon_core.shell:Creating environment hook '/workspace/install/localization/share/localization/hook/pythonpath.ps1'
[21.040s] INFO:colcon.colcon_core.shell:Creating environment descriptor '/workspace/install/localization/share/localization/hook/pythonpath.dsv'
[21.044s] INFO:colcon.colcon_core.shell:Creating environment hook '/workspace/install/localization/share/localization/hook/pythonpath.sh'
[21.057s] Level 1:colcon.colcon_core.environment:checking '/workspace/install/localization/bin'
[21.058s] Level 1:colcon.colcon_core.environment:create_environment_scripts_only(localization)
[21.061s] INFO:colcon.colcon_core.shell:Creating package script '/workspace/install/localization/share/localization/package.ps1'
[21.073s] INFO:colcon.colcon_core.shell:Creating package descriptor '/workspace/install/localization/share/localization/package.dsv'
[21.089s] INFO:colcon.colcon_core.shell:Creating package script '/workspace/install/localization/share/localization/package.sh'
[21.117s] INFO:colcon.colcon_core.shell:Creating package script '/workspace/install/localization/share/localization/package.bash'
[21.128s] INFO:colcon.colcon_core.shell:Creating package script '/workspace/install/localization/share/localization/package.zsh'
[21.133s] Level 1:colcon.colcon_core.environment:create_file_with_runtime_dependencies(/workspace/install/localization/share/colcon-core/packages/localization)
[21.314s] Level 1:colcon.colcon_core.shell:create_environment_hook('robot_sim', 'pythonpath_develop')
[21.315s] INFO:colcon.colcon_core.shell:Creating environment hook '/workspace/build/robot_sim/share/robot_sim/hook/pythonpath_develop.ps1'
[21.317s] DEBUG:colcon.colcon_core.event_handler.log_command:Invoked command in '/workspace/build/robot_sim' returned '0': PYTHONPATH=/workspace/build/robot_sim/prefix_override:/usr/lib/python3/dist-packages/colcon_core/task/python/colcon_distutils_commands:/workspace/install/robot_sim/lib/python3.10/site-packages:${PYTHONPATH} /usr/bin/python3 -W ignore:setup.py install is deprecated -W ignore:easy_install command is deprecated setup.py develop --editable --build-directory /workspace/build/robot_sim/build --no-deps symlink_data --force
[21.322s] INFO:colcon.colcon_core.shell:Creating environment descriptor '/workspace/build/robot_sim/share/robot_sim/hook/pythonpath_develop.dsv'
[21.332s] INFO:colcon.colcon_core.shell:Creating environment hook '/workspace/build/robot_sim/share/robot_sim/hook/pythonpath_develop.sh'
[21.339s] Level 1:colcon.colcon_core.environment:checking '/workspace/install/robot_sim' for CMake module files
[21.436s] Level 1:colcon.colcon_core.environment:checking '/workspace/install/robot_sim' for CMake config files
[21.480s] Level 1:colcon.colcon_core.environment:checking '/workspace/install/robot_sim/lib'
[21.494s] Level 1:colcon.colcon_core.environment:checking '/workspace/install/robot_sim/bin'
[21.498s] Level 1:colcon.colcon_core.environment:checking '/workspace/install/robot_sim/lib/pkgconfig/robot_sim.pc'
[21.500s] Level 1:colcon.colcon_core.environment:checking '/workspace/install/robot_sim/lib/python3.10/site-packages'
[21.501s] Level 1:colcon.colcon_core.shell:create_environment_hook('robot_sim', 'pythonpath')
[21.501s] INFO:colcon.colcon_core.shell:Creating environment hook '/workspace/install/robot_sim/share/robot_sim/hook/pythonpath.ps1'
[21.506s] INFO:colcon.colcon_core.shell:Creating environment descriptor '/workspace/install/robot_sim/share/robot_sim/hook/pythonpath.dsv'
[21.521s] INFO:colcon.colcon_core.shell:Creating environment hook '/workspace/install/robot_sim/share/robot_sim/hook/pythonpath.sh'
[21.527s] Level 1:colcon.colcon_core.environment:checking '/workspace/install/robot_sim/bin'
[21.527s] Level 1:colcon.colcon_core.environment:create_environment_scripts_only(robot_sim)
[21.529s] INFO:colcon.colcon_core.shell:Creating package script '/workspace/install/robot_sim/share/robot_sim/package.ps1'
[21.533s] INFO:colcon.colcon_core.shell:Creating package descriptor '/workspace/install/robot_sim/share/robot_sim/package.dsv'
[21.538s] INFO:colcon.colcon_core.shell:Creating package script '/workspace/install/robot_sim/share/robot_sim/package.sh'
[21.543s] INFO:colcon.colcon_core.shell:Creating package script '/workspace/install/robot_sim/share/robot_sim/package.bash'
[21.556s] INFO:colcon.colcon_core.shell:Creating package script '/workspace/install/robot_sim/share/robot_sim/package.zsh'
[21.560s] Level 1:colcon.colcon_core.environment:create_file_with_runtime_dependencies(/workspace/install/robot_sim/share/colcon-core/packages/robot_sim)
[21.565s] DEBUG:colcon.colcon_parallel_executor.executor.parallel:closing loop
[21.568s] DEBUG:colcon.colcon_parallel_executor.executor.parallel:loop closed
[21.568s] DEBUG:colcon.colcon_parallel_executor.executor.parallel:run_until_complete finished with '0'
[21.568s] DEBUG:colcon.colcon_core.event_reactor:joining thread
[21.637s] INFO:colcon.colcon_core.plugin_system:Skipping extension 'colcon_notification.desktop_notification.notify_send': Could not find 'notify-send'
[21.639s] INFO:colcon.colcon_core.plugin_system:Skipping extension 'colcon_notification.desktop_notification.terminal_notifier': Not used on non-Darwin systems
[21.639s] INFO:colcon.colcon_core.plugin_system:Skipping extension 'colcon_notification.desktop_notification.win32': Not used on non-Windows systems
[21.640s] INFO:colcon.colcon_notification.desktop_notification:Sending desktop notification using 'notify2'
[21.641s] DEBUG:colcon.colcon_notification.desktop_notification.notify2:Failed to initialize notify2: org.freedesktop.DBus.Error.NotSupported: Unable to autolaunch a dbus-daemon without a $DISPLAY for X11
[21.642s] DEBUG:colcon.colcon_core.event_reactor:joined thread
[21.643s] INFO:colcon.colcon_core.shell:Creating prefix script '/workspace/install/local_setup.ps1'
[21.651s] INFO:colcon.colcon_core.shell:Creating prefix util module '/workspace/install/_local_setup_util_ps1.py'
[21.660s] INFO:colcon.colcon_core.shell:Creating prefix chain script '/workspace/install/setup.ps1'
[21.677s] INFO:colcon.colcon_core.shell:Creating prefix script '/workspace/install/local_setup.sh'
[21.697s] INFO:colcon.colcon_core.shell:Creating prefix util module '/workspace/install/_local_setup_util_sh.py'
[21.736s] INFO:colcon.colcon_core.shell:Creating prefix chain script '/workspace/install/setup.sh'
[21.769s] INFO:colcon.colcon_core.shell:Creating prefix script '/workspace/install/local_setup.bash'
[21.779s] INFO:colcon.colcon_core.shell:Creating prefix chain script '/workspace/install/setup.bash'
[21.818s] INFO:colcon.colcon_core.shell:Creating prefix script '/workspace/install/local_setup.zsh'
[21.825s] INFO:colcon.colcon_core.shell:Creating prefix chain script '/workspace/install/setup.zsh'
