[0.519s] DEBUG:colcon:Command line arguments: ['/usr/bin/colcon', 'build', '--symlink-install']
[0.520s] DEBUG:colcon:Parsed command line arguments: Namespace(log_base=None, log_level=None, verb_name='build', build_base='build', install_base='install', merge_install=False, symlink_install=True, test_result_base=None, continue_on_error=False, executor='parallel', parallel_workers=8, event_handlers=None, ignore_user_meta=False, metas=['./colcon.meta'], base_paths=['.'], packages_ignore=None, packages_ignore_regex=None, paths=None, packages_up_to=None, packages_up_to_regex=None, packages_above=None, packages_above_and_dependencies=None, packages_above_depth=None, packages_select_by_dep=None, packages_skip_by_dep=None, packages_skip_up_to=None, packages_select_build_failed=False, packages_skip_build_finished=False, packages_select_test_failures=False, packages_skip_test_passed=False, packages_select=None, packages_skip=None, packages_select_regex=None, packages_skip_regex=None, packages_start=None, packages_end=None, cmake_args=None, cmake_target=None, cmake_target_skip_unavailable=False, cmake_clean_cache=False, cmake_clean_first=False, cmake_force_configure=False, ament_cmake_args=None, catkin_cmake_args=None, catkin_skip_building_tests=False, mixin_files=None, mixin=None, verb_parser=<colcon_mixin.mixin.mixin_argument.MixinArgumentDecorator object at 0x7fc824a88d60>, verb_extension=<colcon_core.verb.build.BuildVerb object at 0x7fc824b91f90>, main=<bound method BuildVerb.main of <colcon_core.verb.build.BuildVerb object at 0x7fc824b91f90>>, mixin_verb=('build',))
[1.272s] Level 1:colcon.colcon_core.package_discovery:discover_packages(colcon_meta) check parameters
[1.275s] INFO:colcon.colcon_metadata.package_discovery.colcon_meta:Using configuration from '/root/.colcon/metadata/default/Gazebo.meta'
[1.277s] INFO:colcon.colcon_metadata.package_discovery.colcon_meta:Using configuration from '/root/.colcon/metadata/default/fastdds.meta'
[1.279s] INFO:colcon.colcon_metadata.package_discovery.colcon_meta:Using configuration from '/root/.colcon/metadata/default/fastrtps.meta'
[1.280s] Level 1:colcon.colcon_core.package_discovery:discover_packages(recursive) check parameters
[1.280s] Level 1:colcon.colcon_core.package_discovery:discover_packages(ignore) check parameters
[1.281s] Level 1:colcon.colcon_core.package_discovery:discover_packages(path) check parameters
[1.281s] Level 1:colcon.colcon_core.package_discovery:discover_packages(colcon_meta) discover
[1.288s] Level 1:colcon.colcon_core.package_discovery:discover_packages(recursive) discover
[1.289s] INFO:colcon.colcon_core.package_discovery:Crawling recursively for packages in '/workspace'
[1.291s] Level 1:colcon.colcon_core.package_identification:_identify(.) by extensions ['ignore', 'ignore_ament_install']
[1.292s] Level 1:colcon.colcon_core.package_identification:_identify(.) by extension 'ignore'
[1.293s] Level 1:colcon.colcon_core.package_identification:_identify(.) by extension 'ignore_ament_install'
[1.294s] Level 1:colcon.colcon_core.package_identification:_identify(.) by extensions ['colcon_pkg']
[1.295s] Level 1:colcon.colcon_core.package_identification:_identify(.) by extension 'colcon_pkg'
[1.296s] Level 1:colcon.colcon_core.package_identification:_identify(.) by extensions ['colcon_meta']
[1.296s] Level 1:colcon.colcon_core.package_identification:_identify(.) by extension 'colcon_meta'
[1.297s] Level 1:colcon.colcon_core.package_identification:_identify(.) by extensions ['ros']
[1.298s] Level 1:colcon.colcon_core.package_identification:_identify(.) by extension 'ros'
[1.463s] Level 1:colcon.colcon_core.package_identification:_identify(.) by extensions ['cmake', 'python']
[1.464s] Level 1:colcon.colcon_core.package_identification:_identify(.) by extension 'cmake'
[1.464s] Level 1:colcon.colcon_core.package_identification:_identify(.) by extension 'python'
[1.465s] Level 1:colcon.colcon_core.package_identification:_identify(.) by extensions ['python_setup_py']
[1.465s] Level 1:colcon.colcon_core.package_identification:_identify(.) by extension 'python_setup_py'
[1.469s] Level 1:colcon.colcon_core.package_identification:_identify(__pycache__) by extensions ['ignore', 'ignore_ament_install']
[1.470s] Level 1:colcon.colcon_core.package_identification:_identify(__pycache__) by extension 'ignore'
[1.470s] Level 1:colcon.colcon_core.package_identification:_identify(__pycache__) by extension 'ignore_ament_install'
[1.472s] Level 1:colcon.colcon_core.package_identification:_identify(__pycache__) by extensions ['colcon_pkg']
[1.472s] Level 1:colcon.colcon_core.package_identification:_identify(__pycache__) by extension 'colcon_pkg'
[1.473s] Level 1:colcon.colcon_core.package_identification:_identify(__pycache__) by extensions ['colcon_meta']
[1.473s] Level 1:colcon.colcon_core.package_identification:_identify(__pycache__) by extension 'colcon_meta'
[1.474s] Level 1:colcon.colcon_core.package_identification:_identify(__pycache__) by extensions ['ros']
[1.474s] Level 1:colcon.colcon_core.package_identification:_identify(__pycache__) by extension 'ros'
[1.476s] Level 1:colcon.colcon_core.package_identification:_identify(__pycache__) by extensions ['cmake', 'python']
[1.476s] Level 1:colcon.colcon_core.package_identification:_identify(__pycache__) by extension 'cmake'
[1.477s] Level 1:colcon.colcon_core.package_identification:_identify(__pycache__) by extension 'python'
[1.478s] Level 1:colcon.colcon_core.package_identification:_identify(__pycache__) by extensions ['python_setup_py']
[1.479s] Level 1:colcon.colcon_core.package_identification:_identify(__pycache__) by extension 'python_setup_py'
[1.485s] Level 1:colcon.colcon_core.package_identification:_identify(backbone_model) by extensions ['ignore', 'ignore_ament_install']
[1.485s] Level 1:colcon.colcon_core.package_identification:_identify(backbone_model) by extension 'ignore'
[1.486s] Level 1:colcon.colcon_core.package_identification:_identify(backbone_model) by extension 'ignore_ament_install'
[1.487s] Level 1:colcon.colcon_core.package_identification:_identify(backbone_model) by extensions ['colcon_pkg']
[1.488s] Level 1:colcon.colcon_core.package_identification:_identify(backbone_model) by extension 'colcon_pkg'
[1.489s] Level 1:colcon.colcon_core.package_identification:_identify(backbone_model) by extensions ['colcon_meta']
[1.490s] Level 1:colcon.colcon_core.package_identification:_identify(backbone_model) by extension 'colcon_meta'
[1.490s] Level 1:colcon.colcon_core.package_identification:_identify(backbone_model) by extensions ['ros']
[1.491s] Level 1:colcon.colcon_core.package_identification:_identify(backbone_model) by extension 'ros'
[1.493s] Level 1:colcon.colcon_core.package_identification:_identify(backbone_model) by extensions ['cmake', 'python']
[1.494s] Level 1:colcon.colcon_core.package_identification:_identify(backbone_model) by extension 'cmake'
[1.495s] Level 1:colcon.colcon_core.package_identification:_identify(backbone_model) by extension 'python'
[1.495s] Level 1:colcon.colcon_core.package_identification:_identify(backbone_model) by extensions ['python_setup_py']
[1.495s] Level 1:colcon.colcon_core.package_identification:_identify(backbone_model) by extension 'python_setup_py'
[1.498s] Level 1:colcon.colcon_core.package_identification:_identify(backbone_model/__pycache__) by extensions ['ignore', 'ignore_ament_install']
[1.499s] Level 1:colcon.colcon_core.package_identification:_identify(backbone_model/__pycache__) by extension 'ignore'
[1.499s] Level 1:colcon.colcon_core.package_identification:_identify(backbone_model/__pycache__) by extension 'ignore_ament_install'
[1.500s] Level 1:colcon.colcon_core.package_identification:_identify(backbone_model/__pycache__) by extensions ['colcon_pkg']
[1.500s] Level 1:colcon.colcon_core.package_identification:_identify(backbone_model/__pycache__) by extension 'colcon_pkg'
[1.501s] Level 1:colcon.colcon_core.package_identification:_identify(backbone_model/__pycache__) by extensions ['colcon_meta']
[1.501s] Level 1:colcon.colcon_core.package_identification:_identify(backbone_model/__pycache__) by extension 'colcon_meta'
[1.502s] Level 1:colcon.colcon_core.package_identification:_identify(backbone_model/__pycache__) by extensions ['ros']
[1.502s] Level 1:colcon.colcon_core.package_identification:_identify(backbone_model/__pycache__) by extension 'ros'
[1.504s] Level 1:colcon.colcon_core.package_identification:_identify(backbone_model/__pycache__) by extensions ['cmake', 'python']
[1.505s] Level 1:colcon.colcon_core.package_identification:_identify(backbone_model/__pycache__) by extension 'cmake'
[1.506s] Level 1:colcon.colcon_core.package_identification:_identify(backbone_model/__pycache__) by extension 'python'
[1.507s] Level 1:colcon.colcon_core.package_identification:_identify(backbone_model/__pycache__) by extensions ['python_setup_py']
[1.508s] Level 1:colcon.colcon_core.package_identification:_identify(backbone_model/__pycache__) by extension 'python_setup_py'
[1.513s] Level 1:colcon.colcon_core.package_identification:_identify(backbone_model/real_world_dataset) by extensions ['ignore', 'ignore_ament_install']
[1.514s] Level 1:colcon.colcon_core.package_identification:_identify(backbone_model/real_world_dataset) by extension 'ignore'
[1.515s] Level 1:colcon.colcon_core.package_identification:_identify(backbone_model/real_world_dataset) by extension 'ignore_ament_install'
[1.517s] Level 1:colcon.colcon_core.package_identification:_identify(backbone_model/real_world_dataset) by extensions ['colcon_pkg']
[1.517s] Level 1:colcon.colcon_core.package_identification:_identify(backbone_model/real_world_dataset) by extension 'colcon_pkg'
[1.519s] Level 1:colcon.colcon_core.package_identification:_identify(backbone_model/real_world_dataset) by extensions ['colcon_meta']
[1.520s] Level 1:colcon.colcon_core.package_identification:_identify(backbone_model/real_world_dataset) by extension 'colcon_meta'
[1.520s] Level 1:colcon.colcon_core.package_identification:_identify(backbone_model/real_world_dataset) by extensions ['ros']
[1.521s] Level 1:colcon.colcon_core.package_identification:_identify(backbone_model/real_world_dataset) by extension 'ros'
[1.525s] Level 1:colcon.colcon_core.package_identification:_identify(backbone_model/real_world_dataset) by extensions ['cmake', 'python']
[1.526s] Level 1:colcon.colcon_core.package_identification:_identify(backbone_model/real_world_dataset) by extension 'cmake'
[1.528s] Level 1:colcon.colcon_core.package_identification:_identify(backbone_model/real_world_dataset) by extension 'python'
[1.529s] Level 1:colcon.colcon_core.package_identification:_identify(backbone_model/real_world_dataset) by extensions ['python_setup_py']
[1.530s] Level 1:colcon.colcon_core.package_identification:_identify(backbone_model/real_world_dataset) by extension 'python_setup_py'
[1.534s] Level 1:colcon.colcon_core.package_identification:_identify(backbone_model/real_world_dataset/__pycache__) by extensions ['ignore', 'ignore_ament_install']
[1.536s] Level 1:colcon.colcon_core.package_identification:_identify(backbone_model/real_world_dataset/__pycache__) by extension 'ignore'
[1.538s] Level 1:colcon.colcon_core.package_identification:_identify(backbone_model/real_world_dataset/__pycache__) by extension 'ignore_ament_install'
[1.543s] Level 1:colcon.colcon_core.package_identification:_identify(backbone_model/real_world_dataset/__pycache__) by extensions ['colcon_pkg']
[1.544s] Level 1:colcon.colcon_core.package_identification:_identify(backbone_model/real_world_dataset/__pycache__) by extension 'colcon_pkg'
[1.546s] Level 1:colcon.colcon_core.package_identification:_identify(backbone_model/real_world_dataset/__pycache__) by extensions ['colcon_meta']
[1.547s] Level 1:colcon.colcon_core.package_identification:_identify(backbone_model/real_world_dataset/__pycache__) by extension 'colcon_meta'
[1.548s] Level 1:colcon.colcon_core.package_identification:_identify(backbone_model/real_world_dataset/__pycache__) by extensions ['ros']
[1.548s] Level 1:colcon.colcon_core.package_identification:_identify(backbone_model/real_world_dataset/__pycache__) by extension 'ros'
[1.551s] Level 1:colcon.colcon_core.package_identification:_identify(backbone_model/real_world_dataset/__pycache__) by extensions ['cmake', 'python']
[1.554s] Level 1:colcon.colcon_core.package_identification:_identify(backbone_model/real_world_dataset/__pycache__) by extension 'cmake'
[1.555s] Level 1:colcon.colcon_core.package_identification:_identify(backbone_model/real_world_dataset/__pycache__) by extension 'python'
[1.560s] Level 1:colcon.colcon_core.package_identification:_identify(backbone_model/real_world_dataset/__pycache__) by extensions ['python_setup_py']
[1.562s] Level 1:colcon.colcon_core.package_identification:_identify(backbone_model/real_world_dataset/__pycache__) by extension 'python_setup_py'
[1.578s] Level 1:colcon.colcon_core.package_identification:_identify(backbone_model/real_world_dataset/backgrounds) by extensions ['ignore', 'ignore_ament_install']
[1.580s] Level 1:colcon.colcon_core.package_identification:_identify(backbone_model/real_world_dataset/backgrounds) by extension 'ignore'
[1.581s] Level 1:colcon.colcon_core.package_identification:_identify(backbone_model/real_world_dataset/backgrounds) by extension 'ignore_ament_install'
[1.582s] Level 1:colcon.colcon_core.package_identification:_identify(backbone_model/real_world_dataset/backgrounds) by extensions ['colcon_pkg']
[1.583s] Level 1:colcon.colcon_core.package_identification:_identify(backbone_model/real_world_dataset/backgrounds) by extension 'colcon_pkg'
[1.584s] Level 1:colcon.colcon_core.package_identification:_identify(backbone_model/real_world_dataset/backgrounds) by extensions ['colcon_meta']
[1.584s] Level 1:colcon.colcon_core.package_identification:_identify(backbone_model/real_world_dataset/backgrounds) by extension 'colcon_meta'
[1.585s] Level 1:colcon.colcon_core.package_identification:_identify(backbone_model/real_world_dataset/backgrounds) by extensions ['ros']
[1.586s] Level 1:colcon.colcon_core.package_identification:_identify(backbone_model/real_world_dataset/backgrounds) by extension 'ros'
[1.588s] Level 1:colcon.colcon_core.package_identification:_identify(backbone_model/real_world_dataset/backgrounds) by extensions ['cmake', 'python']
[1.589s] Level 1:colcon.colcon_core.package_identification:_identify(backbone_model/real_world_dataset/backgrounds) by extension 'cmake'
[1.589s] Level 1:colcon.colcon_core.package_identification:_identify(backbone_model/real_world_dataset/backgrounds) by extension 'python'
[1.591s] Level 1:colcon.colcon_core.package_identification:_identify(backbone_model/real_world_dataset/backgrounds) by extensions ['python_setup_py']
[1.591s] Level 1:colcon.colcon_core.package_identification:_identify(backbone_model/real_world_dataset/backgrounds) by extension 'python_setup_py'
[1.682s] Level 1:colcon.colcon_core.package_identification:_identify(backbone_model/real_world_dataset/images) by extensions ['ignore', 'ignore_ament_install']
[1.682s] Level 1:colcon.colcon_core.package_identification:_identify(backbone_model/real_world_dataset/images) by extension 'ignore'
[1.683s] Level 1:colcon.colcon_core.package_identification:_identify(backbone_model/real_world_dataset/images) by extension 'ignore_ament_install'
[1.685s] Level 1:colcon.colcon_core.package_identification:_identify(backbone_model/real_world_dataset/images) by extensions ['colcon_pkg']
[1.685s] Level 1:colcon.colcon_core.package_identification:_identify(backbone_model/real_world_dataset/images) by extension 'colcon_pkg'
[1.687s] Level 1:colcon.colcon_core.package_identification:_identify(backbone_model/real_world_dataset/images) by extensions ['colcon_meta']
[1.687s] Level 1:colcon.colcon_core.package_identification:_identify(backbone_model/real_world_dataset/images) by extension 'colcon_meta'
[1.688s] Level 1:colcon.colcon_core.package_identification:_identify(backbone_model/real_world_dataset/images) by extensions ['ros']
[1.688s] Level 1:colcon.colcon_core.package_identification:_identify(backbone_model/real_world_dataset/images) by extension 'ros'
[1.690s] Level 1:colcon.colcon_core.package_identification:_identify(backbone_model/real_world_dataset/images) by extensions ['cmake', 'python']
[1.691s] Level 1:colcon.colcon_core.package_identification:_identify(backbone_model/real_world_dataset/images) by extension 'cmake'
[1.692s] Level 1:colcon.colcon_core.package_identification:_identify(backbone_model/real_world_dataset/images) by extension 'python'
[1.692s] Level 1:colcon.colcon_core.package_identification:_identify(backbone_model/real_world_dataset/images) by extensions ['python_setup_py']
[1.693s] Level 1:colcon.colcon_core.package_identification:_identify(backbone_model/real_world_dataset/images) by extension 'python_setup_py'
[1.699s] Level 1:colcon.colcon_core.package_identification:_identify(backbone_model/real_world_dataset/limo) by extensions ['ignore', 'ignore_ament_install']
[1.699s] Level 1:colcon.colcon_core.package_identification:_identify(backbone_model/real_world_dataset/limo) by extension 'ignore'
[1.700s] Level 1:colcon.colcon_core.package_identification:_identify(backbone_model/real_world_dataset/limo) by extension 'ignore_ament_install'
[1.701s] Level 1:colcon.colcon_core.package_identification:_identify(backbone_model/real_world_dataset/limo) by extensions ['colcon_pkg']
[1.702s] Level 1:colcon.colcon_core.package_identification:_identify(backbone_model/real_world_dataset/limo) by extension 'colcon_pkg'
[1.704s] Level 1:colcon.colcon_core.package_identification:_identify(backbone_model/real_world_dataset/limo) by extensions ['colcon_meta']
[1.705s] Level 1:colcon.colcon_core.package_identification:_identify(backbone_model/real_world_dataset/limo) by extension 'colcon_meta'
[1.705s] Level 1:colcon.colcon_core.package_identification:_identify(backbone_model/real_world_dataset/limo) by extensions ['ros']
[1.706s] Level 1:colcon.colcon_core.package_identification:_identify(backbone_model/real_world_dataset/limo) by extension 'ros'
[1.707s] Level 1:colcon.colcon_core.package_identification:_identify(backbone_model/real_world_dataset/limo) by extensions ['cmake', 'python']
[1.708s] Level 1:colcon.colcon_core.package_identification:_identify(backbone_model/real_world_dataset/limo) by extension 'cmake'
[1.709s] Level 1:colcon.colcon_core.package_identification:_identify(backbone_model/real_world_dataset/limo) by extension 'python'
[1.710s] Level 1:colcon.colcon_core.package_identification:_identify(backbone_model/real_world_dataset/limo) by extensions ['python_setup_py']
[1.711s] Level 1:colcon.colcon_core.package_identification:_identify(backbone_model/real_world_dataset/limo) by extension 'python_setup_py'
[1.736s] Level 1:colcon.colcon_core.package_identification:_identify(backbone_model/real_world_dataset/video) by extensions ['ignore', 'ignore_ament_install']
[1.737s] Level 1:colcon.colcon_core.package_identification:_identify(backbone_model/real_world_dataset/video) by extension 'ignore'
[1.738s] Level 1:colcon.colcon_core.package_identification:_identify(backbone_model/real_world_dataset/video) by extension 'ignore_ament_install'
[1.739s] Level 1:colcon.colcon_core.package_identification:_identify(backbone_model/real_world_dataset/video) by extensions ['colcon_pkg']
[1.739s] Level 1:colcon.colcon_core.package_identification:_identify(backbone_model/real_world_dataset/video) by extension 'colcon_pkg'
[1.740s] Level 1:colcon.colcon_core.package_identification:_identify(backbone_model/real_world_dataset/video) by extensions ['colcon_meta']
[1.741s] Level 1:colcon.colcon_core.package_identification:_identify(backbone_model/real_world_dataset/video) by extension 'colcon_meta'
[1.741s] Level 1:colcon.colcon_core.package_identification:_identify(backbone_model/real_world_dataset/video) by extensions ['ros']
[1.742s] Level 1:colcon.colcon_core.package_identification:_identify(backbone_model/real_world_dataset/video) by extension 'ros'
[1.743s] Level 1:colcon.colcon_core.package_identification:_identify(backbone_model/real_world_dataset/video) by extensions ['cmake', 'python']
[1.744s] Level 1:colcon.colcon_core.package_identification:_identify(backbone_model/real_world_dataset/video) by extension 'cmake'
[1.744s] Level 1:colcon.colcon_core.package_identification:_identify(backbone_model/real_world_dataset/video) by extension 'python'
[1.745s] Level 1:colcon.colcon_core.package_identification:_identify(backbone_model/real_world_dataset/video) by extensions ['python_setup_py']
[1.746s] Level 1:colcon.colcon_core.package_identification:_identify(backbone_model/real_world_dataset/video) by extension 'python_setup_py'
[1.750s] Level 1:colcon.colcon_core.package_identification:_identify(backbone_model/saved_models) by extensions ['ignore', 'ignore_ament_install']
[1.750s] Level 1:colcon.colcon_core.package_identification:_identify(backbone_model/saved_models) by extension 'ignore'
[1.751s] Level 1:colcon.colcon_core.package_identification:_identify(backbone_model/saved_models) by extension 'ignore_ament_install'
[1.752s] Level 1:colcon.colcon_core.package_identification:_identify(backbone_model/saved_models) by extensions ['colcon_pkg']
[1.753s] Level 1:colcon.colcon_core.package_identification:_identify(backbone_model/saved_models) by extension 'colcon_pkg'
[1.753s] Level 1:colcon.colcon_core.package_identification:_identify(backbone_model/saved_models) by extensions ['colcon_meta']
[1.754s] Level 1:colcon.colcon_core.package_identification:_identify(backbone_model/saved_models) by extension 'colcon_meta'
[1.754s] Level 1:colcon.colcon_core.package_identification:_identify(backbone_model/saved_models) by extensions ['ros']
[1.755s] Level 1:colcon.colcon_core.package_identification:_identify(backbone_model/saved_models) by extension 'ros'
[1.756s] Level 1:colcon.colcon_core.package_identification:_identify(backbone_model/saved_models) by extensions ['cmake', 'python']
[1.757s] Level 1:colcon.colcon_core.package_identification:_identify(backbone_model/saved_models) by extension 'cmake'
[1.757s] Level 1:colcon.colcon_core.package_identification:_identify(backbone_model/saved_models) by extension 'python'
[1.758s] Level 1:colcon.colcon_core.package_identification:_identify(backbone_model/saved_models) by extensions ['python_setup_py']
[1.758s] Level 1:colcon.colcon_core.package_identification:_identify(backbone_model/saved_models) by extension 'python_setup_py'
[1.760s] Level 1:colcon.colcon_core.package_identification:_identify(backbone_model/simple_model_modified) by extensions ['ignore', 'ignore_ament_install']
[1.761s] Level 1:colcon.colcon_core.package_identification:_identify(backbone_model/simple_model_modified) by extension 'ignore'
[1.762s] Level 1:colcon.colcon_core.package_identification:_identify(backbone_model/simple_model_modified) by extension 'ignore_ament_install'
[1.762s] Level 1:colcon.colcon_core.package_identification:_identify(backbone_model/simple_model_modified) by extensions ['colcon_pkg']
[1.763s] Level 1:colcon.colcon_core.package_identification:_identify(backbone_model/simple_model_modified) by extension 'colcon_pkg'
[1.763s] Level 1:colcon.colcon_core.package_identification:_identify(backbone_model/simple_model_modified) by extensions ['colcon_meta']
[1.764s] Level 1:colcon.colcon_core.package_identification:_identify(backbone_model/simple_model_modified) by extension 'colcon_meta'
[1.764s] Level 1:colcon.colcon_core.package_identification:_identify(backbone_model/simple_model_modified) by extensions ['ros']
[1.764s] Level 1:colcon.colcon_core.package_identification:_identify(backbone_model/simple_model_modified) by extension 'ros'
[1.766s] Level 1:colcon.colcon_core.package_identification:_identify(backbone_model/simple_model_modified) by extensions ['cmake', 'python']
[1.766s] Level 1:colcon.colcon_core.package_identification:_identify(backbone_model/simple_model_modified) by extension 'cmake'
[1.767s] Level 1:colcon.colcon_core.package_identification:_identify(backbone_model/simple_model_modified) by extension 'python'
[1.769s] Level 1:colcon.colcon_core.package_identification:_identify(backbone_model/simple_model_modified) by extensions ['python_setup_py']
[1.769s] Level 1:colcon.colcon_core.package_identification:_identify(backbone_model/simple_model_modified) by extension 'python_setup_py'
[1.772s] Level 1:colcon.colcon_core.package_identification:_identify(backbone_model/simple_model_modified/__pycache__) by extensions ['ignore', 'ignore_ament_install']
[1.773s] Level 1:colcon.colcon_core.package_identification:_identify(backbone_model/simple_model_modified/__pycache__) by extension 'ignore'
[1.774s] Level 1:colcon.colcon_core.package_identification:_identify(backbone_model/simple_model_modified/__pycache__) by extension 'ignore_ament_install'
[1.775s] Level 1:colcon.colcon_core.package_identification:_identify(backbone_model/simple_model_modified/__pycache__) by extensions ['colcon_pkg']
[1.776s] Level 1:colcon.colcon_core.package_identification:_identify(backbone_model/simple_model_modified/__pycache__) by extension 'colcon_pkg'
[1.776s] Level 1:colcon.colcon_core.package_identification:_identify(backbone_model/simple_model_modified/__pycache__) by extensions ['colcon_meta']
[1.777s] Level 1:colcon.colcon_core.package_identification:_identify(backbone_model/simple_model_modified/__pycache__) by extension 'colcon_meta'
[1.778s] Level 1:colcon.colcon_core.package_identification:_identify(backbone_model/simple_model_modified/__pycache__) by extensions ['ros']
[1.778s] Level 1:colcon.colcon_core.package_identification:_identify(backbone_model/simple_model_modified/__pycache__) by extension 'ros'
[1.780s] Level 1:colcon.colcon_core.package_identification:_identify(backbone_model/simple_model_modified/__pycache__) by extensions ['cmake', 'python']
[1.781s] Level 1:colcon.colcon_core.package_identification:_identify(backbone_model/simple_model_modified/__pycache__) by extension 'cmake'
[1.782s] Level 1:colcon.colcon_core.package_identification:_identify(backbone_model/simple_model_modified/__pycache__) by extension 'python'
[1.782s] Level 1:colcon.colcon_core.package_identification:_identify(backbone_model/simple_model_modified/__pycache__) by extensions ['python_setup_py']
[1.783s] Level 1:colcon.colcon_core.package_identification:_identify(backbone_model/simple_model_modified/__pycache__) by extension 'python_setup_py'
[1.787s] Level 1:colcon.colcon_core.package_identification:_identify(backbone_model/synthetic_limo_dataset) by extensions ['ignore', 'ignore_ament_install']
[1.788s] Level 1:colcon.colcon_core.package_identification:_identify(backbone_model/synthetic_limo_dataset) by extension 'ignore'
[1.789s] Level 1:colcon.colcon_core.package_identification:_identify(backbone_model/synthetic_limo_dataset) by extension 'ignore_ament_install'
[1.790s] Level 1:colcon.colcon_core.package_identification:_identify(backbone_model/synthetic_limo_dataset) by extensions ['colcon_pkg']
[1.791s] Level 1:colcon.colcon_core.package_identification:_identify(backbone_model/synthetic_limo_dataset) by extension 'colcon_pkg'
[1.792s] Level 1:colcon.colcon_core.package_identification:_identify(backbone_model/synthetic_limo_dataset) by extensions ['colcon_meta']
[1.792s] Level 1:colcon.colcon_core.package_identification:_identify(backbone_model/synthetic_limo_dataset) by extension 'colcon_meta'
[1.793s] Level 1:colcon.colcon_core.package_identification:_identify(backbone_model/synthetic_limo_dataset) by extensions ['ros']
[1.793s] Level 1:colcon.colcon_core.package_identification:_identify(backbone_model/synthetic_limo_dataset) by extension 'ros'
[1.795s] Level 1:colcon.colcon_core.package_identification:_identify(backbone_model/synthetic_limo_dataset) by extensions ['cmake', 'python']
[1.795s] Level 1:colcon.colcon_core.package_identification:_identify(backbone_model/synthetic_limo_dataset) by extension 'cmake'
[1.796s] Level 1:colcon.colcon_core.package_identification:_identify(backbone_model/synthetic_limo_dataset) by extension 'python'
[1.797s] Level 1:colcon.colcon_core.package_identification:_identify(backbone_model/synthetic_limo_dataset) by extensions ['python_setup_py']
[1.797s] Level 1:colcon.colcon_core.package_identification:_identify(backbone_model/synthetic_limo_dataset) by extension 'python_setup_py'
[1.800s] Level 1:colcon.colcon_core.package_identification:_identify(backbone_model/synthetic_limo_dataset/__pycache__) by extensions ['ignore', 'ignore_ament_install']
[1.801s] Level 1:colcon.colcon_core.package_identification:_identify(backbone_model/synthetic_limo_dataset/__pycache__) by extension 'ignore'
[1.802s] Level 1:colcon.colcon_core.package_identification:_identify(backbone_model/synthetic_limo_dataset/__pycache__) by extension 'ignore_ament_install'
[1.803s] Level 1:colcon.colcon_core.package_identification:_identify(backbone_model/synthetic_limo_dataset/__pycache__) by extensions ['colcon_pkg']
[1.805s] Level 1:colcon.colcon_core.package_identification:_identify(backbone_model/synthetic_limo_dataset/__pycache__) by extension 'colcon_pkg'
[1.805s] Level 1:colcon.colcon_core.package_identification:_identify(backbone_model/synthetic_limo_dataset/__pycache__) by extensions ['colcon_meta']
[1.806s] Level 1:colcon.colcon_core.package_identification:_identify(backbone_model/synthetic_limo_dataset/__pycache__) by extension 'colcon_meta'
[1.807s] Level 1:colcon.colcon_core.package_identification:_identify(backbone_model/synthetic_limo_dataset/__pycache__) by extensions ['ros']
[1.807s] Level 1:colcon.colcon_core.package_identification:_identify(backbone_model/synthetic_limo_dataset/__pycache__) by extension 'ros'
[1.809s] Level 1:colcon.colcon_core.package_identification:_identify(backbone_model/synthetic_limo_dataset/__pycache__) by extensions ['cmake', 'python']
[1.809s] Level 1:colcon.colcon_core.package_identification:_identify(backbone_model/synthetic_limo_dataset/__pycache__) by extension 'cmake'
[1.813s] Level 1:colcon.colcon_core.package_identification:_identify(backbone_model/synthetic_limo_dataset/__pycache__) by extension 'python'
[1.816s] Level 1:colcon.colcon_core.package_identification:_identify(backbone_model/synthetic_limo_dataset/__pycache__) by extensions ['python_setup_py']
[1.817s] Level 1:colcon.colcon_core.package_identification:_identify(backbone_model/synthetic_limo_dataset/__pycache__) by extension 'python_setup_py'
[1.904s] Level 1:colcon.colcon_core.package_identification:_identify(backbone_model/synthetic_limo_dataset/images) by extensions ['ignore', 'ignore_ament_install']
[1.904s] Level 1:colcon.colcon_core.package_identification:_identify(backbone_model/synthetic_limo_dataset/images) by extension 'ignore'
[1.905s] Level 1:colcon.colcon_core.package_identification:_identify(backbone_model/synthetic_limo_dataset/images) by extension 'ignore_ament_install'
[1.906s] Level 1:colcon.colcon_core.package_identification:_identify(backbone_model/synthetic_limo_dataset/images) by extensions ['colcon_pkg']
[1.907s] Level 1:colcon.colcon_core.package_identification:_identify(backbone_model/synthetic_limo_dataset/images) by extension 'colcon_pkg'
[1.908s] Level 1:colcon.colcon_core.package_identification:_identify(backbone_model/synthetic_limo_dataset/images) by extensions ['colcon_meta']
[1.908s] Level 1:colcon.colcon_core.package_identification:_identify(backbone_model/synthetic_limo_dataset/images) by extension 'colcon_meta'
[1.908s] Level 1:colcon.colcon_core.package_identification:_identify(backbone_model/synthetic_limo_dataset/images) by extensions ['ros']
[1.909s] Level 1:colcon.colcon_core.package_identification:_identify(backbone_model/synthetic_limo_dataset/images) by extension 'ros'
[1.910s] Level 1:colcon.colcon_core.package_identification:_identify(backbone_model/synthetic_limo_dataset/images) by extensions ['cmake', 'python']
[1.910s] Level 1:colcon.colcon_core.package_identification:_identify(backbone_model/synthetic_limo_dataset/images) by extension 'cmake'
[1.911s] Level 1:colcon.colcon_core.package_identification:_identify(backbone_model/synthetic_limo_dataset/images) by extension 'python'
[1.912s] Level 1:colcon.colcon_core.package_identification:_identify(backbone_model/synthetic_limo_dataset/images) by extensions ['python_setup_py']
[1.912s] Level 1:colcon.colcon_core.package_identification:_identify(backbone_model/synthetic_limo_dataset/images) by extension 'python_setup_py'
[1.915s] Level 1:colcon.colcon_core.package_identification:_identify(backbone_model/testing) by extensions ['ignore', 'ignore_ament_install']
[1.915s] Level 1:colcon.colcon_core.package_identification:_identify(backbone_model/testing) by extension 'ignore'
[1.916s] Level 1:colcon.colcon_core.package_identification:_identify(backbone_model/testing) by extension 'ignore_ament_install'
[1.918s] Level 1:colcon.colcon_core.package_identification:_identify(backbone_model/testing) by extensions ['colcon_pkg']
[1.918s] Level 1:colcon.colcon_core.package_identification:_identify(backbone_model/testing) by extension 'colcon_pkg'
[1.919s] Level 1:colcon.colcon_core.package_identification:_identify(backbone_model/testing) by extensions ['colcon_meta']
[1.919s] Level 1:colcon.colcon_core.package_identification:_identify(backbone_model/testing) by extension 'colcon_meta'
[1.920s] Level 1:colcon.colcon_core.package_identification:_identify(backbone_model/testing) by extensions ['ros']
[1.920s] Level 1:colcon.colcon_core.package_identification:_identify(backbone_model/testing) by extension 'ros'
[1.922s] Level 1:colcon.colcon_core.package_identification:_identify(backbone_model/testing) by extensions ['cmake', 'python']
[1.922s] Level 1:colcon.colcon_core.package_identification:_identify(backbone_model/testing) by extension 'cmake'
[1.923s] Level 1:colcon.colcon_core.package_identification:_identify(backbone_model/testing) by extension 'python'
[1.924s] Level 1:colcon.colcon_core.package_identification:_identify(backbone_model/testing) by extensions ['python_setup_py']
[1.924s] Level 1:colcon.colcon_core.package_identification:_identify(backbone_model/testing) by extension 'python_setup_py'
[1.926s] Level 1:colcon.colcon_core.package_identification:_identify(backbone_model/testing/__pycache__) by extensions ['ignore', 'ignore_ament_install']
[1.927s] Level 1:colcon.colcon_core.package_identification:_identify(backbone_model/testing/__pycache__) by extension 'ignore'
[1.927s] Level 1:colcon.colcon_core.package_identification:_identify(backbone_model/testing/__pycache__) by extension 'ignore_ament_install'
[1.928s] Level 1:colcon.colcon_core.package_identification:_identify(backbone_model/testing/__pycache__) by extensions ['colcon_pkg']
[1.929s] Level 1:colcon.colcon_core.package_identification:_identify(backbone_model/testing/__pycache__) by extension 'colcon_pkg'
[1.929s] Level 1:colcon.colcon_core.package_identification:_identify(backbone_model/testing/__pycache__) by extensions ['colcon_meta']
[1.930s] Level 1:colcon.colcon_core.package_identification:_identify(backbone_model/testing/__pycache__) by extension 'colcon_meta'
[1.931s] Level 1:colcon.colcon_core.package_identification:_identify(backbone_model/testing/__pycache__) by extensions ['ros']
[1.931s] Level 1:colcon.colcon_core.package_identification:_identify(backbone_model/testing/__pycache__) by extension 'ros'
[1.933s] Level 1:colcon.colcon_core.package_identification:_identify(backbone_model/testing/__pycache__) by extensions ['cmake', 'python']
[1.935s] Level 1:colcon.colcon_core.package_identification:_identify(backbone_model/testing/__pycache__) by extension 'cmake'
[1.937s] Level 1:colcon.colcon_core.package_identification:_identify(backbone_model/testing/__pycache__) by extension 'python'
[1.937s] Level 1:colcon.colcon_core.package_identification:_identify(backbone_model/testing/__pycache__) by extensions ['python_setup_py']
[1.938s] Level 1:colcon.colcon_core.package_identification:_identify(backbone_model/testing/__pycache__) by extension 'python_setup_py'
[2.008s] Level 1:colcon.colcon_core.package_identification:_identify(backbone_model/training_video_data) by extensions ['ignore', 'ignore_ament_install']
[2.009s] Level 1:colcon.colcon_core.package_identification:_identify(backbone_model/training_video_data) by extension 'ignore'
[2.010s] Level 1:colcon.colcon_core.package_identification:_identify(backbone_model/training_video_data) by extension 'ignore_ament_install'
[2.011s] Level 1:colcon.colcon_core.package_identification:_identify(backbone_model/training_video_data) by extensions ['colcon_pkg']
[2.011s] Level 1:colcon.colcon_core.package_identification:_identify(backbone_model/training_video_data) by extension 'colcon_pkg'
[2.012s] Level 1:colcon.colcon_core.package_identification:_identify(backbone_model/training_video_data) by extensions ['colcon_meta']
[2.012s] Level 1:colcon.colcon_core.package_identification:_identify(backbone_model/training_video_data) by extension 'colcon_meta'
[2.013s] Level 1:colcon.colcon_core.package_identification:_identify(backbone_model/training_video_data) by extensions ['ros']
[2.013s] Level 1:colcon.colcon_core.package_identification:_identify(backbone_model/training_video_data) by extension 'ros'
[2.014s] Level 1:colcon.colcon_core.package_identification:_identify(backbone_model/training_video_data) by extensions ['cmake', 'python']
[2.015s] Level 1:colcon.colcon_core.package_identification:_identify(backbone_model/training_video_data) by extension 'cmake'
[2.015s] Level 1:colcon.colcon_core.package_identification:_identify(backbone_model/training_video_data) by extension 'python'
[2.016s] Level 1:colcon.colcon_core.package_identification:_identify(backbone_model/training_video_data) by extensions ['python_setup_py']
[2.016s] Level 1:colcon.colcon_core.package_identification:_identify(backbone_model/training_video_data) by extension 'python_setup_py'
[2.018s] Level 1:colcon.colcon_core.package_identification:_identify(backbone_model/training_video_data/__pycache__) by extensions ['ignore', 'ignore_ament_install']
[2.019s] Level 1:colcon.colcon_core.package_identification:_identify(backbone_model/training_video_data/__pycache__) by extension 'ignore'
[2.020s] Level 1:colcon.colcon_core.package_identification:_identify(backbone_model/training_video_data/__pycache__) by extension 'ignore_ament_install'
[2.021s] Level 1:colcon.colcon_core.package_identification:_identify(backbone_model/training_video_data/__pycache__) by extensions ['colcon_pkg']
[2.021s] Level 1:colcon.colcon_core.package_identification:_identify(backbone_model/training_video_data/__pycache__) by extension 'colcon_pkg'
[2.022s] Level 1:colcon.colcon_core.package_identification:_identify(backbone_model/training_video_data/__pycache__) by extensions ['colcon_meta']
[2.023s] Level 1:colcon.colcon_core.package_identification:_identify(backbone_model/training_video_data/__pycache__) by extension 'colcon_meta'
[2.023s] Level 1:colcon.colcon_core.package_identification:_identify(backbone_model/training_video_data/__pycache__) by extensions ['ros']
[2.024s] Level 1:colcon.colcon_core.package_identification:_identify(backbone_model/training_video_data/__pycache__) by extension 'ros'
[2.026s] Level 1:colcon.colcon_core.package_identification:_identify(backbone_model/training_video_data/__pycache__) by extensions ['cmake', 'python']
[2.027s] Level 1:colcon.colcon_core.package_identification:_identify(backbone_model/training_video_data/__pycache__) by extension 'cmake'
[2.028s] Level 1:colcon.colcon_core.package_identification:_identify(backbone_model/training_video_data/__pycache__) by extension 'python'
[2.030s] Level 1:colcon.colcon_core.package_identification:_identify(backbone_model/training_video_data/__pycache__) by extensions ['python_setup_py']
[2.030s] Level 1:colcon.colcon_core.package_identification:_identify(backbone_model/training_video_data/__pycache__) by extension 'python_setup_py'
[2.035s] Level 1:colcon.colcon_core.package_identification:_identify(build) by extensions ['ignore', 'ignore_ament_install']
[2.036s] Level 1:colcon.colcon_core.package_identification:_identify(build) by extension 'ignore'
[2.037s] Level 1:colcon.colcon_core.package_identification:_identify(build) ignored
[2.039s] Level 1:colcon.colcon_core.package_identification:_identify(camera_stream) by extensions ['ignore', 'ignore_ament_install']
[2.040s] Level 1:colcon.colcon_core.package_identification:_identify(camera_stream) by extension 'ignore'
[2.041s] Level 1:colcon.colcon_core.package_identification:_identify(camera_stream) by extension 'ignore_ament_install'
[2.042s] Level 1:colcon.colcon_core.package_identification:_identify(camera_stream) by extensions ['colcon_pkg']
[2.043s] Level 1:colcon.colcon_core.package_identification:_identify(camera_stream) by extension 'colcon_pkg'
[2.044s] Level 1:colcon.colcon_core.package_identification:_identify(camera_stream) by extensions ['colcon_meta']
[2.045s] Level 1:colcon.colcon_core.package_identification:_identify(camera_stream) by extension 'colcon_meta'
[2.045s] Level 1:colcon.colcon_core.package_identification:_identify(camera_stream) by extensions ['ros']
[2.046s] Level 1:colcon.colcon_core.package_identification:_identify(camera_stream) by extension 'ros'
[2.048s] Level 1:colcon.colcon_core.package_identification:_identify(camera_stream) by extensions ['cmake', 'python']
[2.048s] Level 1:colcon.colcon_core.package_identification:_identify(camera_stream) by extension 'cmake'
[2.049s] Level 1:colcon.colcon_core.package_identification:_identify(camera_stream) by extension 'python'
[2.049s] Level 1:colcon.colcon_core.package_identification:_identify(camera_stream) by extensions ['python_setup_py']
[2.050s] Level 1:colcon.colcon_core.package_identification:_identify(camera_stream) by extension 'python_setup_py'
[2.060s] Level 1:colcon.colcon_core.package_identification:_identify(graphs) by extensions ['ignore', 'ignore_ament_install']
[2.061s] Level 1:colcon.colcon_core.package_identification:_identify(graphs) by extension 'ignore'
[2.061s] Level 1:colcon.colcon_core.package_identification:_identify(graphs) by extension 'ignore_ament_install'
[2.062s] Level 1:colcon.colcon_core.package_identification:_identify(graphs) by extensions ['colcon_pkg']
[2.062s] Level 1:colcon.colcon_core.package_identification:_identify(graphs) by extension 'colcon_pkg'
[2.063s] Level 1:colcon.colcon_core.package_identification:_identify(graphs) by extensions ['colcon_meta']
[2.064s] Level 1:colcon.colcon_core.package_identification:_identify(graphs) by extension 'colcon_meta'
[2.064s] Level 1:colcon.colcon_core.package_identification:_identify(graphs) by extensions ['ros']
[2.065s] Level 1:colcon.colcon_core.package_identification:_identify(graphs) by extension 'ros'
[2.066s] Level 1:colcon.colcon_core.package_identification:_identify(graphs) by extensions ['cmake', 'python']
[2.066s] Level 1:colcon.colcon_core.package_identification:_identify(graphs) by extension 'cmake'
[2.067s] Level 1:colcon.colcon_core.package_identification:_identify(graphs) by extension 'python'
[2.068s] Level 1:colcon.colcon_core.package_identification:_identify(graphs) by extensions ['python_setup_py']
[2.068s] Level 1:colcon.colcon_core.package_identification:_identify(graphs) by extension 'python_setup_py'
[2.071s] Level 1:colcon.colcon_core.package_identification:_identify(graphs/homography) by extensions ['ignore', 'ignore_ament_install']
[2.071s] Level 1:colcon.colcon_core.package_identification:_identify(graphs/homography) by extension 'ignore'
[2.073s] Level 1:colcon.colcon_core.package_identification:_identify(graphs/homography) by extension 'ignore_ament_install'
[2.074s] Level 1:colcon.colcon_core.package_identification:_identify(graphs/homography) by extensions ['colcon_pkg']
[2.074s] Level 1:colcon.colcon_core.package_identification:_identify(graphs/homography) by extension 'colcon_pkg'
[2.075s] Level 1:colcon.colcon_core.package_identification:_identify(graphs/homography) by extensions ['colcon_meta']
[2.075s] Level 1:colcon.colcon_core.package_identification:_identify(graphs/homography) by extension 'colcon_meta'
[2.076s] Level 1:colcon.colcon_core.package_identification:_identify(graphs/homography) by extensions ['ros']
[2.076s] Level 1:colcon.colcon_core.package_identification:_identify(graphs/homography) by extension 'ros'
[2.078s] Level 1:colcon.colcon_core.package_identification:_identify(graphs/homography) by extensions ['cmake', 'python']
[2.078s] Level 1:colcon.colcon_core.package_identification:_identify(graphs/homography) by extension 'cmake'
[2.079s] Level 1:colcon.colcon_core.package_identification:_identify(graphs/homography) by extension 'python'
[2.080s] Level 1:colcon.colcon_core.package_identification:_identify(graphs/homography) by extensions ['python_setup_py']
[2.080s] Level 1:colcon.colcon_core.package_identification:_identify(graphs/homography) by extension 'python_setup_py'
[2.083s] Level 1:colcon.colcon_core.package_identification:_identify(graphs/noisy_dataset) by extensions ['ignore', 'ignore_ament_install']
[2.084s] Level 1:colcon.colcon_core.package_identification:_identify(graphs/noisy_dataset) by extension 'ignore'
[2.085s] Level 1:colcon.colcon_core.package_identification:_identify(graphs/noisy_dataset) by extension 'ignore_ament_install'
[2.087s] Level 1:colcon.colcon_core.package_identification:_identify(graphs/noisy_dataset) by extensions ['colcon_pkg']
[2.087s] Level 1:colcon.colcon_core.package_identification:_identify(graphs/noisy_dataset) by extension 'colcon_pkg'
[2.088s] Level 1:colcon.colcon_core.package_identification:_identify(graphs/noisy_dataset) by extensions ['colcon_meta']
[2.089s] Level 1:colcon.colcon_core.package_identification:_identify(graphs/noisy_dataset) by extension 'colcon_meta'
[2.089s] Level 1:colcon.colcon_core.package_identification:_identify(graphs/noisy_dataset) by extensions ['ros']
[2.090s] Level 1:colcon.colcon_core.package_identification:_identify(graphs/noisy_dataset) by extension 'ros'
[2.092s] Level 1:colcon.colcon_core.package_identification:_identify(graphs/noisy_dataset) by extensions ['cmake', 'python']
[2.092s] Level 1:colcon.colcon_core.package_identification:_identify(graphs/noisy_dataset) by extension 'cmake'
[2.093s] Level 1:colcon.colcon_core.package_identification:_identify(graphs/noisy_dataset) by extension 'python'
[2.096s] Level 1:colcon.colcon_core.package_identification:_identify(graphs/noisy_dataset) by extensions ['python_setup_py']
[2.096s] Level 1:colcon.colcon_core.package_identification:_identify(graphs/noisy_dataset) by extension 'python_setup_py'
[2.100s] Level 1:colcon.colcon_core.package_identification:_identify(graphs/real_world_synthetic_dataset) by extensions ['ignore', 'ignore_ament_install']
[2.100s] Level 1:colcon.colcon_core.package_identification:_identify(graphs/real_world_synthetic_dataset) by extension 'ignore'
[2.101s] Level 1:colcon.colcon_core.package_identification:_identify(graphs/real_world_synthetic_dataset) by extension 'ignore_ament_install'
[2.102s] Level 1:colcon.colcon_core.package_identification:_identify(graphs/real_world_synthetic_dataset) by extensions ['colcon_pkg']
[2.103s] Level 1:colcon.colcon_core.package_identification:_identify(graphs/real_world_synthetic_dataset) by extension 'colcon_pkg'
[2.104s] Level 1:colcon.colcon_core.package_identification:_identify(graphs/real_world_synthetic_dataset) by extensions ['colcon_meta']
[2.104s] Level 1:colcon.colcon_core.package_identification:_identify(graphs/real_world_synthetic_dataset) by extension 'colcon_meta'
[2.104s] Level 1:colcon.colcon_core.package_identification:_identify(graphs/real_world_synthetic_dataset) by extensions ['ros']
[2.105s] Level 1:colcon.colcon_core.package_identification:_identify(graphs/real_world_synthetic_dataset) by extension 'ros'
[2.107s] Level 1:colcon.colcon_core.package_identification:_identify(graphs/real_world_synthetic_dataset) by extensions ['cmake', 'python']
[2.107s] Level 1:colcon.colcon_core.package_identification:_identify(graphs/real_world_synthetic_dataset) by extension 'cmake'
[2.108s] Level 1:colcon.colcon_core.package_identification:_identify(graphs/real_world_synthetic_dataset) by extension 'python'
[2.109s] Level 1:colcon.colcon_core.package_identification:_identify(graphs/real_world_synthetic_dataset) by extensions ['python_setup_py']
[2.110s] Level 1:colcon.colcon_core.package_identification:_identify(graphs/real_world_synthetic_dataset) by extension 'python_setup_py'
[2.113s] Level 1:colcon.colcon_core.package_identification:_identify(graphs/simple_model_cont_pose) by extensions ['ignore', 'ignore_ament_install']
[2.114s] Level 1:colcon.colcon_core.package_identification:_identify(graphs/simple_model_cont_pose) by extension 'ignore'
[2.115s] Level 1:colcon.colcon_core.package_identification:_identify(graphs/simple_model_cont_pose) by extension 'ignore_ament_install'
[2.116s] Level 1:colcon.colcon_core.package_identification:_identify(graphs/simple_model_cont_pose) by extensions ['colcon_pkg']
[2.116s] Level 1:colcon.colcon_core.package_identification:_identify(graphs/simple_model_cont_pose) by extension 'colcon_pkg'
[2.117s] Level 1:colcon.colcon_core.package_identification:_identify(graphs/simple_model_cont_pose) by extensions ['colcon_meta']
[2.118s] Level 1:colcon.colcon_core.package_identification:_identify(graphs/simple_model_cont_pose) by extension 'colcon_meta'
[2.118s] Level 1:colcon.colcon_core.package_identification:_identify(graphs/simple_model_cont_pose) by extensions ['ros']
[2.119s] Level 1:colcon.colcon_core.package_identification:_identify(graphs/simple_model_cont_pose) by extension 'ros'
[2.120s] Level 1:colcon.colcon_core.package_identification:_identify(graphs/simple_model_cont_pose) by extensions ['cmake', 'python']
[2.121s] Level 1:colcon.colcon_core.package_identification:_identify(graphs/simple_model_cont_pose) by extension 'cmake'
[2.121s] Level 1:colcon.colcon_core.package_identification:_identify(graphs/simple_model_cont_pose) by extension 'python'
[2.122s] Level 1:colcon.colcon_core.package_identification:_identify(graphs/simple_model_cont_pose) by extensions ['python_setup_py']
[2.122s] Level 1:colcon.colcon_core.package_identification:_identify(graphs/simple_model_cont_pose) by extension 'python_setup_py'
[2.129s] Level 1:colcon.colcon_core.package_identification:_identify(graphs/simple_model_modified_loss) by extensions ['ignore', 'ignore_ament_install']
[2.130s] Level 1:colcon.colcon_core.package_identification:_identify(graphs/simple_model_modified_loss) by extension 'ignore'
[2.130s] Level 1:colcon.colcon_core.package_identification:_identify(graphs/simple_model_modified_loss) by extension 'ignore_ament_install'
[2.131s] Level 1:colcon.colcon_core.package_identification:_identify(graphs/simple_model_modified_loss) by extensions ['colcon_pkg']
[2.132s] Level 1:colcon.colcon_core.package_identification:_identify(graphs/simple_model_modified_loss) by extension 'colcon_pkg'
[2.132s] Level 1:colcon.colcon_core.package_identification:_identify(graphs/simple_model_modified_loss) by extensions ['colcon_meta']
[2.133s] Level 1:colcon.colcon_core.package_identification:_identify(graphs/simple_model_modified_loss) by extension 'colcon_meta'
[2.134s] Level 1:colcon.colcon_core.package_identification:_identify(graphs/simple_model_modified_loss) by extensions ['ros']
[2.134s] Level 1:colcon.colcon_core.package_identification:_identify(graphs/simple_model_modified_loss) by extension 'ros'
[2.136s] Level 1:colcon.colcon_core.package_identification:_identify(graphs/simple_model_modified_loss) by extensions ['cmake', 'python']
[2.137s] Level 1:colcon.colcon_core.package_identification:_identify(graphs/simple_model_modified_loss) by extension 'cmake'
[2.137s] Level 1:colcon.colcon_core.package_identification:_identify(graphs/simple_model_modified_loss) by extension 'python'
[2.138s] Level 1:colcon.colcon_core.package_identification:_identify(graphs/simple_model_modified_loss) by extensions ['python_setup_py']
[2.139s] Level 1:colcon.colcon_core.package_identification:_identify(graphs/simple_model_modified_loss) by extension 'python_setup_py'
[2.143s] Level 1:colcon.colcon_core.package_identification:_identify(graphs/training_with_big_tag) by extensions ['ignore', 'ignore_ament_install']
[2.144s] Level 1:colcon.colcon_core.package_identification:_identify(graphs/training_with_big_tag) by extension 'ignore'
[2.144s] Level 1:colcon.colcon_core.package_identification:_identify(graphs/training_with_big_tag) by extension 'ignore_ament_install'
[2.145s] Level 1:colcon.colcon_core.package_identification:_identify(graphs/training_with_big_tag) by extensions ['colcon_pkg']
[2.146s] Level 1:colcon.colcon_core.package_identification:_identify(graphs/training_with_big_tag) by extension 'colcon_pkg'
[2.146s] Level 1:colcon.colcon_core.package_identification:_identify(graphs/training_with_big_tag) by extensions ['colcon_meta']
[2.147s] Level 1:colcon.colcon_core.package_identification:_identify(graphs/training_with_big_tag) by extension 'colcon_meta'
[2.148s] Level 1:colcon.colcon_core.package_identification:_identify(graphs/training_with_big_tag) by extensions ['ros']
[2.148s] Level 1:colcon.colcon_core.package_identification:_identify(graphs/training_with_big_tag) by extension 'ros'
[2.150s] Level 1:colcon.colcon_core.package_identification:_identify(graphs/training_with_big_tag) by extensions ['cmake', 'python']
[2.150s] Level 1:colcon.colcon_core.package_identification:_identify(graphs/training_with_big_tag) by extension 'cmake'
[2.152s] Level 1:colcon.colcon_core.package_identification:_identify(graphs/training_with_big_tag) by extension 'python'
[2.153s] Level 1:colcon.colcon_core.package_identification:_identify(graphs/training_with_big_tag) by extensions ['python_setup_py']
[2.153s] Level 1:colcon.colcon_core.package_identification:_identify(graphs/training_with_big_tag) by extension 'python_setup_py'
[2.156s] Level 1:colcon.colcon_core.package_identification:_identify(graphs/video_dataset) by extensions ['ignore', 'ignore_ament_install']
[2.157s] Level 1:colcon.colcon_core.package_identification:_identify(graphs/video_dataset) by extension 'ignore'
[2.158s] Level 1:colcon.colcon_core.package_identification:_identify(graphs/video_dataset) by extension 'ignore_ament_install'
[2.160s] Level 1:colcon.colcon_core.package_identification:_identify(graphs/video_dataset) by extensions ['colcon_pkg']
[2.160s] Level 1:colcon.colcon_core.package_identification:_identify(graphs/video_dataset) by extension 'colcon_pkg'
[2.161s] Level 1:colcon.colcon_core.package_identification:_identify(graphs/video_dataset) by extensions ['colcon_meta']
[2.161s] Level 1:colcon.colcon_core.package_identification:_identify(graphs/video_dataset) by extension 'colcon_meta'
[2.162s] Level 1:colcon.colcon_core.package_identification:_identify(graphs/video_dataset) by extensions ['ros']
[2.162s] Level 1:colcon.colcon_core.package_identification:_identify(graphs/video_dataset) by extension 'ros'
[2.164s] Level 1:colcon.colcon_core.package_identification:_identify(graphs/video_dataset) by extensions ['cmake', 'python']
[2.164s] Level 1:colcon.colcon_core.package_identification:_identify(graphs/video_dataset) by extension 'cmake'
[2.165s] Level 1:colcon.colcon_core.package_identification:_identify(graphs/video_dataset) by extension 'python'
[2.165s] Level 1:colcon.colcon_core.package_identification:_identify(graphs/video_dataset) by extensions ['python_setup_py']
[2.166s] Level 1:colcon.colcon_core.package_identification:_identify(graphs/video_dataset) by extension 'python_setup_py'
[2.168s] Level 1:colcon.colcon_core.package_identification:_identify(graphs/with_class_loss) by extensions ['ignore', 'ignore_ament_install']
[2.169s] Level 1:colcon.colcon_core.package_identification:_identify(graphs/with_class_loss) by extension 'ignore'
[2.169s] Level 1:colcon.colcon_core.package_identification:_identify(graphs/with_class_loss) by extension 'ignore_ament_install'
[2.170s] Level 1:colcon.colcon_core.package_identification:_identify(graphs/with_class_loss) by extensions ['colcon_pkg']
[2.170s] Level 1:colcon.colcon_core.package_identification:_identify(graphs/with_class_loss) by extension 'colcon_pkg'
[2.171s] Level 1:colcon.colcon_core.package_identification:_identify(graphs/with_class_loss) by extensions ['colcon_meta']
[2.172s] Level 1:colcon.colcon_core.package_identification:_identify(graphs/with_class_loss) by extension 'colcon_meta'
[2.172s] Level 1:colcon.colcon_core.package_identification:_identify(graphs/with_class_loss) by extensions ['ros']
[2.172s] Level 1:colcon.colcon_core.package_identification:_identify(graphs/with_class_loss) by extension 'ros'
[2.178s] Level 1:colcon.colcon_core.package_identification:_identify(graphs/with_class_loss) by extensions ['cmake', 'python']
[2.179s] Level 1:colcon.colcon_core.package_identification:_identify(graphs/with_class_loss) by extension 'cmake'
[2.180s] Level 1:colcon.colcon_core.package_identification:_identify(graphs/with_class_loss) by extension 'python'
[2.180s] Level 1:colcon.colcon_core.package_identification:_identify(graphs/with_class_loss) by extensions ['python_setup_py']
[2.181s] Level 1:colcon.colcon_core.package_identification:_identify(graphs/with_class_loss) by extension 'python_setup_py'
[2.184s] Level 1:colcon.colcon_core.package_identification:_identify(install) by extensions ['ignore', 'ignore_ament_install']
[2.185s] Level 1:colcon.colcon_core.package_identification:_identify(install) by extension 'ignore'
[2.186s] Level 1:colcon.colcon_core.package_identification:_identify(install) ignored
[2.198s] Level 1:colcon.colcon_core.package_identification:_identify(log) by extensions ['ignore', 'ignore_ament_install']
[2.198s] Level 1:colcon.colcon_core.package_identification:_identify(log) by extension 'ignore'
[2.199s] Level 1:colcon.colcon_core.package_identification:_identify(log) ignored
[2.204s] Level 1:colcon.colcon_core.package_identification:_identify(results) by extensions ['ignore', 'ignore_ament_install']
[2.205s] Level 1:colcon.colcon_core.package_identification:_identify(results) by extension 'ignore'
[2.206s] Level 1:colcon.colcon_core.package_identification:_identify(results) by extension 'ignore_ament_install'
[2.208s] Level 1:colcon.colcon_core.package_identification:_identify(results) by extensions ['colcon_pkg']
[2.208s] Level 1:colcon.colcon_core.package_identification:_identify(results) by extension 'colcon_pkg'
[2.209s] Level 1:colcon.colcon_core.package_identification:_identify(results) by extensions ['colcon_meta']
[2.209s] Level 1:colcon.colcon_core.package_identification:_identify(results) by extension 'colcon_meta'
[2.210s] Level 1:colcon.colcon_core.package_identification:_identify(results) by extensions ['ros']
[2.210s] Level 1:colcon.colcon_core.package_identification:_identify(results) by extension 'ros'
[2.212s] Level 1:colcon.colcon_core.package_identification:_identify(results) by extensions ['cmake', 'python']
[2.212s] Level 1:colcon.colcon_core.package_identification:_identify(results) by extension 'cmake'
[2.213s] Level 1:colcon.colcon_core.package_identification:_identify(results) by extension 'python'
[2.213s] Level 1:colcon.colcon_core.package_identification:_identify(results) by extensions ['python_setup_py']
[2.214s] Level 1:colcon.colcon_core.package_identification:_identify(results) by extension 'python_setup_py'
[2.217s] Level 1:colcon.colcon_core.package_identification:_identify(results/apriltag) by extensions ['ignore', 'ignore_ament_install']
[2.218s] Level 1:colcon.colcon_core.package_identification:_identify(results/apriltag) by extension 'ignore'
[2.218s] Level 1:colcon.colcon_core.package_identification:_identify(results/apriltag) by extension 'ignore_ament_install'
[2.219s] Level 1:colcon.colcon_core.package_identification:_identify(results/apriltag) by extensions ['colcon_pkg']
[2.220s] Level 1:colcon.colcon_core.package_identification:_identify(results/apriltag) by extension 'colcon_pkg'
[2.220s] Level 1:colcon.colcon_core.package_identification:_identify(results/apriltag) by extensions ['colcon_meta']
[2.221s] Level 1:colcon.colcon_core.package_identification:_identify(results/apriltag) by extension 'colcon_meta'
[2.221s] Level 1:colcon.colcon_core.package_identification:_identify(results/apriltag) by extensions ['ros']
[2.222s] Level 1:colcon.colcon_core.package_identification:_identify(results/apriltag) by extension 'ros'
[2.223s] Level 1:colcon.colcon_core.package_identification:_identify(results/apriltag) by extensions ['cmake', 'python']
[2.223s] Level 1:colcon.colcon_core.package_identification:_identify(results/apriltag) by extension 'cmake'
[2.224s] Level 1:colcon.colcon_core.package_identification:_identify(results/apriltag) by extension 'python'
[2.225s] Level 1:colcon.colcon_core.package_identification:_identify(results/apriltag) by extensions ['python_setup_py']
[2.225s] Level 1:colcon.colcon_core.package_identification:_identify(results/apriltag) by extension 'python_setup_py'
[2.228s] Level 1:colcon.colcon_core.package_identification:_identify(results/model) by extensions ['ignore', 'ignore_ament_install']
[2.229s] Level 1:colcon.colcon_core.package_identification:_identify(results/model) by extension 'ignore'
[2.230s] Level 1:colcon.colcon_core.package_identification:_identify(results/model) by extension 'ignore_ament_install'
[2.231s] Level 1:colcon.colcon_core.package_identification:_identify(results/model) by extensions ['colcon_pkg']
[2.232s] Level 1:colcon.colcon_core.package_identification:_identify(results/model) by extension 'colcon_pkg'
[2.233s] Level 1:colcon.colcon_core.package_identification:_identify(results/model) by extensions ['colcon_meta']
[2.233s] Level 1:colcon.colcon_core.package_identification:_identify(results/model) by extension 'colcon_meta'
[2.234s] Level 1:colcon.colcon_core.package_identification:_identify(results/model) by extensions ['ros']
[2.234s] Level 1:colcon.colcon_core.package_identification:_identify(results/model) by extension 'ros'
[2.238s] Level 1:colcon.colcon_core.package_identification:_identify(results/model) by extensions ['cmake', 'python']
[2.238s] Level 1:colcon.colcon_core.package_identification:_identify(results/model) by extension 'cmake'
[2.239s] Level 1:colcon.colcon_core.package_identification:_identify(results/model) by extension 'python'
[2.241s] Level 1:colcon.colcon_core.package_identification:_identify(results/model) by extensions ['python_setup_py']
[2.242s] Level 1:colcon.colcon_core.package_identification:_identify(results/model) by extension 'python_setup_py'
[2.245s] Level 1:colcon.colcon_core.package_identification:_identify(ros2_ws) by extensions ['ignore', 'ignore_ament_install']
[2.245s] Level 1:colcon.colcon_core.package_identification:_identify(ros2_ws) by extension 'ignore'
[2.246s] Level 1:colcon.colcon_core.package_identification:_identify(ros2_ws) by extension 'ignore_ament_install'
[2.247s] Level 1:colcon.colcon_core.package_identification:_identify(ros2_ws) by extensions ['colcon_pkg']
[2.247s] Level 1:colcon.colcon_core.package_identification:_identify(ros2_ws) by extension 'colcon_pkg'
[2.248s] Level 1:colcon.colcon_core.package_identification:_identify(ros2_ws) by extensions ['colcon_meta']
[2.248s] Level 1:colcon.colcon_core.package_identification:_identify(ros2_ws) by extension 'colcon_meta'
[2.248s] Level 1:colcon.colcon_core.package_identification:_identify(ros2_ws) by extensions ['ros']
[2.249s] Level 1:colcon.colcon_core.package_identification:_identify(ros2_ws) by extension 'ros'
[2.251s] Level 1:colcon.colcon_core.package_identification:_identify(ros2_ws) by extensions ['cmake', 'python']
[2.251s] Level 1:colcon.colcon_core.package_identification:_identify(ros2_ws) by extension 'cmake'
[2.252s] Level 1:colcon.colcon_core.package_identification:_identify(ros2_ws) by extension 'python'
[2.253s] Level 1:colcon.colcon_core.package_identification:_identify(ros2_ws) by extensions ['python_setup_py']
[2.253s] Level 1:colcon.colcon_core.package_identification:_identify(ros2_ws) by extension 'python_setup_py'
[2.256s] Level 1:colcon.colcon_core.package_identification:_identify(ros2_ws/build) by extensions ['ignore', 'ignore_ament_install']
[2.257s] Level 1:colcon.colcon_core.package_identification:_identify(ros2_ws/build) by extension 'ignore'
[2.257s] Level 1:colcon.colcon_core.package_identification:_identify(ros2_ws/build) ignored
[2.260s] Level 1:colcon.colcon_core.package_identification:_identify(ros2_ws/install) by extensions ['ignore', 'ignore_ament_install']
[2.261s] Level 1:colcon.colcon_core.package_identification:_identify(ros2_ws/install) by extension 'ignore'
[2.261s] Level 1:colcon.colcon_core.package_identification:_identify(ros2_ws/install) ignored
[2.264s] Level 1:colcon.colcon_core.package_identification:_identify(ros2_ws/log) by extensions ['ignore', 'ignore_ament_install']
[2.265s] Level 1:colcon.colcon_core.package_identification:_identify(ros2_ws/log) by extension 'ignore'
[2.265s] Level 1:colcon.colcon_core.package_identification:_identify(ros2_ws/log) ignored
[2.267s] Level 1:colcon.colcon_core.package_identification:_identify(ros2_ws/src) by extensions ['ignore', 'ignore_ament_install']
[2.268s] Level 1:colcon.colcon_core.package_identification:_identify(ros2_ws/src) by extension 'ignore'
[2.269s] Level 1:colcon.colcon_core.package_identification:_identify(ros2_ws/src) by extension 'ignore_ament_install'
[2.270s] Level 1:colcon.colcon_core.package_identification:_identify(ros2_ws/src) by extensions ['colcon_pkg']
[2.271s] Level 1:colcon.colcon_core.package_identification:_identify(ros2_ws/src) by extension 'colcon_pkg'
[2.272s] Level 1:colcon.colcon_core.package_identification:_identify(ros2_ws/src) by extensions ['colcon_meta']
[2.272s] Level 1:colcon.colcon_core.package_identification:_identify(ros2_ws/src) by extension 'colcon_meta'
[2.273s] Level 1:colcon.colcon_core.package_identification:_identify(ros2_ws/src) by extensions ['ros']
[2.273s] Level 1:colcon.colcon_core.package_identification:_identify(ros2_ws/src) by extension 'ros'
[2.275s] Level 1:colcon.colcon_core.package_identification:_identify(ros2_ws/src) by extensions ['cmake', 'python']
[2.275s] Level 1:colcon.colcon_core.package_identification:_identify(ros2_ws/src) by extension 'cmake'
[2.276s] Level 1:colcon.colcon_core.package_identification:_identify(ros2_ws/src) by extension 'python'
[2.277s] Level 1:colcon.colcon_core.package_identification:_identify(ros2_ws/src) by extensions ['python_setup_py']
[2.278s] Level 1:colcon.colcon_core.package_identification:_identify(ros2_ws/src) by extension 'python_setup_py'
[2.280s] Level 1:colcon.colcon_core.package_identification:_identify(ros2_ws/src/localization) by extensions ['ignore', 'ignore_ament_install']
[2.280s] Level 1:colcon.colcon_core.package_identification:_identify(ros2_ws/src/localization) by extension 'ignore'
[2.281s] Level 1:colcon.colcon_core.package_identification:_identify(ros2_ws/src/localization) by extension 'ignore_ament_install'
[2.282s] Level 1:colcon.colcon_core.package_identification:_identify(ros2_ws/src/localization) by extensions ['colcon_pkg']
[2.282s] Level 1:colcon.colcon_core.package_identification:_identify(ros2_ws/src/localization) by extension 'colcon_pkg'
[2.283s] Level 1:colcon.colcon_core.package_identification:_identify(ros2_ws/src/localization) by extensions ['colcon_meta']
[2.284s] Level 1:colcon.colcon_core.package_identification:_identify(ros2_ws/src/localization) by extension 'colcon_meta'
[2.284s] Level 1:colcon.colcon_core.package_identification:_identify(ros2_ws/src/localization) by extensions ['ros']
[2.285s] Level 1:colcon.colcon_core.package_identification:_identify(ros2_ws/src/localization) by extension 'ros'
[2.316s] DEBUG:colcon.colcon_core.package_identification:Package 'ros2_ws/src/localization' with type 'ros.ament_python' and name 'localization'
[2.318s] Level 1:colcon.colcon_core.package_identification:_identify(ros2_ws/src/pure_pursuit) by extensions ['ignore', 'ignore_ament_install']
[2.319s] Level 1:colcon.colcon_core.package_identification:_identify(ros2_ws/src/pure_pursuit) by extension 'ignore'
[2.319s] Level 1:colcon.colcon_core.package_identification:_identify(ros2_ws/src/pure_pursuit) by extension 'ignore_ament_install'
[2.320s] Level 1:colcon.colcon_core.package_identification:_identify(ros2_ws/src/pure_pursuit) by extensions ['colcon_pkg']
[2.320s] Level 1:colcon.colcon_core.package_identification:_identify(ros2_ws/src/pure_pursuit) by extension 'colcon_pkg'
[2.321s] Level 1:colcon.colcon_core.package_identification:_identify(ros2_ws/src/pure_pursuit) by extensions ['colcon_meta']
[2.321s] Level 1:colcon.colcon_core.package_identification:_identify(ros2_ws/src/pure_pursuit) by extension 'colcon_meta'
[2.321s] Level 1:colcon.colcon_core.package_identification:_identify(ros2_ws/src/pure_pursuit) by extensions ['ros']
[2.321s] Level 1:colcon.colcon_core.package_identification:_identify(ros2_ws/src/pure_pursuit) by extension 'ros'
[2.324s] DEBUG:colcon.colcon_core.package_identification:Package 'ros2_ws/src/pure_pursuit' with type 'ros.ament_python' and name 'pure_pursuit'
[2.327s] Level 1:colcon.colcon_core.package_identification:_identify(ros2_ws/src/robot_sim) by extensions ['ignore', 'ignore_ament_install']
[2.328s] Level 1:colcon.colcon_core.package_identification:_identify(ros2_ws/src/robot_sim) by extension 'ignore'
[2.329s] Level 1:colcon.colcon_core.package_identification:_identify(ros2_ws/src/robot_sim) by extension 'ignore_ament_install'
[2.330s] Level 1:colcon.colcon_core.package_identification:_identify(ros2_ws/src/robot_sim) by extensions ['colcon_pkg']
[2.331s] Level 1:colcon.colcon_core.package_identification:_identify(ros2_ws/src/robot_sim) by extension 'colcon_pkg'
[2.331s] Level 1:colcon.colcon_core.package_identification:_identify(ros2_ws/src/robot_sim) by extensions ['colcon_meta']
[2.332s] Level 1:colcon.colcon_core.package_identification:_identify(ros2_ws/src/robot_sim) by extension 'colcon_meta'
[2.332s] Level 1:colcon.colcon_core.package_identification:_identify(ros2_ws/src/robot_sim) by extensions ['ros']
[2.333s] Level 1:colcon.colcon_core.package_identification:_identify(ros2_ws/src/robot_sim) by extension 'ros'
[2.336s] DEBUG:colcon.colcon_core.package_identification:Package 'ros2_ws/src/robot_sim' with type 'ros.ament_python' and name 'robot_sim'
[2.338s] Level 1:colcon.colcon_core.package_identification:_identify(videos) by extensions ['ignore', 'ignore_ament_install']
[2.339s] Level 1:colcon.colcon_core.package_identification:_identify(videos) by extension 'ignore'
[2.341s] Level 1:colcon.colcon_core.package_identification:_identify(videos) by extension 'ignore_ament_install'
[2.342s] Level 1:colcon.colcon_core.package_identification:_identify(videos) by extensions ['colcon_pkg']
[2.342s] Level 1:colcon.colcon_core.package_identification:_identify(videos) by extension 'colcon_pkg'
[2.343s] Level 1:colcon.colcon_core.package_identification:_identify(videos) by extensions ['colcon_meta']
[2.343s] Level 1:colcon.colcon_core.package_identification:_identify(videos) by extension 'colcon_meta'
[2.344s] Level 1:colcon.colcon_core.package_identification:_identify(videos) by extensions ['ros']
[2.344s] Level 1:colcon.colcon_core.package_identification:_identify(videos) by extension 'ros'
[2.345s] Level 1:colcon.colcon_core.package_identification:_identify(videos) by extensions ['cmake', 'python']
[2.346s] Level 1:colcon.colcon_core.package_identification:_identify(videos) by extension 'cmake'
[2.346s] Level 1:colcon.colcon_core.package_identification:_identify(videos) by extension 'python'
[2.347s] Level 1:colcon.colcon_core.package_identification:_identify(videos) by extensions ['python_setup_py']
[2.347s] Level 1:colcon.colcon_core.package_identification:_identify(videos) by extension 'python_setup_py'
[2.348s] Level 1:colcon.colcon_core.package_discovery:discover_packages(recursive) using defaults
[2.348s] Level 1:colcon.colcon_core.package_discovery:discover_packages(ignore) discover
[2.349s] Level 1:colcon.colcon_core.package_discovery:discover_packages(ignore) using defaults
[2.349s] Level 1:colcon.colcon_core.package_discovery:discover_packages(path) discover
[2.349s] Level 1:colcon.colcon_core.package_discovery:discover_packages(path) using defaults
[2.401s] Level 5:colcon.colcon_core.verb:set package 'localization' build argument 'cmake_args' from command line to 'None'
[2.401s] Level 5:colcon.colcon_core.verb:set package 'localization' build argument 'cmake_target' from command line to 'None'
[2.401s] Level 5:colcon.colcon_core.verb:set package 'localization' build argument 'cmake_target_skip_unavailable' from command line to 'False'
[2.402s] Level 5:colcon.colcon_core.verb:set package 'localization' build argument 'cmake_clean_cache' from command line to 'False'
[2.402s] Level 5:colcon.colcon_core.verb:set package 'localization' build argument 'cmake_clean_first' from command line to 'False'
[2.402s] Level 5:colcon.colcon_core.verb:set package 'localization' build argument 'cmake_force_configure' from command line to 'False'
[2.402s] Level 5:colcon.colcon_core.verb:set package 'localization' build argument 'ament_cmake_args' from command line to 'None'
[2.402s] Level 5:colcon.colcon_core.verb:set package 'localization' build argument 'catkin_cmake_args' from command line to 'None'
[2.403s] Level 5:colcon.colcon_core.verb:set package 'localization' build argument 'catkin_skip_building_tests' from command line to 'False'
[2.403s] DEBUG:colcon.colcon_core.verb:Building package 'localization' with the following arguments: {'ament_cmake_args': None, 'build_base': '/workspace/build/localization', 'catkin_cmake_args': None, 'catkin_skip_building_tests': False, 'cmake_args': None, 'cmake_clean_cache': False, 'cmake_clean_first': False, 'cmake_force_configure': False, 'cmake_target': None, 'cmake_target_skip_unavailable': False, 'install_base': '/workspace/install/localization', 'merge_install': False, 'path': '/workspace/ros2_ws/src/localization', 'symlink_install': True, 'test_result_base': None}
[2.404s] Level 5:colcon.colcon_core.verb:set package 'pure_pursuit' build argument 'cmake_args' from command line to 'None'
[2.404s] Level 5:colcon.colcon_core.verb:set package 'pure_pursuit' build argument 'cmake_target' from command line to 'None'
[2.405s] Level 5:colcon.colcon_core.verb:set package 'pure_pursuit' build argument 'cmake_target_skip_unavailable' from command line to 'False'
[2.405s] Level 5:colcon.colcon_core.verb:set package 'pure_pursuit' build argument 'cmake_clean_cache' from command line to 'False'
[2.405s] Level 5:colcon.colcon_core.verb:set package 'pure_pursuit' build argument 'cmake_clean_first' from command line to 'False'
[2.405s] Level 5:colcon.colcon_core.verb:set package 'pure_pursuit' build argument 'cmake_force_configure' from command line to 'False'
[2.406s] Level 5:colcon.colcon_core.verb:set package 'pure_pursuit' build argument 'ament_cmake_args' from command line to 'None'
[2.406s] Level 5:colcon.colcon_core.verb:set package 'pure_pursuit' build argument 'catkin_cmake_args' from command line to 'None'
[2.406s] Level 5:colcon.colcon_core.verb:set package 'pure_pursuit' build argument 'catkin_skip_building_tests' from command line to 'False'
[2.406s] DEBUG:colcon.colcon_core.verb:Building package 'pure_pursuit' with the following arguments: {'ament_cmake_args': None, 'build_base': '/workspace/build/pure_pursuit', 'catkin_cmake_args': None, 'catkin_skip_building_tests': False, 'cmake_args': None, 'cmake_clean_cache': False, 'cmake_clean_first': False, 'cmake_force_configure': False, 'cmake_target': None, 'cmake_target_skip_unavailable': False, 'install_base': '/workspace/install/pure_pursuit', 'merge_install': False, 'path': '/workspace/ros2_ws/src/pure_pursuit', 'symlink_install': True, 'test_result_base': None}
[2.407s] Level 5:colcon.colcon_core.verb:set package 'robot_sim' build argument 'cmake_args' from command line to 'None'
[2.407s] Level 5:colcon.colcon_core.verb:set package 'robot_sim' build argument 'cmake_target' from command line to 'None'
[2.408s] Level 5:colcon.colcon_core.verb:set package 'robot_sim' build argument 'cmake_target_skip_unavailable' from command line to 'False'
[2.408s] Level 5:colcon.colcon_core.verb:set package 'robot_sim' build argument 'cmake_clean_cache' from command line to 'False'
[2.408s] Level 5:colcon.colcon_core.verb:set package 'robot_sim' build argument 'cmake_clean_first' from command line to 'False'
[2.408s] Level 5:colcon.colcon_core.verb:set package 'robot_sim' build argument 'cmake_force_configure' from command line to 'False'
[2.408s] Level 5:colcon.colcon_core.verb:set package 'robot_sim' build argument 'ament_cmake_args' from command line to 'None'
[2.409s] Level 5:colcon.colcon_core.verb:set package 'robot_sim' build argument 'catkin_cmake_args' from command line to 'None'
[2.409s] Level 5:colcon.colcon_core.verb:set package 'robot_sim' build argument 'catkin_skip_building_tests' from command line to 'False'
[2.409s] DEBUG:colcon.colcon_core.verb:Building package 'robot_sim' with the following arguments: {'ament_cmake_args': None, 'build_base': '/workspace/build/robot_sim', 'catkin_cmake_args': None, 'catkin_skip_building_tests': False, 'cmake_args': None, 'cmake_clean_cache': False, 'cmake_clean_first': False, 'cmake_force_configure': False, 'cmake_target': None, 'cmake_target_skip_unavailable': False, 'install_base': '/workspace/install/robot_sim', 'merge_install': False, 'path': '/workspace/ros2_ws/src/robot_sim', 'symlink_install': True, 'test_result_base': None}
[2.410s] INFO:colcon.colcon_core.executor:Executing jobs using 'parallel' executor
[2.413s] DEBUG:colcon.colcon_parallel_executor.executor.parallel:run_until_complete
[2.414s] INFO:colcon.colcon_ros.task.ament_python.build:Building ROS package in '/workspace/ros2_ws/src/localization' with build type 'ament_python'
[2.415s] Level 1:colcon.colcon_core.shell:create_environment_hook('localization', 'ament_prefix_path')
[2.422s] INFO:colcon.colcon_core.plugin_system:Skipping extension 'colcon_core.shell.bat': Not used on non-Windows systems
[2.423s] INFO:colcon.colcon_core.shell:Creating environment hook '/workspace/install/localization/share/localization/hook/ament_prefix_path.ps1'
[2.429s] INFO:colcon.colcon_core.shell:Creating environment descriptor '/workspace/install/localization/share/localization/hook/ament_prefix_path.dsv'
[2.432s] INFO:colcon.colcon_core.shell:Creating environment hook '/workspace/install/localization/share/localization/hook/ament_prefix_path.sh'
[2.445s] INFO:colcon.colcon_core.shell:Skip shell extension 'powershell' for command environment: Not usable outside of PowerShell
[2.445s] DEBUG:colcon.colcon_core.shell:Skip shell extension 'dsv' for command environment
[2.485s] WARNING:colcon.colcon_ros.prefix_path.ament:The path '/workspace/install/launch' in the environment variable AMENT_PREFIX_PATH doesn't exist
[2.580s] INFO:colcon.colcon_ros.task.ament_python.build:Building ROS package in '/workspace/ros2_ws/src/pure_pursuit' with build type 'ament_python'
[2.585s] Level 1:colcon.colcon_core.shell:create_environment_hook('pure_pursuit', 'ament_prefix_path')
[2.591s] INFO:colcon.colcon_core.shell:Creating environment hook '/workspace/install/pure_pursuit/share/pure_pursuit/hook/ament_prefix_path.ps1'
[2.629s] INFO:colcon.colcon_core.shell:Creating environment descriptor '/workspace/install/pure_pursuit/share/pure_pursuit/hook/ament_prefix_path.dsv'
[2.685s] INFO:colcon.colcon_core.shell:Creating environment hook '/workspace/install/pure_pursuit/share/pure_pursuit/hook/ament_prefix_path.sh'
[2.691s] INFO:colcon.colcon_core.shell:Skip shell extension 'powershell' for command environment: Not usable outside of PowerShell
[2.692s] DEBUG:colcon.colcon_core.shell:Skip shell extension 'dsv' for command environment
[2.727s] INFO:colcon.colcon_ros.task.ament_python.build:Building ROS package in '/workspace/ros2_ws/src/robot_sim' with build type 'ament_python'
[2.728s] Level 1:colcon.colcon_core.shell:create_environment_hook('robot_sim', 'ament_prefix_path')
[2.729s] INFO:colcon.colcon_core.shell:Creating environment hook '/workspace/install/robot_sim/share/robot_sim/hook/ament_prefix_path.ps1'
[2.734s] INFO:colcon.colcon_core.shell:Creating environment descriptor '/workspace/install/robot_sim/share/robot_sim/hook/ament_prefix_path.dsv'
[2.739s] INFO:colcon.colcon_core.shell:Creating environment hook '/workspace/install/robot_sim/share/robot_sim/hook/ament_prefix_path.sh'
[2.744s] INFO:colcon.colcon_core.shell:Skip shell extension 'powershell' for command environment: Not usable outside of PowerShell
[2.745s] DEBUG:colcon.colcon_core.shell:Skip shell extension 'dsv' for command environment
[3.818s] INFO:colcon.colcon_core.task.python.build:Building Python package in '/workspace/ros2_ws/src/localization'
[3.819s] INFO:colcon.colcon_core.shell:Skip shell extension 'powershell' for command environment: Not usable outside of PowerShell
[3.820s] DEBUG:colcon.colcon_core.shell:Skip shell extension 'dsv' for command environment
[4.614s] INFO:colcon.colcon_core.task.python.build:Building Python package in '/workspace/ros2_ws/src/pure_pursuit'
[4.615s] INFO:colcon.colcon_core.shell:Skip shell extension 'powershell' for command environment: Not usable outside of PowerShell
[4.615s] DEBUG:colcon.colcon_core.shell:Skip shell extension 'dsv' for command environment
[5.422s] INFO:colcon.colcon_core.task.python.build:Building Python package in '/workspace/ros2_ws/src/robot_sim'
[5.423s] INFO:colcon.colcon_core.shell:Skip shell extension 'powershell' for command environment: Not usable outside of PowerShell
[5.423s] DEBUG:colcon.colcon_core.shell:Skip shell extension 'dsv' for command environment
[6.700s] DEBUG:colcon.colcon_core.task.python.build:Available setuptools commands: egg_info, bdist, build_clib, setopt, upload_docs, alias, install, bdist_dumb, build_ext, upload, install_lib, bdist_wheel, bdist_rpm, clean, develop, dist_info, easy_install, install_scripts, sdist, bdist_egg, build_scripts, rotate, build, install_headers, register, install_data, saveopts, install_egg_info, test, build_py, symlink_data, check
[6.706s] DEBUG:colcon.colcon_core.task.python.build:Available setuptools commands: egg_info, bdist, build_clib, setopt, upload_docs, alias, install, bdist_dumb, build_ext, upload, install_lib, bdist_wheel, bdist_rpm, clean, develop, dist_info, easy_install, install_scripts, sdist, bdist_egg, build_scripts, rotate, build, install_headers, register, install_data, saveopts, install_egg_info, test, build_py, symlink_data, check
[6.710s] DEBUG:colcon.colcon_core.task.python.build:Available setuptools commands: egg_info, bdist, build_clib, setopt, upload_docs, alias, install, bdist_dumb, build_ext, upload, install_lib, bdist_wheel, bdist_rpm, clean, develop, dist_info, easy_install, install_scripts, sdist, bdist_egg, build_scripts, rotate, build, install_headers, register, install_data, saveopts, install_egg_info, test, build_py, symlink_data, check
[7.510s] DEBUG:colcon.colcon_core.task.python.build:Available setuptools 'develop' options: --quiet, --zip-ok, --install-dir, --local-snapshots-ok, --upgrade, --editable, --uninstall, --find-links, --exclude-scripts, --record, --egg-path, --index-url, --no-user-cfg, --script-dir, --help, --no-find-links, --no-deps, --version, --install-layout, --always-unzip, --site-dirs, --user, --always-copy, --optimize, --build-directory, --multi-version, --dry-run, --force-installation-into-system-dir, --prefix, --allow-hosts, --verbose
[7.516s] DEBUG:colcon.colcon_core.task.python.build:While undoing a previous installation files outside the Python library path are being ignored: /workspace/install/robot_sim/share/ament_index/resource_index/packages/robot_sim
[7.516s] DEBUG:colcon.colcon_core.task.python.build:While undoing a previous installation files outside the Python library path are being ignored: /workspace/install/robot_sim/share/robot_sim/package.xml
[7.524s] DEBUG:colcon.colcon_core.task.python.build:While undoing a previous installation files outside the Python library path are being ignored: /workspace/install/robot_sim/lib/robot_sim/simulator
[7.555s] DEBUG:colcon.colcon_core.task.python.build:Available setuptools 'develop' options: --quiet, --zip-ok, --install-dir, --local-snapshots-ok, --upgrade, --editable, --uninstall, --find-links, --exclude-scripts, --record, --egg-path, --index-url, --no-user-cfg, --script-dir, --help, --no-find-links, --no-deps, --version, --install-layout, --always-unzip, --site-dirs, --user, --always-copy, --optimize, --build-directory, --multi-version, --dry-run, --force-installation-into-system-dir, --prefix, --allow-hosts, --verbose
[7.560s] DEBUG:colcon.colcon_core.event_handler.log_command:Invoking command in '/workspace/build/robot_sim': PYTHONPATH=/workspace/build/robot_sim/prefix_override:/usr/lib/python3/dist-packages/colcon_core/task/python/colcon_distutils_commands:/workspace/install/robot_sim/lib/python3.10/site-packages:${PYTHONPATH} /usr/bin/python3 -W ignore:setup.py install is deprecated -W ignore:easy_install command is deprecated setup.py develop --editable --build-directory /workspace/build/robot_sim/build --no-deps symlink_data --force
[7.569s] DEBUG:colcon.colcon_core.task.python.build:While undoing a previous installation files outside the Python library path are being ignored: /workspace/install/pure_pursuit/share/ament_index/resource_index/packages/pure_pursuit
[7.569s] DEBUG:colcon.colcon_core.task.python.build:While undoing a previous installation files outside the Python library path are being ignored: /workspace/install/pure_pursuit/share/pure_pursuit/package.xml
[7.573s] DEBUG:colcon.colcon_core.task.python.build:While undoing a previous installation files outside the Python library path are being ignored: /workspace/install/pure_pursuit/lib/pure_pursuit/pure_pursuit_node
[7.600s] DEBUG:colcon.colcon_core.task.python.build:Available setuptools 'develop' options: --quiet, --zip-ok, --install-dir, --local-snapshots-ok, --upgrade, --editable, --uninstall, --find-links, --exclude-scripts, --record, --egg-path, --index-url, --no-user-cfg, --script-dir, --help, --no-find-links, --no-deps, --version, --install-layout, --always-unzip, --site-dirs, --user, --always-copy, --optimize, --build-directory, --multi-version, --dry-run, --force-installation-into-system-dir, --prefix, --allow-hosts, --verbose
[7.619s] DEBUG:colcon.colcon_core.event_handler.log_command:Invoking command in '/workspace/build/pure_pursuit': PYTHONPATH=/workspace/build/pure_pursuit/prefix_override:/usr/lib/python3/dist-packages/colcon_core/task/python/colcon_distutils_commands:/workspace/install/pure_pursuit/lib/python3.10/site-packages:${PYTHONPATH} /usr/bin/python3 -W ignore:setup.py install is deprecated -W ignore:easy_install command is deprecated setup.py develop --editable --build-directory /workspace/build/pure_pursuit/build --no-deps symlink_data --force
[7.648s] DEBUG:colcon.colcon_core.task.python.build:While undoing a previous installation files outside the Python library path are being ignored: /workspace/install/localization/share/ament_index/resource_index/packages/localization
[7.650s] DEBUG:colcon.colcon_core.task.python.build:While undoing a previous installation files outside the Python library path are being ignored: /workspace/install/localization/share/localization/package.xml
[7.653s] DEBUG:colcon.colcon_core.task.python.build:While undoing a previous installation files outside the Python library path are being ignored: /workspace/install/localization/share/localization/launch/localization_bringup.launch.py
[7.661s] DEBUG:colcon.colcon_core.task.python.build:While undoing a previous installation files outside the Python library path are being ignored: /workspace/install/localization/lib/localization/apriltag_node
[7.662s] DEBUG:colcon.colcon_core.task.python.build:While undoing a previous installation files outside the Python library path are being ignored: /workspace/install/localization/lib/localization/localization_node
[7.706s] DEBUG:colcon.colcon_core.event_handler.log_command:Invoking command in '/workspace/build/localization': PYTHONPATH=/workspace/build/localization/prefix_override:/usr/lib/python3/dist-packages/colcon_core/task/python/colcon_distutils_commands:/workspace/install/localization/lib/python3.10/site-packages:${PYTHONPATH} /usr/bin/python3 -W ignore:setup.py install is deprecated -W ignore:easy_install command is deprecated setup.py develop --editable --build-directory /workspace/build/localization/build --no-deps symlink_data --force
[9.297s] Level 1:colcon.colcon_core.shell:create_environment_hook('robot_sim', 'pythonpath_develop')
[9.298s] INFO:colcon.colcon_core.shell:Creating environment hook '/workspace/build/robot_sim/share/robot_sim/hook/pythonpath_develop.ps1'
[9.300s] DEBUG:colcon.colcon_core.event_handler.log_command:Invoked command in '/workspace/build/robot_sim' returned '0': PYTHONPATH=/workspace/build/robot_sim/prefix_override:/usr/lib/python3/dist-packages/colcon_core/task/python/colcon_distutils_commands:/workspace/install/robot_sim/lib/python3.10/site-packages:${PYTHONPATH} /usr/bin/python3 -W ignore:setup.py install is deprecated -W ignore:easy_install command is deprecated setup.py develop --editable --build-directory /workspace/build/robot_sim/build --no-deps symlink_data --force
[9.303s] INFO:colcon.colcon_core.shell:Creating environment descriptor '/workspace/build/robot_sim/share/robot_sim/hook/pythonpath_develop.dsv'
[9.307s] INFO:colcon.colcon_core.shell:Creating environment hook '/workspace/build/robot_sim/share/robot_sim/hook/pythonpath_develop.sh'
[9.329s] Level 1:colcon.colcon_core.environment:checking '/workspace/install/robot_sim' for CMake module files
[9.342s] Level 1:colcon.colcon_core.environment:checking '/workspace/install/robot_sim' for CMake config files
[9.363s] Level 1:colcon.colcon_core.environment:checking '/workspace/install/robot_sim/lib'
[9.366s] Level 1:colcon.colcon_core.environment:checking '/workspace/install/robot_sim/bin'
[9.367s] Level 1:colcon.colcon_core.environment:checking '/workspace/install/robot_sim/lib/pkgconfig/robot_sim.pc'
[9.369s] Level 1:colcon.colcon_core.environment:checking '/workspace/install/robot_sim/lib/python3.10/site-packages'
[9.369s] Level 1:colcon.colcon_core.shell:create_environment_hook('robot_sim', 'pythonpath')
[9.371s] INFO:colcon.colcon_core.shell:Creating environment hook '/workspace/install/robot_sim/share/robot_sim/hook/pythonpath.ps1'
[9.376s] INFO:colcon.colcon_core.shell:Creating environment descriptor '/workspace/install/robot_sim/share/robot_sim/hook/pythonpath.dsv'
[9.380s] INFO:colcon.colcon_core.shell:Creating environment hook '/workspace/install/robot_sim/share/robot_sim/hook/pythonpath.sh'
[9.385s] Level 1:colcon.colcon_core.environment:checking '/workspace/install/robot_sim/bin'
[9.386s] Level 1:colcon.colcon_core.environment:create_environment_scripts_only(robot_sim)
[9.388s] INFO:colcon.colcon_core.shell:Creating package script '/workspace/install/robot_sim/share/robot_sim/package.ps1'
[9.394s] INFO:colcon.colcon_core.shell:Creating package descriptor '/workspace/install/robot_sim/share/robot_sim/package.dsv'
[9.398s] INFO:colcon.colcon_core.shell:Creating package script '/workspace/install/robot_sim/share/robot_sim/package.sh'
[9.402s] INFO:colcon.colcon_core.shell:Creating package script '/workspace/install/robot_sim/share/robot_sim/package.bash'
[9.406s] INFO:colcon.colcon_core.shell:Creating package script '/workspace/install/robot_sim/share/robot_sim/package.zsh'
[9.409s] Level 1:colcon.colcon_core.environment:create_file_with_runtime_dependencies(/workspace/install/robot_sim/share/colcon-core/packages/robot_sim)
[9.415s] Level 1:colcon.colcon_core.shell:create_environment_hook('pure_pursuit', 'pythonpath_develop')
[9.418s] INFO:colcon.colcon_core.shell:Creating environment hook '/workspace/build/pure_pursuit/share/pure_pursuit/hook/pythonpath_develop.ps1'
[9.426s] DEBUG:colcon.colcon_core.event_handler.log_command:Invoked command in '/workspace/build/pure_pursuit' returned '0': PYTHONPATH=/workspace/build/pure_pursuit/prefix_override:/usr/lib/python3/dist-packages/colcon_core/task/python/colcon_distutils_commands:/workspace/install/pure_pursuit/lib/python3.10/site-packages:${PYTHONPATH} /usr/bin/python3 -W ignore:setup.py install is deprecated -W ignore:easy_install command is deprecated setup.py develop --editable --build-directory /workspace/build/pure_pursuit/build --no-deps symlink_data --force
[9.426s] INFO:colcon.colcon_core.shell:Creating environment descriptor '/workspace/build/pure_pursuit/share/pure_pursuit/hook/pythonpath_develop.dsv'
[9.431s] INFO:colcon.colcon_core.shell:Creating environment hook '/workspace/build/pure_pursuit/share/pure_pursuit/hook/pythonpath_develop.sh'
[9.437s] Level 1:colcon.colcon_core.environment:checking '/workspace/install/pure_pursuit' for CMake module files
[9.452s] Level 1:colcon.colcon_core.environment:checking '/workspace/install/pure_pursuit' for CMake config files
[9.471s] Level 1:colcon.colcon_core.environment:checking '/workspace/install/pure_pursuit/lib'
[9.472s] Level 1:colcon.colcon_core.environment:checking '/workspace/install/pure_pursuit/bin'
[9.473s] Level 1:colcon.colcon_core.environment:checking '/workspace/install/pure_pursuit/lib/pkgconfig/pure_pursuit.pc'
[9.474s] Level 1:colcon.colcon_core.environment:checking '/workspace/install/pure_pursuit/lib/python3.10/site-packages'
[9.474s] Level 1:colcon.colcon_core.shell:create_environment_hook('pure_pursuit', 'pythonpath')
[9.475s] INFO:colcon.colcon_core.shell:Creating environment hook '/workspace/install/pure_pursuit/share/pure_pursuit/hook/pythonpath.ps1'
[9.479s] INFO:colcon.colcon_core.shell:Creating environment descriptor '/workspace/install/pure_pursuit/share/pure_pursuit/hook/pythonpath.dsv'
[9.482s] INFO:colcon.colcon_core.shell:Creating environment hook '/workspace/install/pure_pursuit/share/pure_pursuit/hook/pythonpath.sh'
[9.487s] Level 1:colcon.colcon_core.environment:checking '/workspace/install/pure_pursuit/bin'
[9.488s] Level 1:colcon.colcon_core.environment:create_environment_scripts_only(pure_pursuit)
[9.490s] INFO:colcon.colcon_core.shell:Creating package script '/workspace/install/pure_pursuit/share/pure_pursuit/package.ps1'
[9.493s] INFO:colcon.colcon_core.shell:Creating package descriptor '/workspace/install/pure_pursuit/share/pure_pursuit/package.dsv'
[9.495s] INFO:colcon.colcon_core.shell:Creating package script '/workspace/install/pure_pursuit/share/pure_pursuit/package.sh'
[9.498s] INFO:colcon.colcon_core.shell:Creating package script '/workspace/install/pure_pursuit/share/pure_pursuit/package.bash'
[9.500s] INFO:colcon.colcon_core.shell:Creating package script '/workspace/install/pure_pursuit/share/pure_pursuit/package.zsh'
[9.502s] Level 1:colcon.colcon_core.environment:create_file_with_runtime_dependencies(/workspace/install/pure_pursuit/share/colcon-core/packages/pure_pursuit)
[9.506s] Level 1:colcon.colcon_core.shell:create_environment_hook('localization', 'pythonpath_develop')
[9.507s] INFO:colcon.colcon_core.shell:Creating environment hook '/workspace/build/localization/share/localization/hook/pythonpath_develop.ps1'
[9.511s] INFO:colcon.colcon_core.shell:Creating environment descriptor '/workspace/build/localization/share/localization/hook/pythonpath_develop.dsv'
[9.513s] DEBUG:colcon.colcon_core.event_handler.log_command:Invoked command in '/workspace/build/localization' returned '0': PYTHONPATH=/workspace/build/localization/prefix_override:/usr/lib/python3/dist-packages/colcon_core/task/python/colcon_distutils_commands:/workspace/install/localization/lib/python3.10/site-packages:${PYTHONPATH} /usr/bin/python3 -W ignore:setup.py install is deprecated -W ignore:easy_install command is deprecated setup.py develop --editable --build-directory /workspace/build/localization/build --no-deps symlink_data --force
[9.515s] INFO:colcon.colcon_core.shell:Creating environment hook '/workspace/build/localization/share/localization/hook/pythonpath_develop.sh'
[9.523s] Level 1:colcon.colcon_core.environment:checking '/workspace/install/localization' for CMake module files
[9.538s] Level 1:colcon.colcon_core.environment:checking '/workspace/install/localization' for CMake config files
[9.560s] Level 1:colcon.colcon_core.environment:checking '/workspace/install/localization/lib'
[9.562s] Level 1:colcon.colcon_core.environment:checking '/workspace/install/localization/bin'
[9.563s] Level 1:colcon.colcon_core.environment:checking '/workspace/install/localization/lib/pkgconfig/localization.pc'
[9.564s] Level 1:colcon.colcon_core.environment:checking '/workspace/install/localization/lib/python3.10/site-packages'
[9.564s] Level 1:colcon.colcon_core.shell:create_environment_hook('localization', 'pythonpath')
[9.565s] INFO:colcon.colcon_core.shell:Creating environment hook '/workspace/install/localization/share/localization/hook/pythonpath.ps1'
[9.573s] INFO:colcon.colcon_core.shell:Creating environment descriptor '/workspace/install/localization/share/localization/hook/pythonpath.dsv'
[9.579s] INFO:colcon.colcon_core.shell:Creating environment hook '/workspace/install/localization/share/localization/hook/pythonpath.sh'
[9.588s] Level 1:colcon.colcon_core.environment:checking '/workspace/install/localization/bin'
[9.590s] Level 1:colcon.colcon_core.environment:create_environment_scripts_only(localization)
[9.592s] INFO:colcon.colcon_core.shell:Creating package script '/workspace/install/localization/share/localization/package.ps1'
[9.600s] INFO:colcon.colcon_core.shell:Creating package descriptor '/workspace/install/localization/share/localization/package.dsv'
[9.607s] INFO:colcon.colcon_core.shell:Creating package script '/workspace/install/localization/share/localization/package.sh'
[9.613s] INFO:colcon.colcon_core.shell:Creating package script '/workspace/install/localization/share/localization/package.bash'
[9.616s] INFO:colcon.colcon_core.shell:Creating package script '/workspace/install/localization/share/localization/package.zsh'
[9.622s] Level 1:colcon.colcon_core.environment:create_file_with_runtime_dependencies(/workspace/install/localization/share/colcon-core/packages/localization)
[9.629s] DEBUG:colcon.colcon_parallel_executor.executor.parallel:closing loop
[9.633s] DEBUG:colcon.colcon_parallel_executor.executor.parallel:loop closed
[9.638s] DEBUG:colcon.colcon_parallel_executor.executor.parallel:run_until_complete finished with '0'
[9.640s] DEBUG:colcon.colcon_core.event_reactor:joining thread
[9.677s] INFO:colcon.colcon_core.plugin_system:Skipping extension 'colcon_notification.desktop_notification.notify_send': Could not find 'notify-send'
[9.682s] INFO:colcon.colcon_core.plugin_system:Skipping extension 'colcon_notification.desktop_notification.terminal_notifier': Not used on non-Darwin systems
[9.687s] INFO:colcon.colcon_core.plugin_system:Skipping extension 'colcon_notification.desktop_notification.win32': Not used on non-Windows systems
[9.688s] INFO:colcon.colcon_notification.desktop_notification:Sending desktop notification using 'notify2'
[9.694s] DEBUG:colcon.colcon_notification.desktop_notification.notify2:Failed to initialize notify2: org.freedesktop.DBus.Error.NotSupported: Unable to autolaunch a dbus-daemon without a $DISPLAY for X11
[9.695s] DEBUG:colcon.colcon_core.event_reactor:joined thread
[9.698s] INFO:colcon.colcon_core.shell:Creating prefix script '/workspace/install/local_setup.ps1'
[9.710s] INFO:colcon.colcon_core.shell:Creating prefix util module '/workspace/install/_local_setup_util_ps1.py'
[9.726s] INFO:colcon.colcon_core.shell:Creating prefix chain script '/workspace/install/setup.ps1'
[9.758s] INFO:colcon.colcon_core.shell:Creating prefix script '/workspace/install/local_setup.sh'
[9.761s] INFO:colcon.colcon_core.shell:Creating prefix util module '/workspace/install/_local_setup_util_sh.py'
[9.765s] INFO:colcon.colcon_core.shell:Creating prefix chain script '/workspace/install/setup.sh'
[9.779s] INFO:colcon.colcon_core.shell:Creating prefix script '/workspace/install/local_setup.bash'
[9.783s] INFO:colcon.colcon_core.shell:Creating prefix chain script '/workspace/install/setup.bash'
[9.796s] INFO:colcon.colcon_core.shell:Creating prefix script '/workspace/install/local_setup.zsh'
[9.800s] INFO:colcon.colcon_core.shell:Creating prefix chain script '/workspace/install/setup.zsh'
