[0.798s] DEBUG:colcon:Command line arguments: ['/usr/bin/colcon', 'build', '--symlink-install']
[0.799s] DEBUG:colcon:Parsed command line arguments: Namespace(log_base=None, log_level=None, verb_name='build', build_base='build', install_base='install', merge_install=False, symlink_install=True, test_result_base=None, continue_on_error=False, executor='parallel', parallel_workers=8, event_handlers=None, ignore_user_meta=False, metas=['./colcon.meta'], base_paths=['.'], packages_ignore=None, packages_ignore_regex=None, paths=None, packages_up_to=None, packages_up_to_regex=None, packages_above=None, packages_above_and_dependencies=None, packages_above_depth=None, packages_select_by_dep=None, packages_skip_by_dep=None, packages_skip_up_to=None, packages_select_build_failed=False, packages_skip_build_finished=False, packages_select_test_failures=False, packages_skip_test_passed=False, packages_select=None, packages_skip=None, packages_select_regex=None, packages_skip_regex=None, packages_start=None, packages_end=None, cmake_args=None, cmake_target=None, cmake_target_skip_unavailable=False, cmake_clean_cache=False, cmake_clean_first=False, cmake_force_configure=False, ament_cmake_args=None, catkin_cmake_args=None, catkin_skip_building_tests=False, mixin_files=None, mixin=None, verb_parser=<colcon_mixin.mixin.mixin_argument.MixinArgumentDecorator object at 0x7f83f41ccd60>, verb_extension=<colcon_core.verb.build.BuildVerb object at 0x7f83f42d5f90>, main=<bound method BuildVerb.main of <colcon_core.verb.build.BuildVerb object at 0x7f83f42d5f90>>, mixin_verb=('build',))
[2.059s] Level 1:colcon.colcon_core.package_discovery:discover_packages(colcon_meta) check parameters
[2.062s] INFO:colcon.colcon_metadata.package_discovery.colcon_meta:Using configuration from '/root/.colcon/metadata/default/Gazebo.meta'
[2.066s] INFO:colcon.colcon_metadata.package_discovery.colcon_meta:Using configuration from '/root/.colcon/metadata/default/fastdds.meta'
[2.067s] INFO:colcon.colcon_metadata.package_discovery.colcon_meta:Using configuration from '/root/.colcon/metadata/default/fastrtps.meta'
[2.069s] Level 1:colcon.colcon_core.package_discovery:discover_packages(recursive) check parameters
[2.070s] Level 1:colcon.colcon_core.package_discovery:discover_packages(ignore) check parameters
[2.070s] Level 1:colcon.colcon_core.package_discovery:discover_packages(path) check parameters
[2.070s] Level 1:colcon.colcon_core.package_discovery:discover_packages(colcon_meta) discover
[2.071s] Level 1:colcon.colcon_core.package_discovery:discover_packages(recursive) discover
[2.072s] INFO:colcon.colcon_core.package_discovery:Crawling recursively for packages in '/workspace'
[2.076s] Level 1:colcon.colcon_core.package_identification:_identify(.) by extensions ['ignore', 'ignore_ament_install']
[2.076s] Level 1:colcon.colcon_core.package_identification:_identify(.) by extension 'ignore'
[2.077s] Level 1:colcon.colcon_core.package_identification:_identify(.) by extension 'ignore_ament_install'
[2.078s] Level 1:colcon.colcon_core.package_identification:_identify(.) by extensions ['colcon_pkg']
[2.078s] Level 1:colcon.colcon_core.package_identification:_identify(.) by extension 'colcon_pkg'
[2.079s] Level 1:colcon.colcon_core.package_identification:_identify(.) by extensions ['colcon_meta']
[2.081s] Level 1:colcon.colcon_core.package_identification:_identify(.) by extension 'colcon_meta'
[2.081s] Level 1:colcon.colcon_core.package_identification:_identify(.) by extensions ['ros']
[2.082s] Level 1:colcon.colcon_core.package_identification:_identify(.) by extension 'ros'
[2.182s] Level 1:colcon.colcon_core.package_identification:_identify(.) by extensions ['cmake', 'python']
[2.183s] Level 1:colcon.colcon_core.package_identification:_identify(.) by extension 'cmake'
[2.183s] Level 1:colcon.colcon_core.package_identification:_identify(.) by extension 'python'
[2.183s] Level 1:colcon.colcon_core.package_identification:_identify(.) by extensions ['python_setup_py']
[2.183s] Level 1:colcon.colcon_core.package_identification:_identify(.) by extension 'python_setup_py'
[2.190s] Level 1:colcon.colcon_core.package_identification:_identify(__pycache__) by extensions ['ignore', 'ignore_ament_install']
[2.192s] Level 1:colcon.colcon_core.package_identification:_identify(__pycache__) by extension 'ignore'
[2.192s] Level 1:colcon.colcon_core.package_identification:_identify(__pycache__) by extension 'ignore_ament_install'
[2.193s] Level 1:colcon.colcon_core.package_identification:_identify(__pycache__) by extensions ['colcon_pkg']
[2.193s] Level 1:colcon.colcon_core.package_identification:_identify(__pycache__) by extension 'colcon_pkg'
[2.193s] Level 1:colcon.colcon_core.package_identification:_identify(__pycache__) by extensions ['colcon_meta']
[2.193s] Level 1:colcon.colcon_core.package_identification:_identify(__pycache__) by extension 'colcon_meta'
[2.194s] Level 1:colcon.colcon_core.package_identification:_identify(__pycache__) by extensions ['ros']
[2.194s] Level 1:colcon.colcon_core.package_identification:_identify(__pycache__) by extension 'ros'
[2.196s] Level 1:colcon.colcon_core.package_identification:_identify(__pycache__) by extensions ['cmake', 'python']
[2.197s] Level 1:colcon.colcon_core.package_identification:_identify(__pycache__) by extension 'cmake'
[2.197s] Level 1:colcon.colcon_core.package_identification:_identify(__pycache__) by extension 'python'
[2.198s] Level 1:colcon.colcon_core.package_identification:_identify(__pycache__) by extensions ['python_setup_py']
[2.198s] Level 1:colcon.colcon_core.package_identification:_identify(__pycache__) by extension 'python_setup_py'
[2.208s] Level 1:colcon.colcon_core.package_identification:_identify(backbone_model) by extensions ['ignore', 'ignore_ament_install']
[2.209s] Level 1:colcon.colcon_core.package_identification:_identify(backbone_model) by extension 'ignore'
[2.209s] Level 1:colcon.colcon_core.package_identification:_identify(backbone_model) by extension 'ignore_ament_install'
[2.210s] Level 1:colcon.colcon_core.package_identification:_identify(backbone_model) by extensions ['colcon_pkg']
[2.214s] Level 1:colcon.colcon_core.package_identification:_identify(backbone_model) by extension 'colcon_pkg'
[2.214s] Level 1:colcon.colcon_core.package_identification:_identify(backbone_model) by extensions ['colcon_meta']
[2.215s] Level 1:colcon.colcon_core.package_identification:_identify(backbone_model) by extension 'colcon_meta'
[2.215s] Level 1:colcon.colcon_core.package_identification:_identify(backbone_model) by extensions ['ros']
[2.216s] Level 1:colcon.colcon_core.package_identification:_identify(backbone_model) by extension 'ros'
[2.221s] Level 1:colcon.colcon_core.package_identification:_identify(backbone_model) by extensions ['cmake', 'python']
[2.222s] Level 1:colcon.colcon_core.package_identification:_identify(backbone_model) by extension 'cmake'
[2.222s] Level 1:colcon.colcon_core.package_identification:_identify(backbone_model) by extension 'python'
[2.223s] Level 1:colcon.colcon_core.package_identification:_identify(backbone_model) by extensions ['python_setup_py']
[2.223s] Level 1:colcon.colcon_core.package_identification:_identify(backbone_model) by extension 'python_setup_py'
[2.227s] Level 1:colcon.colcon_core.package_identification:_identify(backbone_model/__pycache__) by extensions ['ignore', 'ignore_ament_install']
[2.231s] Level 1:colcon.colcon_core.package_identification:_identify(backbone_model/__pycache__) by extension 'ignore'
[2.232s] Level 1:colcon.colcon_core.package_identification:_identify(backbone_model/__pycache__) by extension 'ignore_ament_install'
[2.233s] Level 1:colcon.colcon_core.package_identification:_identify(backbone_model/__pycache__) by extensions ['colcon_pkg']
[2.234s] Level 1:colcon.colcon_core.package_identification:_identify(backbone_model/__pycache__) by extension 'colcon_pkg'
[2.238s] Level 1:colcon.colcon_core.package_identification:_identify(backbone_model/__pycache__) by extensions ['colcon_meta']
[2.238s] Level 1:colcon.colcon_core.package_identification:_identify(backbone_model/__pycache__) by extension 'colcon_meta'
[2.239s] Level 1:colcon.colcon_core.package_identification:_identify(backbone_model/__pycache__) by extensions ['ros']
[2.239s] Level 1:colcon.colcon_core.package_identification:_identify(backbone_model/__pycache__) by extension 'ros'
[2.240s] Level 1:colcon.colcon_core.package_identification:_identify(backbone_model/__pycache__) by extensions ['cmake', 'python']
[2.240s] Level 1:colcon.colcon_core.package_identification:_identify(backbone_model/__pycache__) by extension 'cmake'
[2.241s] Level 1:colcon.colcon_core.package_identification:_identify(backbone_model/__pycache__) by extension 'python'
[2.241s] Level 1:colcon.colcon_core.package_identification:_identify(backbone_model/__pycache__) by extensions ['python_setup_py']
[2.242s] Level 1:colcon.colcon_core.package_identification:_identify(backbone_model/__pycache__) by extension 'python_setup_py'
[2.248s] Level 1:colcon.colcon_core.package_identification:_identify(backbone_model/real_world_dataset) by extensions ['ignore', 'ignore_ament_install']
[2.249s] Level 1:colcon.colcon_core.package_identification:_identify(backbone_model/real_world_dataset) by extension 'ignore'
[2.251s] Level 1:colcon.colcon_core.package_identification:_identify(backbone_model/real_world_dataset) by extension 'ignore_ament_install'
[2.253s] Level 1:colcon.colcon_core.package_identification:_identify(backbone_model/real_world_dataset) by extensions ['colcon_pkg']
[2.253s] Level 1:colcon.colcon_core.package_identification:_identify(backbone_model/real_world_dataset) by extension 'colcon_pkg'
[2.254s] Level 1:colcon.colcon_core.package_identification:_identify(backbone_model/real_world_dataset) by extensions ['colcon_meta']
[2.255s] Level 1:colcon.colcon_core.package_identification:_identify(backbone_model/real_world_dataset) by extension 'colcon_meta'
[2.255s] Level 1:colcon.colcon_core.package_identification:_identify(backbone_model/real_world_dataset) by extensions ['ros']
[2.256s] Level 1:colcon.colcon_core.package_identification:_identify(backbone_model/real_world_dataset) by extension 'ros'
[2.259s] Level 1:colcon.colcon_core.package_identification:_identify(backbone_model/real_world_dataset) by extensions ['cmake', 'python']
[2.261s] Level 1:colcon.colcon_core.package_identification:_identify(backbone_model/real_world_dataset) by extension 'cmake'
[2.262s] Level 1:colcon.colcon_core.package_identification:_identify(backbone_model/real_world_dataset) by extension 'python'
[2.264s] Level 1:colcon.colcon_core.package_identification:_identify(backbone_model/real_world_dataset) by extensions ['python_setup_py']
[2.264s] Level 1:colcon.colcon_core.package_identification:_identify(backbone_model/real_world_dataset) by extension 'python_setup_py'
[2.270s] Level 1:colcon.colcon_core.package_identification:_identify(backbone_model/real_world_dataset/__pycache__) by extensions ['ignore', 'ignore_ament_install']
[2.271s] Level 1:colcon.colcon_core.package_identification:_identify(backbone_model/real_world_dataset/__pycache__) by extension 'ignore'
[2.272s] Level 1:colcon.colcon_core.package_identification:_identify(backbone_model/real_world_dataset/__pycache__) by extension 'ignore_ament_install'
[2.274s] Level 1:colcon.colcon_core.package_identification:_identify(backbone_model/real_world_dataset/__pycache__) by extensions ['colcon_pkg']
[2.275s] Level 1:colcon.colcon_core.package_identification:_identify(backbone_model/real_world_dataset/__pycache__) by extension 'colcon_pkg'
[2.277s] Level 1:colcon.colcon_core.package_identification:_identify(backbone_model/real_world_dataset/__pycache__) by extensions ['colcon_meta']
[2.277s] Level 1:colcon.colcon_core.package_identification:_identify(backbone_model/real_world_dataset/__pycache__) by extension 'colcon_meta'
[2.281s] Level 1:colcon.colcon_core.package_identification:_identify(backbone_model/real_world_dataset/__pycache__) by extensions ['ros']
[2.281s] Level 1:colcon.colcon_core.package_identification:_identify(backbone_model/real_world_dataset/__pycache__) by extension 'ros'
[2.283s] Level 1:colcon.colcon_core.package_identification:_identify(backbone_model/real_world_dataset/__pycache__) by extensions ['cmake', 'python']
[2.286s] Level 1:colcon.colcon_core.package_identification:_identify(backbone_model/real_world_dataset/__pycache__) by extension 'cmake'
[2.286s] Level 1:colcon.colcon_core.package_identification:_identify(backbone_model/real_world_dataset/__pycache__) by extension 'python'
[2.287s] Level 1:colcon.colcon_core.package_identification:_identify(backbone_model/real_world_dataset/__pycache__) by extensions ['python_setup_py']
[2.287s] Level 1:colcon.colcon_core.package_identification:_identify(backbone_model/real_world_dataset/__pycache__) by extension 'python_setup_py'
[2.290s] Level 1:colcon.colcon_core.package_identification:_identify(backbone_model/real_world_dataset/backgrounds) by extensions ['ignore', 'ignore_ament_install']
[2.290s] Level 1:colcon.colcon_core.package_identification:_identify(backbone_model/real_world_dataset/backgrounds) by extension 'ignore'
[2.292s] Level 1:colcon.colcon_core.package_identification:_identify(backbone_model/real_world_dataset/backgrounds) by extension 'ignore_ament_install'
[2.292s] Level 1:colcon.colcon_core.package_identification:_identify(backbone_model/real_world_dataset/backgrounds) by extensions ['colcon_pkg']
[2.292s] Level 1:colcon.colcon_core.package_identification:_identify(backbone_model/real_world_dataset/backgrounds) by extension 'colcon_pkg'
[2.294s] Level 1:colcon.colcon_core.package_identification:_identify(backbone_model/real_world_dataset/backgrounds) by extensions ['colcon_meta']
[2.294s] Level 1:colcon.colcon_core.package_identification:_identify(backbone_model/real_world_dataset/backgrounds) by extension 'colcon_meta'
[2.294s] Level 1:colcon.colcon_core.package_identification:_identify(backbone_model/real_world_dataset/backgrounds) by extensions ['ros']
[2.295s] Level 1:colcon.colcon_core.package_identification:_identify(backbone_model/real_world_dataset/backgrounds) by extension 'ros'
[2.298s] Level 1:colcon.colcon_core.package_identification:_identify(backbone_model/real_world_dataset/backgrounds) by extensions ['cmake', 'python']
[2.299s] Level 1:colcon.colcon_core.package_identification:_identify(backbone_model/real_world_dataset/backgrounds) by extension 'cmake'
[2.300s] Level 1:colcon.colcon_core.package_identification:_identify(backbone_model/real_world_dataset/backgrounds) by extension 'python'
[2.302s] Level 1:colcon.colcon_core.package_identification:_identify(backbone_model/real_world_dataset/backgrounds) by extensions ['python_setup_py']
[2.302s] Level 1:colcon.colcon_core.package_identification:_identify(backbone_model/real_world_dataset/backgrounds) by extension 'python_setup_py'
[2.386s] Level 1:colcon.colcon_core.package_identification:_identify(backbone_model/real_world_dataset/images) by extensions ['ignore', 'ignore_ament_install']
[2.388s] Level 1:colcon.colcon_core.package_identification:_identify(backbone_model/real_world_dataset/images) by extension 'ignore'
[2.388s] Level 1:colcon.colcon_core.package_identification:_identify(backbone_model/real_world_dataset/images) by extension 'ignore_ament_install'
[2.391s] Level 1:colcon.colcon_core.package_identification:_identify(backbone_model/real_world_dataset/images) by extensions ['colcon_pkg']
[2.393s] Level 1:colcon.colcon_core.package_identification:_identify(backbone_model/real_world_dataset/images) by extension 'colcon_pkg'
[2.393s] Level 1:colcon.colcon_core.package_identification:_identify(backbone_model/real_world_dataset/images) by extensions ['colcon_meta']
[2.393s] Level 1:colcon.colcon_core.package_identification:_identify(backbone_model/real_world_dataset/images) by extension 'colcon_meta'
[2.394s] Level 1:colcon.colcon_core.package_identification:_identify(backbone_model/real_world_dataset/images) by extensions ['ros']
[2.394s] Level 1:colcon.colcon_core.package_identification:_identify(backbone_model/real_world_dataset/images) by extension 'ros'
[2.399s] Level 1:colcon.colcon_core.package_identification:_identify(backbone_model/real_world_dataset/images) by extensions ['cmake', 'python']
[2.399s] Level 1:colcon.colcon_core.package_identification:_identify(backbone_model/real_world_dataset/images) by extension 'cmake'
[2.400s] Level 1:colcon.colcon_core.package_identification:_identify(backbone_model/real_world_dataset/images) by extension 'python'
[2.400s] Level 1:colcon.colcon_core.package_identification:_identify(backbone_model/real_world_dataset/images) by extensions ['python_setup_py']
[2.401s] Level 1:colcon.colcon_core.package_identification:_identify(backbone_model/real_world_dataset/images) by extension 'python_setup_py'
[2.406s] Level 1:colcon.colcon_core.package_identification:_identify(backbone_model/real_world_dataset/limo) by extensions ['ignore', 'ignore_ament_install']
[2.412s] Level 1:colcon.colcon_core.package_identification:_identify(backbone_model/real_world_dataset/limo) by extension 'ignore'
[2.417s] Level 1:colcon.colcon_core.package_identification:_identify(backbone_model/real_world_dataset/limo) by extension 'ignore_ament_install'
[2.419s] Level 1:colcon.colcon_core.package_identification:_identify(backbone_model/real_world_dataset/limo) by extensions ['colcon_pkg']
[2.419s] Level 1:colcon.colcon_core.package_identification:_identify(backbone_model/real_world_dataset/limo) by extension 'colcon_pkg'
[2.420s] Level 1:colcon.colcon_core.package_identification:_identify(backbone_model/real_world_dataset/limo) by extensions ['colcon_meta']
[2.420s] Level 1:colcon.colcon_core.package_identification:_identify(backbone_model/real_world_dataset/limo) by extension 'colcon_meta'
[2.424s] Level 1:colcon.colcon_core.package_identification:_identify(backbone_model/real_world_dataset/limo) by extensions ['ros']
[2.424s] Level 1:colcon.colcon_core.package_identification:_identify(backbone_model/real_world_dataset/limo) by extension 'ros'
[2.426s] Level 1:colcon.colcon_core.package_identification:_identify(backbone_model/real_world_dataset/limo) by extensions ['cmake', 'python']
[2.427s] Level 1:colcon.colcon_core.package_identification:_identify(backbone_model/real_world_dataset/limo) by extension 'cmake'
[2.428s] Level 1:colcon.colcon_core.package_identification:_identify(backbone_model/real_world_dataset/limo) by extension 'python'
[2.429s] Level 1:colcon.colcon_core.package_identification:_identify(backbone_model/real_world_dataset/limo) by extensions ['python_setup_py']
[2.429s] Level 1:colcon.colcon_core.package_identification:_identify(backbone_model/real_world_dataset/limo) by extension 'python_setup_py'
[2.460s] Level 1:colcon.colcon_core.package_identification:_identify(backbone_model/real_world_dataset/video) by extensions ['ignore', 'ignore_ament_install']
[2.462s] Level 1:colcon.colcon_core.package_identification:_identify(backbone_model/real_world_dataset/video) by extension 'ignore'
[2.462s] Level 1:colcon.colcon_core.package_identification:_identify(backbone_model/real_world_dataset/video) by extension 'ignore_ament_install'
[2.463s] Level 1:colcon.colcon_core.package_identification:_identify(backbone_model/real_world_dataset/video) by extensions ['colcon_pkg']
[2.464s] Level 1:colcon.colcon_core.package_identification:_identify(backbone_model/real_world_dataset/video) by extension 'colcon_pkg'
[2.466s] Level 1:colcon.colcon_core.package_identification:_identify(backbone_model/real_world_dataset/video) by extensions ['colcon_meta']
[2.467s] Level 1:colcon.colcon_core.package_identification:_identify(backbone_model/real_world_dataset/video) by extension 'colcon_meta'
[2.467s] Level 1:colcon.colcon_core.package_identification:_identify(backbone_model/real_world_dataset/video) by extensions ['ros']
[2.468s] Level 1:colcon.colcon_core.package_identification:_identify(backbone_model/real_world_dataset/video) by extension 'ros'
[2.470s] Level 1:colcon.colcon_core.package_identification:_identify(backbone_model/real_world_dataset/video) by extensions ['cmake', 'python']
[2.470s] Level 1:colcon.colcon_core.package_identification:_identify(backbone_model/real_world_dataset/video) by extension 'cmake'
[2.472s] Level 1:colcon.colcon_core.package_identification:_identify(backbone_model/real_world_dataset/video) by extension 'python'
[2.473s] Level 1:colcon.colcon_core.package_identification:_identify(backbone_model/real_world_dataset/video) by extensions ['python_setup_py']
[2.474s] Level 1:colcon.colcon_core.package_identification:_identify(backbone_model/real_world_dataset/video) by extension 'python_setup_py'
[2.481s] Level 1:colcon.colcon_core.package_identification:_identify(backbone_model/saved_models) by extensions ['ignore', 'ignore_ament_install']
[2.482s] Level 1:colcon.colcon_core.package_identification:_identify(backbone_model/saved_models) by extension 'ignore'
[2.482s] Level 1:colcon.colcon_core.package_identification:_identify(backbone_model/saved_models) by extension 'ignore_ament_install'
[2.486s] Level 1:colcon.colcon_core.package_identification:_identify(backbone_model/saved_models) by extensions ['colcon_pkg']
[2.486s] Level 1:colcon.colcon_core.package_identification:_identify(backbone_model/saved_models) by extension 'colcon_pkg'
[2.489s] Level 1:colcon.colcon_core.package_identification:_identify(backbone_model/saved_models) by extensions ['colcon_meta']
[2.490s] Level 1:colcon.colcon_core.package_identification:_identify(backbone_model/saved_models) by extension 'colcon_meta'
[2.491s] Level 1:colcon.colcon_core.package_identification:_identify(backbone_model/saved_models) by extensions ['ros']
[2.492s] Level 1:colcon.colcon_core.package_identification:_identify(backbone_model/saved_models) by extension 'ros'
[2.494s] Level 1:colcon.colcon_core.package_identification:_identify(backbone_model/saved_models) by extensions ['cmake', 'python']
[2.495s] Level 1:colcon.colcon_core.package_identification:_identify(backbone_model/saved_models) by extension 'cmake'
[2.496s] Level 1:colcon.colcon_core.package_identification:_identify(backbone_model/saved_models) by extension 'python'
[2.497s] Level 1:colcon.colcon_core.package_identification:_identify(backbone_model/saved_models) by extensions ['python_setup_py']
[2.499s] Level 1:colcon.colcon_core.package_identification:_identify(backbone_model/saved_models) by extension 'python_setup_py'
[2.504s] Level 1:colcon.colcon_core.package_identification:_identify(backbone_model/simple_model_modified) by extensions ['ignore', 'ignore_ament_install']
[2.505s] Level 1:colcon.colcon_core.package_identification:_identify(backbone_model/simple_model_modified) by extension 'ignore'
[2.507s] Level 1:colcon.colcon_core.package_identification:_identify(backbone_model/simple_model_modified) by extension 'ignore_ament_install'
[2.524s] Level 1:colcon.colcon_core.package_identification:_identify(backbone_model/simple_model_modified) by extensions ['colcon_pkg']
[2.524s] Level 1:colcon.colcon_core.package_identification:_identify(backbone_model/simple_model_modified) by extension 'colcon_pkg'
[2.525s] Level 1:colcon.colcon_core.package_identification:_identify(backbone_model/simple_model_modified) by extensions ['colcon_meta']
[2.528s] Level 1:colcon.colcon_core.package_identification:_identify(backbone_model/simple_model_modified) by extension 'colcon_meta'
[2.528s] Level 1:colcon.colcon_core.package_identification:_identify(backbone_model/simple_model_modified) by extensions ['ros']
[2.529s] Level 1:colcon.colcon_core.package_identification:_identify(backbone_model/simple_model_modified) by extension 'ros'
[2.539s] Level 1:colcon.colcon_core.package_identification:_identify(backbone_model/simple_model_modified) by extensions ['cmake', 'python']
[2.540s] Level 1:colcon.colcon_core.package_identification:_identify(backbone_model/simple_model_modified) by extension 'cmake'
[2.541s] Level 1:colcon.colcon_core.package_identification:_identify(backbone_model/simple_model_modified) by extension 'python'
[2.542s] Level 1:colcon.colcon_core.package_identification:_identify(backbone_model/simple_model_modified) by extensions ['python_setup_py']
[2.542s] Level 1:colcon.colcon_core.package_identification:_identify(backbone_model/simple_model_modified) by extension 'python_setup_py'
[2.547s] Level 1:colcon.colcon_core.package_identification:_identify(backbone_model/simple_model_modified/__pycache__) by extensions ['ignore', 'ignore_ament_install']
[2.548s] Level 1:colcon.colcon_core.package_identification:_identify(backbone_model/simple_model_modified/__pycache__) by extension 'ignore'
[2.550s] Level 1:colcon.colcon_core.package_identification:_identify(backbone_model/simple_model_modified/__pycache__) by extension 'ignore_ament_install'
[2.550s] Level 1:colcon.colcon_core.package_identification:_identify(backbone_model/simple_model_modified/__pycache__) by extensions ['colcon_pkg']
[2.551s] Level 1:colcon.colcon_core.package_identification:_identify(backbone_model/simple_model_modified/__pycache__) by extension 'colcon_pkg'
[2.551s] Level 1:colcon.colcon_core.package_identification:_identify(backbone_model/simple_model_modified/__pycache__) by extensions ['colcon_meta']
[2.551s] Level 1:colcon.colcon_core.package_identification:_identify(backbone_model/simple_model_modified/__pycache__) by extension 'colcon_meta'
[2.552s] Level 1:colcon.colcon_core.package_identification:_identify(backbone_model/simple_model_modified/__pycache__) by extensions ['ros']
[2.552s] Level 1:colcon.colcon_core.package_identification:_identify(backbone_model/simple_model_modified/__pycache__) by extension 'ros'
[2.558s] Level 1:colcon.colcon_core.package_identification:_identify(backbone_model/simple_model_modified/__pycache__) by extensions ['cmake', 'python']
[2.559s] Level 1:colcon.colcon_core.package_identification:_identify(backbone_model/simple_model_modified/__pycache__) by extension 'cmake'
[2.560s] Level 1:colcon.colcon_core.package_identification:_identify(backbone_model/simple_model_modified/__pycache__) by extension 'python'
[2.561s] Level 1:colcon.colcon_core.package_identification:_identify(backbone_model/simple_model_modified/__pycache__) by extensions ['python_setup_py']
[2.561s] Level 1:colcon.colcon_core.package_identification:_identify(backbone_model/simple_model_modified/__pycache__) by extension 'python_setup_py'
[2.567s] Level 1:colcon.colcon_core.package_identification:_identify(backbone_model/synthetic_limo_dataset) by extensions ['ignore', 'ignore_ament_install']
[2.568s] Level 1:colcon.colcon_core.package_identification:_identify(backbone_model/synthetic_limo_dataset) by extension 'ignore'
[2.571s] Level 1:colcon.colcon_core.package_identification:_identify(backbone_model/synthetic_limo_dataset) by extension 'ignore_ament_install'
[2.574s] Level 1:colcon.colcon_core.package_identification:_identify(backbone_model/synthetic_limo_dataset) by extensions ['colcon_pkg']
[2.575s] Level 1:colcon.colcon_core.package_identification:_identify(backbone_model/synthetic_limo_dataset) by extension 'colcon_pkg'
[2.577s] Level 1:colcon.colcon_core.package_identification:_identify(backbone_model/synthetic_limo_dataset) by extensions ['colcon_meta']
[2.577s] Level 1:colcon.colcon_core.package_identification:_identify(backbone_model/synthetic_limo_dataset) by extension 'colcon_meta'
[2.578s] Level 1:colcon.colcon_core.package_identification:_identify(backbone_model/synthetic_limo_dataset) by extensions ['ros']
[2.578s] Level 1:colcon.colcon_core.package_identification:_identify(backbone_model/synthetic_limo_dataset) by extension 'ros'
[2.581s] Level 1:colcon.colcon_core.package_identification:_identify(backbone_model/synthetic_limo_dataset) by extensions ['cmake', 'python']
[2.581s] Level 1:colcon.colcon_core.package_identification:_identify(backbone_model/synthetic_limo_dataset) by extension 'cmake'
[2.582s] Level 1:colcon.colcon_core.package_identification:_identify(backbone_model/synthetic_limo_dataset) by extension 'python'
[2.584s] Level 1:colcon.colcon_core.package_identification:_identify(backbone_model/synthetic_limo_dataset) by extensions ['python_setup_py']
[2.589s] Level 1:colcon.colcon_core.package_identification:_identify(backbone_model/synthetic_limo_dataset) by extension 'python_setup_py'
[2.591s] Level 1:colcon.colcon_core.package_identification:_identify(backbone_model/synthetic_limo_dataset/__pycache__) by extensions ['ignore', 'ignore_ament_install']
[2.592s] Level 1:colcon.colcon_core.package_identification:_identify(backbone_model/synthetic_limo_dataset/__pycache__) by extension 'ignore'
[2.607s] Level 1:colcon.colcon_core.package_identification:_identify(backbone_model/synthetic_limo_dataset/__pycache__) by extension 'ignore_ament_install'
[2.610s] Level 1:colcon.colcon_core.package_identification:_identify(backbone_model/synthetic_limo_dataset/__pycache__) by extensions ['colcon_pkg']
[2.610s] Level 1:colcon.colcon_core.package_identification:_identify(backbone_model/synthetic_limo_dataset/__pycache__) by extension 'colcon_pkg'
[2.611s] Level 1:colcon.colcon_core.package_identification:_identify(backbone_model/synthetic_limo_dataset/__pycache__) by extensions ['colcon_meta']
[2.612s] Level 1:colcon.colcon_core.package_identification:_identify(backbone_model/synthetic_limo_dataset/__pycache__) by extension 'colcon_meta'
[2.613s] Level 1:colcon.colcon_core.package_identification:_identify(backbone_model/synthetic_limo_dataset/__pycache__) by extensions ['ros']
[2.614s] Level 1:colcon.colcon_core.package_identification:_identify(backbone_model/synthetic_limo_dataset/__pycache__) by extension 'ros'
[2.618s] Level 1:colcon.colcon_core.package_identification:_identify(backbone_model/synthetic_limo_dataset/__pycache__) by extensions ['cmake', 'python']
[2.621s] Level 1:colcon.colcon_core.package_identification:_identify(backbone_model/synthetic_limo_dataset/__pycache__) by extension 'cmake'
[2.633s] Level 1:colcon.colcon_core.package_identification:_identify(backbone_model/synthetic_limo_dataset/__pycache__) by extension 'python'
[2.634s] Level 1:colcon.colcon_core.package_identification:_identify(backbone_model/synthetic_limo_dataset/__pycache__) by extensions ['python_setup_py']
[2.634s] Level 1:colcon.colcon_core.package_identification:_identify(backbone_model/synthetic_limo_dataset/__pycache__) by extension 'python_setup_py'
[2.796s] Level 1:colcon.colcon_core.package_identification:_identify(backbone_model/synthetic_limo_dataset/images) by extensions ['ignore', 'ignore_ament_install']
[2.797s] Level 1:colcon.colcon_core.package_identification:_identify(backbone_model/synthetic_limo_dataset/images) by extension 'ignore'
[2.797s] Level 1:colcon.colcon_core.package_identification:_identify(backbone_model/synthetic_limo_dataset/images) by extension 'ignore_ament_install'
[2.802s] Level 1:colcon.colcon_core.package_identification:_identify(backbone_model/synthetic_limo_dataset/images) by extensions ['colcon_pkg']
[2.802s] Level 1:colcon.colcon_core.package_identification:_identify(backbone_model/synthetic_limo_dataset/images) by extension 'colcon_pkg'
[2.803s] Level 1:colcon.colcon_core.package_identification:_identify(backbone_model/synthetic_limo_dataset/images) by extensions ['colcon_meta']
[2.803s] Level 1:colcon.colcon_core.package_identification:_identify(backbone_model/synthetic_limo_dataset/images) by extension 'colcon_meta'
[2.803s] Level 1:colcon.colcon_core.package_identification:_identify(backbone_model/synthetic_limo_dataset/images) by extensions ['ros']
[2.804s] Level 1:colcon.colcon_core.package_identification:_identify(backbone_model/synthetic_limo_dataset/images) by extension 'ros'
[2.804s] Level 1:colcon.colcon_core.package_identification:_identify(backbone_model/synthetic_limo_dataset/images) by extensions ['cmake', 'python']
[2.805s] Level 1:colcon.colcon_core.package_identification:_identify(backbone_model/synthetic_limo_dataset/images) by extension 'cmake'
[2.805s] Level 1:colcon.colcon_core.package_identification:_identify(backbone_model/synthetic_limo_dataset/images) by extension 'python'
[2.805s] Level 1:colcon.colcon_core.package_identification:_identify(backbone_model/synthetic_limo_dataset/images) by extensions ['python_setup_py']
[2.806s] Level 1:colcon.colcon_core.package_identification:_identify(backbone_model/synthetic_limo_dataset/images) by extension 'python_setup_py'
[2.808s] Level 1:colcon.colcon_core.package_identification:_identify(backbone_model/testing) by extensions ['ignore', 'ignore_ament_install']
[2.814s] Level 1:colcon.colcon_core.package_identification:_identify(backbone_model/testing) by extension 'ignore'
[2.814s] Level 1:colcon.colcon_core.package_identification:_identify(backbone_model/testing) by extension 'ignore_ament_install'
[2.815s] Level 1:colcon.colcon_core.package_identification:_identify(backbone_model/testing) by extensions ['colcon_pkg']
[2.816s] Level 1:colcon.colcon_core.package_identification:_identify(backbone_model/testing) by extension 'colcon_pkg'
[2.816s] Level 1:colcon.colcon_core.package_identification:_identify(backbone_model/testing) by extensions ['colcon_meta']
[2.816s] Level 1:colcon.colcon_core.package_identification:_identify(backbone_model/testing) by extension 'colcon_meta'
[2.817s] Level 1:colcon.colcon_core.package_identification:_identify(backbone_model/testing) by extensions ['ros']
[2.817s] Level 1:colcon.colcon_core.package_identification:_identify(backbone_model/testing) by extension 'ros'
[2.818s] Level 1:colcon.colcon_core.package_identification:_identify(backbone_model/testing) by extensions ['cmake', 'python']
[2.818s] Level 1:colcon.colcon_core.package_identification:_identify(backbone_model/testing) by extension 'cmake'
[2.819s] Level 1:colcon.colcon_core.package_identification:_identify(backbone_model/testing) by extension 'python'
[2.819s] Level 1:colcon.colcon_core.package_identification:_identify(backbone_model/testing) by extensions ['python_setup_py']
[2.819s] Level 1:colcon.colcon_core.package_identification:_identify(backbone_model/testing) by extension 'python_setup_py'
[2.828s] Level 1:colcon.colcon_core.package_identification:_identify(backbone_model/testing/__pycache__) by extensions ['ignore', 'ignore_ament_install']
[2.829s] Level 1:colcon.colcon_core.package_identification:_identify(backbone_model/testing/__pycache__) by extension 'ignore'
[2.829s] Level 1:colcon.colcon_core.package_identification:_identify(backbone_model/testing/__pycache__) by extension 'ignore_ament_install'
[2.830s] Level 1:colcon.colcon_core.package_identification:_identify(backbone_model/testing/__pycache__) by extensions ['colcon_pkg']
[2.830s] Level 1:colcon.colcon_core.package_identification:_identify(backbone_model/testing/__pycache__) by extension 'colcon_pkg'
[2.830s] Level 1:colcon.colcon_core.package_identification:_identify(backbone_model/testing/__pycache__) by extensions ['colcon_meta']
[2.831s] Level 1:colcon.colcon_core.package_identification:_identify(backbone_model/testing/__pycache__) by extension 'colcon_meta'
[2.832s] Level 1:colcon.colcon_core.package_identification:_identify(backbone_model/testing/__pycache__) by extensions ['ros']
[2.833s] Level 1:colcon.colcon_core.package_identification:_identify(backbone_model/testing/__pycache__) by extension 'ros'
[2.834s] Level 1:colcon.colcon_core.package_identification:_identify(backbone_model/testing/__pycache__) by extensions ['cmake', 'python']
[2.834s] Level 1:colcon.colcon_core.package_identification:_identify(backbone_model/testing/__pycache__) by extension 'cmake'
[2.834s] Level 1:colcon.colcon_core.package_identification:_identify(backbone_model/testing/__pycache__) by extension 'python'
[2.835s] Level 1:colcon.colcon_core.package_identification:_identify(backbone_model/testing/__pycache__) by extensions ['python_setup_py']
[2.835s] Level 1:colcon.colcon_core.package_identification:_identify(backbone_model/testing/__pycache__) by extension 'python_setup_py'
[2.907s] Level 1:colcon.colcon_core.package_identification:_identify(backbone_model/training_video_data) by extensions ['ignore', 'ignore_ament_install']
[2.908s] Level 1:colcon.colcon_core.package_identification:_identify(backbone_model/training_video_data) by extension 'ignore'
[2.911s] Level 1:colcon.colcon_core.package_identification:_identify(backbone_model/training_video_data) by extension 'ignore_ament_install'
[2.919s] Level 1:colcon.colcon_core.package_identification:_identify(backbone_model/training_video_data) by extensions ['colcon_pkg']
[2.919s] Level 1:colcon.colcon_core.package_identification:_identify(backbone_model/training_video_data) by extension 'colcon_pkg'
[2.920s] Level 1:colcon.colcon_core.package_identification:_identify(backbone_model/training_video_data) by extensions ['colcon_meta']
[2.923s] Level 1:colcon.colcon_core.package_identification:_identify(backbone_model/training_video_data) by extension 'colcon_meta'
[2.923s] Level 1:colcon.colcon_core.package_identification:_identify(backbone_model/training_video_data) by extensions ['ros']
[2.924s] Level 1:colcon.colcon_core.package_identification:_identify(backbone_model/training_video_data) by extension 'ros'
[2.930s] Level 1:colcon.colcon_core.package_identification:_identify(backbone_model/training_video_data) by extensions ['cmake', 'python']
[2.930s] Level 1:colcon.colcon_core.package_identification:_identify(backbone_model/training_video_data) by extension 'cmake'
[2.931s] Level 1:colcon.colcon_core.package_identification:_identify(backbone_model/training_video_data) by extension 'python'
[2.932s] Level 1:colcon.colcon_core.package_identification:_identify(backbone_model/training_video_data) by extensions ['python_setup_py']
[2.932s] Level 1:colcon.colcon_core.package_identification:_identify(backbone_model/training_video_data) by extension 'python_setup_py'
[2.934s] Level 1:colcon.colcon_core.package_identification:_identify(backbone_model/training_video_data/__pycache__) by extensions ['ignore', 'ignore_ament_install']
[2.934s] Level 1:colcon.colcon_core.package_identification:_identify(backbone_model/training_video_data/__pycache__) by extension 'ignore'
[2.935s] Level 1:colcon.colcon_core.package_identification:_identify(backbone_model/training_video_data/__pycache__) by extension 'ignore_ament_install'
[2.935s] Level 1:colcon.colcon_core.package_identification:_identify(backbone_model/training_video_data/__pycache__) by extensions ['colcon_pkg']
[2.936s] Level 1:colcon.colcon_core.package_identification:_identify(backbone_model/training_video_data/__pycache__) by extension 'colcon_pkg'
[2.937s] Level 1:colcon.colcon_core.package_identification:_identify(backbone_model/training_video_data/__pycache__) by extensions ['colcon_meta']
[2.937s] Level 1:colcon.colcon_core.package_identification:_identify(backbone_model/training_video_data/__pycache__) by extension 'colcon_meta'
[2.938s] Level 1:colcon.colcon_core.package_identification:_identify(backbone_model/training_video_data/__pycache__) by extensions ['ros']
[2.938s] Level 1:colcon.colcon_core.package_identification:_identify(backbone_model/training_video_data/__pycache__) by extension 'ros'
[2.939s] Level 1:colcon.colcon_core.package_identification:_identify(backbone_model/training_video_data/__pycache__) by extensions ['cmake', 'python']
[2.939s] Level 1:colcon.colcon_core.package_identification:_identify(backbone_model/training_video_data/__pycache__) by extension 'cmake'
[2.940s] Level 1:colcon.colcon_core.package_identification:_identify(backbone_model/training_video_data/__pycache__) by extension 'python'
[2.940s] Level 1:colcon.colcon_core.package_identification:_identify(backbone_model/training_video_data/__pycache__) by extensions ['python_setup_py']
[2.941s] Level 1:colcon.colcon_core.package_identification:_identify(backbone_model/training_video_data/__pycache__) by extension 'python_setup_py'
[2.946s] Level 1:colcon.colcon_core.package_identification:_identify(build) by extensions ['ignore', 'ignore_ament_install']
[2.946s] Level 1:colcon.colcon_core.package_identification:_identify(build) by extension 'ignore'
[2.947s] Level 1:colcon.colcon_core.package_identification:_identify(build) ignored
[2.948s] Level 1:colcon.colcon_core.package_identification:_identify(camera_stream) by extensions ['ignore', 'ignore_ament_install']
[2.948s] Level 1:colcon.colcon_core.package_identification:_identify(camera_stream) by extension 'ignore'
[2.949s] Level 1:colcon.colcon_core.package_identification:_identify(camera_stream) by extension 'ignore_ament_install'
[2.949s] Level 1:colcon.colcon_core.package_identification:_identify(camera_stream) by extensions ['colcon_pkg']
[2.950s] Level 1:colcon.colcon_core.package_identification:_identify(camera_stream) by extension 'colcon_pkg'
[2.951s] Level 1:colcon.colcon_core.package_identification:_identify(camera_stream) by extensions ['colcon_meta']
[2.951s] Level 1:colcon.colcon_core.package_identification:_identify(camera_stream) by extension 'colcon_meta'
[2.951s] Level 1:colcon.colcon_core.package_identification:_identify(camera_stream) by extensions ['ros']
[2.952s] Level 1:colcon.colcon_core.package_identification:_identify(camera_stream) by extension 'ros'
[2.953s] Level 1:colcon.colcon_core.package_identification:_identify(camera_stream) by extensions ['cmake', 'python']
[2.953s] Level 1:colcon.colcon_core.package_identification:_identify(camera_stream) by extension 'cmake'
[2.954s] Level 1:colcon.colcon_core.package_identification:_identify(camera_stream) by extension 'python'
[2.955s] Level 1:colcon.colcon_core.package_identification:_identify(camera_stream) by extensions ['python_setup_py']
[2.955s] Level 1:colcon.colcon_core.package_identification:_identify(camera_stream) by extension 'python_setup_py'
[2.960s] Level 1:colcon.colcon_core.package_identification:_identify(graphs) by extensions ['ignore', 'ignore_ament_install']
[2.960s] Level 1:colcon.colcon_core.package_identification:_identify(graphs) by extension 'ignore'
[2.962s] Level 1:colcon.colcon_core.package_identification:_identify(graphs) by extension 'ignore_ament_install'
[2.964s] Level 1:colcon.colcon_core.package_identification:_identify(graphs) by extensions ['colcon_pkg']
[2.965s] Level 1:colcon.colcon_core.package_identification:_identify(graphs) by extension 'colcon_pkg'
[2.966s] Level 1:colcon.colcon_core.package_identification:_identify(graphs) by extensions ['colcon_meta']
[2.967s] Level 1:colcon.colcon_core.package_identification:_identify(graphs) by extension 'colcon_meta'
[2.968s] Level 1:colcon.colcon_core.package_identification:_identify(graphs) by extensions ['ros']
[2.968s] Level 1:colcon.colcon_core.package_identification:_identify(graphs) by extension 'ros'
[2.975s] Level 1:colcon.colcon_core.package_identification:_identify(graphs) by extensions ['cmake', 'python']
[2.976s] Level 1:colcon.colcon_core.package_identification:_identify(graphs) by extension 'cmake'
[2.976s] Level 1:colcon.colcon_core.package_identification:_identify(graphs) by extension 'python'
[2.977s] Level 1:colcon.colcon_core.package_identification:_identify(graphs) by extensions ['python_setup_py']
[2.977s] Level 1:colcon.colcon_core.package_identification:_identify(graphs) by extension 'python_setup_py'
[2.984s] Level 1:colcon.colcon_core.package_identification:_identify(graphs/homography) by extensions ['ignore', 'ignore_ament_install']
[2.984s] Level 1:colcon.colcon_core.package_identification:_identify(graphs/homography) by extension 'ignore'
[2.985s] Level 1:colcon.colcon_core.package_identification:_identify(graphs/homography) by extension 'ignore_ament_install'
[2.986s] Level 1:colcon.colcon_core.package_identification:_identify(graphs/homography) by extensions ['colcon_pkg']
[2.989s] Level 1:colcon.colcon_core.package_identification:_identify(graphs/homography) by extension 'colcon_pkg'
[2.992s] Level 1:colcon.colcon_core.package_identification:_identify(graphs/homography) by extensions ['colcon_meta']
[2.993s] Level 1:colcon.colcon_core.package_identification:_identify(graphs/homography) by extension 'colcon_meta'
[2.996s] Level 1:colcon.colcon_core.package_identification:_identify(graphs/homography) by extensions ['ros']
[2.996s] Level 1:colcon.colcon_core.package_identification:_identify(graphs/homography) by extension 'ros'
[2.999s] Level 1:colcon.colcon_core.package_identification:_identify(graphs/homography) by extensions ['cmake', 'python']
[3.001s] Level 1:colcon.colcon_core.package_identification:_identify(graphs/homography) by extension 'cmake'
[3.001s] Level 1:colcon.colcon_core.package_identification:_identify(graphs/homography) by extension 'python'
[3.003s] Level 1:colcon.colcon_core.package_identification:_identify(graphs/homography) by extensions ['python_setup_py']
[3.003s] Level 1:colcon.colcon_core.package_identification:_identify(graphs/homography) by extension 'python_setup_py'
[3.010s] Level 1:colcon.colcon_core.package_identification:_identify(graphs/noisy_dataset) by extensions ['ignore', 'ignore_ament_install']
[3.012s] Level 1:colcon.colcon_core.package_identification:_identify(graphs/noisy_dataset) by extension 'ignore'
[3.014s] Level 1:colcon.colcon_core.package_identification:_identify(graphs/noisy_dataset) by extension 'ignore_ament_install'
[3.015s] Level 1:colcon.colcon_core.package_identification:_identify(graphs/noisy_dataset) by extensions ['colcon_pkg']
[3.016s] Level 1:colcon.colcon_core.package_identification:_identify(graphs/noisy_dataset) by extension 'colcon_pkg'
[3.017s] Level 1:colcon.colcon_core.package_identification:_identify(graphs/noisy_dataset) by extensions ['colcon_meta']
[3.017s] Level 1:colcon.colcon_core.package_identification:_identify(graphs/noisy_dataset) by extension 'colcon_meta'
[3.017s] Level 1:colcon.colcon_core.package_identification:_identify(graphs/noisy_dataset) by extensions ['ros']
[3.018s] Level 1:colcon.colcon_core.package_identification:_identify(graphs/noisy_dataset) by extension 'ros'
[3.020s] Level 1:colcon.colcon_core.package_identification:_identify(graphs/noisy_dataset) by extensions ['cmake', 'python']
[3.021s] Level 1:colcon.colcon_core.package_identification:_identify(graphs/noisy_dataset) by extension 'cmake'
[3.025s] Level 1:colcon.colcon_core.package_identification:_identify(graphs/noisy_dataset) by extension 'python'
[3.029s] Level 1:colcon.colcon_core.package_identification:_identify(graphs/noisy_dataset) by extensions ['python_setup_py']
[3.030s] Level 1:colcon.colcon_core.package_identification:_identify(graphs/noisy_dataset) by extension 'python_setup_py'
[3.040s] Level 1:colcon.colcon_core.package_identification:_identify(graphs/real_world_synthetic_dataset) by extensions ['ignore', 'ignore_ament_install']
[3.041s] Level 1:colcon.colcon_core.package_identification:_identify(graphs/real_world_synthetic_dataset) by extension 'ignore'
[3.052s] Level 1:colcon.colcon_core.package_identification:_identify(graphs/real_world_synthetic_dataset) by extension 'ignore_ament_install'
[3.069s] Level 1:colcon.colcon_core.package_identification:_identify(graphs/real_world_synthetic_dataset) by extensions ['colcon_pkg']
[3.069s] Level 1:colcon.colcon_core.package_identification:_identify(graphs/real_world_synthetic_dataset) by extension 'colcon_pkg'
[3.070s] Level 1:colcon.colcon_core.package_identification:_identify(graphs/real_world_synthetic_dataset) by extensions ['colcon_meta']
[3.071s] Level 1:colcon.colcon_core.package_identification:_identify(graphs/real_world_synthetic_dataset) by extension 'colcon_meta'
[3.071s] Level 1:colcon.colcon_core.package_identification:_identify(graphs/real_world_synthetic_dataset) by extensions ['ros']
[3.071s] Level 1:colcon.colcon_core.package_identification:_identify(graphs/real_world_synthetic_dataset) by extension 'ros'
[3.074s] Level 1:colcon.colcon_core.package_identification:_identify(graphs/real_world_synthetic_dataset) by extensions ['cmake', 'python']
[3.075s] Level 1:colcon.colcon_core.package_identification:_identify(graphs/real_world_synthetic_dataset) by extension 'cmake'
[3.080s] Level 1:colcon.colcon_core.package_identification:_identify(graphs/real_world_synthetic_dataset) by extension 'python'
[3.082s] Level 1:colcon.colcon_core.package_identification:_identify(graphs/real_world_synthetic_dataset) by extensions ['python_setup_py']
[3.083s] Level 1:colcon.colcon_core.package_identification:_identify(graphs/real_world_synthetic_dataset) by extension 'python_setup_py'
[3.088s] Level 1:colcon.colcon_core.package_identification:_identify(graphs/simple_model_cont_pose) by extensions ['ignore', 'ignore_ament_install']
[3.090s] Level 1:colcon.colcon_core.package_identification:_identify(graphs/simple_model_cont_pose) by extension 'ignore'
[3.091s] Level 1:colcon.colcon_core.package_identification:_identify(graphs/simple_model_cont_pose) by extension 'ignore_ament_install'
[3.093s] Level 1:colcon.colcon_core.package_identification:_identify(graphs/simple_model_cont_pose) by extensions ['colcon_pkg']
[3.094s] Level 1:colcon.colcon_core.package_identification:_identify(graphs/simple_model_cont_pose) by extension 'colcon_pkg'
[3.095s] Level 1:colcon.colcon_core.package_identification:_identify(graphs/simple_model_cont_pose) by extensions ['colcon_meta']
[3.095s] Level 1:colcon.colcon_core.package_identification:_identify(graphs/simple_model_cont_pose) by extension 'colcon_meta'
[3.096s] Level 1:colcon.colcon_core.package_identification:_identify(graphs/simple_model_cont_pose) by extensions ['ros']
[3.097s] Level 1:colcon.colcon_core.package_identification:_identify(graphs/simple_model_cont_pose) by extension 'ros'
[3.099s] Level 1:colcon.colcon_core.package_identification:_identify(graphs/simple_model_cont_pose) by extensions ['cmake', 'python']
[3.099s] Level 1:colcon.colcon_core.package_identification:_identify(graphs/simple_model_cont_pose) by extension 'cmake'
[3.100s] Level 1:colcon.colcon_core.package_identification:_identify(graphs/simple_model_cont_pose) by extension 'python'
[3.104s] Level 1:colcon.colcon_core.package_identification:_identify(graphs/simple_model_cont_pose) by extensions ['python_setup_py']
[3.104s] Level 1:colcon.colcon_core.package_identification:_identify(graphs/simple_model_cont_pose) by extension 'python_setup_py'
[3.116s] Level 1:colcon.colcon_core.package_identification:_identify(graphs/simple_model_modified_loss) by extensions ['ignore', 'ignore_ament_install']
[3.117s] Level 1:colcon.colcon_core.package_identification:_identify(graphs/simple_model_modified_loss) by extension 'ignore'
[3.118s] Level 1:colcon.colcon_core.package_identification:_identify(graphs/simple_model_modified_loss) by extension 'ignore_ament_install'
[3.122s] Level 1:colcon.colcon_core.package_identification:_identify(graphs/simple_model_modified_loss) by extensions ['colcon_pkg']
[3.123s] Level 1:colcon.colcon_core.package_identification:_identify(graphs/simple_model_modified_loss) by extension 'colcon_pkg'
[3.124s] Level 1:colcon.colcon_core.package_identification:_identify(graphs/simple_model_modified_loss) by extensions ['colcon_meta']
[3.124s] Level 1:colcon.colcon_core.package_identification:_identify(graphs/simple_model_modified_loss) by extension 'colcon_meta'
[3.125s] Level 1:colcon.colcon_core.package_identification:_identify(graphs/simple_model_modified_loss) by extensions ['ros']
[3.125s] Level 1:colcon.colcon_core.package_identification:_identify(graphs/simple_model_modified_loss) by extension 'ros'
[3.140s] Level 1:colcon.colcon_core.package_identification:_identify(graphs/simple_model_modified_loss) by extensions ['cmake', 'python']
[3.140s] Level 1:colcon.colcon_core.package_identification:_identify(graphs/simple_model_modified_loss) by extension 'cmake'
[3.141s] Level 1:colcon.colcon_core.package_identification:_identify(graphs/simple_model_modified_loss) by extension 'python'
[3.143s] Level 1:colcon.colcon_core.package_identification:_identify(graphs/simple_model_modified_loss) by extensions ['python_setup_py']
[3.144s] Level 1:colcon.colcon_core.package_identification:_identify(graphs/simple_model_modified_loss) by extension 'python_setup_py'
[3.148s] Level 1:colcon.colcon_core.package_identification:_identify(graphs/training_with_big_tag) by extensions ['ignore', 'ignore_ament_install']
[3.150s] Level 1:colcon.colcon_core.package_identification:_identify(graphs/training_with_big_tag) by extension 'ignore'
[3.152s] Level 1:colcon.colcon_core.package_identification:_identify(graphs/training_with_big_tag) by extension 'ignore_ament_install'
[3.154s] Level 1:colcon.colcon_core.package_identification:_identify(graphs/training_with_big_tag) by extensions ['colcon_pkg']
[3.155s] Level 1:colcon.colcon_core.package_identification:_identify(graphs/training_with_big_tag) by extension 'colcon_pkg'
[3.155s] Level 1:colcon.colcon_core.package_identification:_identify(graphs/training_with_big_tag) by extensions ['colcon_meta']
[3.156s] Level 1:colcon.colcon_core.package_identification:_identify(graphs/training_with_big_tag) by extension 'colcon_meta'
[3.156s] Level 1:colcon.colcon_core.package_identification:_identify(graphs/training_with_big_tag) by extensions ['ros']
[3.181s] Level 1:colcon.colcon_core.package_identification:_identify(graphs/training_with_big_tag) by extension 'ros'
[3.191s] Level 1:colcon.colcon_core.package_identification:_identify(graphs/training_with_big_tag) by extensions ['cmake', 'python']
[3.191s] Level 1:colcon.colcon_core.package_identification:_identify(graphs/training_with_big_tag) by extension 'cmake'
[3.192s] Level 1:colcon.colcon_core.package_identification:_identify(graphs/training_with_big_tag) by extension 'python'
[3.193s] Level 1:colcon.colcon_core.package_identification:_identify(graphs/training_with_big_tag) by extensions ['python_setup_py']
[3.194s] Level 1:colcon.colcon_core.package_identification:_identify(graphs/training_with_big_tag) by extension 'python_setup_py'
[3.197s] Level 1:colcon.colcon_core.package_identification:_identify(graphs/video_dataset) by extensions ['ignore', 'ignore_ament_install']
[3.197s] Level 1:colcon.colcon_core.package_identification:_identify(graphs/video_dataset) by extension 'ignore'
[3.200s] Level 1:colcon.colcon_core.package_identification:_identify(graphs/video_dataset) by extension 'ignore_ament_install'
[3.204s] Level 1:colcon.colcon_core.package_identification:_identify(graphs/video_dataset) by extensions ['colcon_pkg']
[3.205s] Level 1:colcon.colcon_core.package_identification:_identify(graphs/video_dataset) by extension 'colcon_pkg'
[3.206s] Level 1:colcon.colcon_core.package_identification:_identify(graphs/video_dataset) by extensions ['colcon_meta']
[3.206s] Level 1:colcon.colcon_core.package_identification:_identify(graphs/video_dataset) by extension 'colcon_meta'
[3.207s] Level 1:colcon.colcon_core.package_identification:_identify(graphs/video_dataset) by extensions ['ros']
[3.207s] Level 1:colcon.colcon_core.package_identification:_identify(graphs/video_dataset) by extension 'ros'
[3.213s] Level 1:colcon.colcon_core.package_identification:_identify(graphs/video_dataset) by extensions ['cmake', 'python']
[3.214s] Level 1:colcon.colcon_core.package_identification:_identify(graphs/video_dataset) by extension 'cmake'
[3.214s] Level 1:colcon.colcon_core.package_identification:_identify(graphs/video_dataset) by extension 'python'
[3.215s] Level 1:colcon.colcon_core.package_identification:_identify(graphs/video_dataset) by extensions ['python_setup_py']
[3.215s] Level 1:colcon.colcon_core.package_identification:_identify(graphs/video_dataset) by extension 'python_setup_py'
[3.218s] Level 1:colcon.colcon_core.package_identification:_identify(graphs/with_class_loss) by extensions ['ignore', 'ignore_ament_install']
[3.219s] Level 1:colcon.colcon_core.package_identification:_identify(graphs/with_class_loss) by extension 'ignore'
[3.223s] Level 1:colcon.colcon_core.package_identification:_identify(graphs/with_class_loss) by extension 'ignore_ament_install'
[3.223s] Level 1:colcon.colcon_core.package_identification:_identify(graphs/with_class_loss) by extensions ['colcon_pkg']
[3.224s] Level 1:colcon.colcon_core.package_identification:_identify(graphs/with_class_loss) by extension 'colcon_pkg'
[3.224s] Level 1:colcon.colcon_core.package_identification:_identify(graphs/with_class_loss) by extensions ['colcon_meta']
[3.224s] Level 1:colcon.colcon_core.package_identification:_identify(graphs/with_class_loss) by extension 'colcon_meta'
[3.225s] Level 1:colcon.colcon_core.package_identification:_identify(graphs/with_class_loss) by extensions ['ros']
[3.225s] Level 1:colcon.colcon_core.package_identification:_identify(graphs/with_class_loss) by extension 'ros'
[3.232s] Level 1:colcon.colcon_core.package_identification:_identify(graphs/with_class_loss) by extensions ['cmake', 'python']
[3.232s] Level 1:colcon.colcon_core.package_identification:_identify(graphs/with_class_loss) by extension 'cmake'
[3.233s] Level 1:colcon.colcon_core.package_identification:_identify(graphs/with_class_loss) by extension 'python'
[3.233s] Level 1:colcon.colcon_core.package_identification:_identify(graphs/with_class_loss) by extensions ['python_setup_py']
[3.233s] Level 1:colcon.colcon_core.package_identification:_identify(graphs/with_class_loss) by extension 'python_setup_py'
[3.236s] Level 1:colcon.colcon_core.package_identification:_identify(install) by extensions ['ignore', 'ignore_ament_install']
[3.238s] Level 1:colcon.colcon_core.package_identification:_identify(install) by extension 'ignore'
[3.238s] Level 1:colcon.colcon_core.package_identification:_identify(install) ignored
[3.239s] Level 1:colcon.colcon_core.package_identification:_identify(log) by extensions ['ignore', 'ignore_ament_install']
[3.240s] Level 1:colcon.colcon_core.package_identification:_identify(log) by extension 'ignore'
[3.240s] Level 1:colcon.colcon_core.package_identification:_identify(log) ignored
[3.243s] Level 1:colcon.colcon_core.package_identification:_identify(results) by extensions ['ignore', 'ignore_ament_install']
[3.243s] Level 1:colcon.colcon_core.package_identification:_identify(results) by extension 'ignore'
[3.244s] Level 1:colcon.colcon_core.package_identification:_identify(results) by extension 'ignore_ament_install'
[3.244s] Level 1:colcon.colcon_core.package_identification:_identify(results) by extensions ['colcon_pkg']
[3.244s] Level 1:colcon.colcon_core.package_identification:_identify(results) by extension 'colcon_pkg'
[3.248s] Level 1:colcon.colcon_core.package_identification:_identify(results) by extensions ['colcon_meta']
[3.248s] Level 1:colcon.colcon_core.package_identification:_identify(results) by extension 'colcon_meta'
[3.248s] Level 1:colcon.colcon_core.package_identification:_identify(results) by extensions ['ros']
[3.248s] Level 1:colcon.colcon_core.package_identification:_identify(results) by extension 'ros'
[3.249s] Level 1:colcon.colcon_core.package_identification:_identify(results) by extensions ['cmake', 'python']
[3.249s] Level 1:colcon.colcon_core.package_identification:_identify(results) by extension 'cmake'
[3.250s] Level 1:colcon.colcon_core.package_identification:_identify(results) by extension 'python'
[3.251s] Level 1:colcon.colcon_core.package_identification:_identify(results) by extensions ['python_setup_py']
[3.252s] Level 1:colcon.colcon_core.package_identification:_identify(results) by extension 'python_setup_py'
[3.256s] Level 1:colcon.colcon_core.package_identification:_identify(results/apriltag) by extensions ['ignore', 'ignore_ament_install']
[3.256s] Level 1:colcon.colcon_core.package_identification:_identify(results/apriltag) by extension 'ignore'
[3.257s] Level 1:colcon.colcon_core.package_identification:_identify(results/apriltag) by extension 'ignore_ament_install'
[3.257s] Level 1:colcon.colcon_core.package_identification:_identify(results/apriltag) by extensions ['colcon_pkg']
[3.261s] Level 1:colcon.colcon_core.package_identification:_identify(results/apriltag) by extension 'colcon_pkg'
[3.261s] Level 1:colcon.colcon_core.package_identification:_identify(results/apriltag) by extensions ['colcon_meta']
[3.261s] Level 1:colcon.colcon_core.package_identification:_identify(results/apriltag) by extension 'colcon_meta'
[3.262s] Level 1:colcon.colcon_core.package_identification:_identify(results/apriltag) by extensions ['ros']
[3.262s] Level 1:colcon.colcon_core.package_identification:_identify(results/apriltag) by extension 'ros'
[3.263s] Level 1:colcon.colcon_core.package_identification:_identify(results/apriltag) by extensions ['cmake', 'python']
[3.263s] Level 1:colcon.colcon_core.package_identification:_identify(results/apriltag) by extension 'cmake'
[3.263s] Level 1:colcon.colcon_core.package_identification:_identify(results/apriltag) by extension 'python'
[3.264s] Level 1:colcon.colcon_core.package_identification:_identify(results/apriltag) by extensions ['python_setup_py']
[3.264s] Level 1:colcon.colcon_core.package_identification:_identify(results/apriltag) by extension 'python_setup_py'
[3.266s] Level 1:colcon.colcon_core.package_identification:_identify(results/model) by extensions ['ignore', 'ignore_ament_install']
[3.268s] Level 1:colcon.colcon_core.package_identification:_identify(results/model) by extension 'ignore'
[3.268s] Level 1:colcon.colcon_core.package_identification:_identify(results/model) by extension 'ignore_ament_install'
[3.269s] Level 1:colcon.colcon_core.package_identification:_identify(results/model) by extensions ['colcon_pkg']
[3.269s] Level 1:colcon.colcon_core.package_identification:_identify(results/model) by extension 'colcon_pkg'
[3.273s] Level 1:colcon.colcon_core.package_identification:_identify(results/model) by extensions ['colcon_meta']
[3.273s] Level 1:colcon.colcon_core.package_identification:_identify(results/model) by extension 'colcon_meta'
[3.273s] Level 1:colcon.colcon_core.package_identification:_identify(results/model) by extensions ['ros']
[3.273s] Level 1:colcon.colcon_core.package_identification:_identify(results/model) by extension 'ros'
[3.281s] Level 1:colcon.colcon_core.package_identification:_identify(results/model) by extensions ['cmake', 'python']
[3.281s] Level 1:colcon.colcon_core.package_identification:_identify(results/model) by extension 'cmake'
[3.281s] Level 1:colcon.colcon_core.package_identification:_identify(results/model) by extension 'python'
[3.282s] Level 1:colcon.colcon_core.package_identification:_identify(results/model) by extensions ['python_setup_py']
[3.282s] Level 1:colcon.colcon_core.package_identification:_identify(results/model) by extension 'python_setup_py'
[3.284s] Level 1:colcon.colcon_core.package_identification:_identify(ros2_ws) by extensions ['ignore', 'ignore_ament_install']
[3.285s] Level 1:colcon.colcon_core.package_identification:_identify(ros2_ws) by extension 'ignore'
[3.290s] Level 1:colcon.colcon_core.package_identification:_identify(ros2_ws) by extension 'ignore_ament_install'
[3.290s] Level 1:colcon.colcon_core.package_identification:_identify(ros2_ws) by extensions ['colcon_pkg']
[3.290s] Level 1:colcon.colcon_core.package_identification:_identify(ros2_ws) by extension 'colcon_pkg'
[3.291s] Level 1:colcon.colcon_core.package_identification:_identify(ros2_ws) by extensions ['colcon_meta']
[3.291s] Level 1:colcon.colcon_core.package_identification:_identify(ros2_ws) by extension 'colcon_meta'
[3.293s] Level 1:colcon.colcon_core.package_identification:_identify(ros2_ws) by extensions ['ros']
[3.293s] Level 1:colcon.colcon_core.package_identification:_identify(ros2_ws) by extension 'ros'
[3.299s] Level 1:colcon.colcon_core.package_identification:_identify(ros2_ws) by extensions ['cmake', 'python']
[3.299s] Level 1:colcon.colcon_core.package_identification:_identify(ros2_ws) by extension 'cmake'
[3.302s] Level 1:colcon.colcon_core.package_identification:_identify(ros2_ws) by extension 'python'
[3.303s] Level 1:colcon.colcon_core.package_identification:_identify(ros2_ws) by extensions ['python_setup_py']
[3.303s] Level 1:colcon.colcon_core.package_identification:_identify(ros2_ws) by extension 'python_setup_py'
[3.310s] Level 1:colcon.colcon_core.package_identification:_identify(ros2_ws/build) by extensions ['ignore', 'ignore_ament_install']
[3.311s] Level 1:colcon.colcon_core.package_identification:_identify(ros2_ws/build) by extension 'ignore'
[3.312s] Level 1:colcon.colcon_core.package_identification:_identify(ros2_ws/build) ignored
[3.315s] Level 1:colcon.colcon_core.package_identification:_identify(ros2_ws/install) by extensions ['ignore', 'ignore_ament_install']
[3.316s] Level 1:colcon.colcon_core.package_identification:_identify(ros2_ws/install) by extension 'ignore'
[3.317s] Level 1:colcon.colcon_core.package_identification:_identify(ros2_ws/install) ignored
[3.325s] Level 1:colcon.colcon_core.package_identification:_identify(ros2_ws/log) by extensions ['ignore', 'ignore_ament_install']
[3.326s] Level 1:colcon.colcon_core.package_identification:_identify(ros2_ws/log) by extension 'ignore'
[3.327s] Level 1:colcon.colcon_core.package_identification:_identify(ros2_ws/log) ignored
[3.329s] Level 1:colcon.colcon_core.package_identification:_identify(ros2_ws/src) by extensions ['ignore', 'ignore_ament_install']
[3.331s] Level 1:colcon.colcon_core.package_identification:_identify(ros2_ws/src) by extension 'ignore'
[3.332s] Level 1:colcon.colcon_core.package_identification:_identify(ros2_ws/src) by extension 'ignore_ament_install'
[3.339s] Level 1:colcon.colcon_core.package_identification:_identify(ros2_ws/src) by extensions ['colcon_pkg']
[3.343s] Level 1:colcon.colcon_core.package_identification:_identify(ros2_ws/src) by extension 'colcon_pkg'
[3.344s] Level 1:colcon.colcon_core.package_identification:_identify(ros2_ws/src) by extensions ['colcon_meta']
[3.344s] Level 1:colcon.colcon_core.package_identification:_identify(ros2_ws/src) by extension 'colcon_meta'
[3.345s] Level 1:colcon.colcon_core.package_identification:_identify(ros2_ws/src) by extensions ['ros']
[3.346s] Level 1:colcon.colcon_core.package_identification:_identify(ros2_ws/src) by extension 'ros'
[3.353s] Level 1:colcon.colcon_core.package_identification:_identify(ros2_ws/src) by extensions ['cmake', 'python']
[3.353s] Level 1:colcon.colcon_core.package_identification:_identify(ros2_ws/src) by extension 'cmake'
[3.354s] Level 1:colcon.colcon_core.package_identification:_identify(ros2_ws/src) by extension 'python'
[3.356s] Level 1:colcon.colcon_core.package_identification:_identify(ros2_ws/src) by extensions ['python_setup_py']
[3.356s] Level 1:colcon.colcon_core.package_identification:_identify(ros2_ws/src) by extension 'python_setup_py'
[3.359s] Level 1:colcon.colcon_core.package_identification:_identify(ros2_ws/src/localization) by extensions ['ignore', 'ignore_ament_install']
[3.360s] Level 1:colcon.colcon_core.package_identification:_identify(ros2_ws/src/localization) by extension 'ignore'
[3.361s] Level 1:colcon.colcon_core.package_identification:_identify(ros2_ws/src/localization) by extension 'ignore_ament_install'
[3.363s] Level 1:colcon.colcon_core.package_identification:_identify(ros2_ws/src/localization) by extensions ['colcon_pkg']
[3.364s] Level 1:colcon.colcon_core.package_identification:_identify(ros2_ws/src/localization) by extension 'colcon_pkg'
[3.367s] Level 1:colcon.colcon_core.package_identification:_identify(ros2_ws/src/localization) by extensions ['colcon_meta']
[3.367s] Level 1:colcon.colcon_core.package_identification:_identify(ros2_ws/src/localization) by extension 'colcon_meta'
[3.368s] Level 1:colcon.colcon_core.package_identification:_identify(ros2_ws/src/localization) by extensions ['ros']
[3.370s] Level 1:colcon.colcon_core.package_identification:_identify(ros2_ws/src/localization) by extension 'ros'
[3.464s] DEBUG:colcon.colcon_core.package_identification:Package 'ros2_ws/src/localization' with type 'ros.ament_python' and name 'localization'
[3.467s] Level 1:colcon.colcon_core.package_identification:_identify(ros2_ws/src/pure_pursuit) by extensions ['ignore', 'ignore_ament_install']
[3.469s] Level 1:colcon.colcon_core.package_identification:_identify(ros2_ws/src/pure_pursuit) by extension 'ignore'
[3.470s] Level 1:colcon.colcon_core.package_identification:_identify(ros2_ws/src/pure_pursuit) by extension 'ignore_ament_install'
[3.472s] Level 1:colcon.colcon_core.package_identification:_identify(ros2_ws/src/pure_pursuit) by extensions ['colcon_pkg']
[3.476s] Level 1:colcon.colcon_core.package_identification:_identify(ros2_ws/src/pure_pursuit) by extension 'colcon_pkg'
[3.477s] Level 1:colcon.colcon_core.package_identification:_identify(ros2_ws/src/pure_pursuit) by extensions ['colcon_meta']
[3.478s] Level 1:colcon.colcon_core.package_identification:_identify(ros2_ws/src/pure_pursuit) by extension 'colcon_meta'
[3.478s] Level 1:colcon.colcon_core.package_identification:_identify(ros2_ws/src/pure_pursuit) by extensions ['ros']
[3.479s] Level 1:colcon.colcon_core.package_identification:_identify(ros2_ws/src/pure_pursuit) by extension 'ros'
[3.483s] DEBUG:colcon.colcon_core.package_identification:Package 'ros2_ws/src/pure_pursuit' with type 'ros.ament_python' and name 'pure_pursuit'
[3.485s] Level 1:colcon.colcon_core.package_identification:_identify(ros2_ws/src/robot_sim) by extensions ['ignore', 'ignore_ament_install']
[3.485s] Level 1:colcon.colcon_core.package_identification:_identify(ros2_ws/src/robot_sim) by extension 'ignore'
[3.489s] Level 1:colcon.colcon_core.package_identification:_identify(ros2_ws/src/robot_sim) by extension 'ignore_ament_install'
[3.490s] Level 1:colcon.colcon_core.package_identification:_identify(ros2_ws/src/robot_sim) by extensions ['colcon_pkg']
[3.490s] Level 1:colcon.colcon_core.package_identification:_identify(ros2_ws/src/robot_sim) by extension 'colcon_pkg'
[3.490s] Level 1:colcon.colcon_core.package_identification:_identify(ros2_ws/src/robot_sim) by extensions ['colcon_meta']
[3.491s] Level 1:colcon.colcon_core.package_identification:_identify(ros2_ws/src/robot_sim) by extension 'colcon_meta'
[3.491s] Level 1:colcon.colcon_core.package_identification:_identify(ros2_ws/src/robot_sim) by extensions ['ros']
[3.491s] Level 1:colcon.colcon_core.package_identification:_identify(ros2_ws/src/robot_sim) by extension 'ros'
[3.495s] DEBUG:colcon.colcon_core.package_identification:Package 'ros2_ws/src/robot_sim' with type 'ros.ament_python' and name 'robot_sim'
[3.497s] Level 1:colcon.colcon_core.package_identification:_identify(videos) by extensions ['ignore', 'ignore_ament_install']
[3.497s] Level 1:colcon.colcon_core.package_identification:_identify(videos) by extension 'ignore'
[3.498s] Level 1:colcon.colcon_core.package_identification:_identify(videos) by extension 'ignore_ament_install'
[3.499s] Level 1:colcon.colcon_core.package_identification:_identify(videos) by extensions ['colcon_pkg']
[3.499s] Level 1:colcon.colcon_core.package_identification:_identify(videos) by extension 'colcon_pkg'
[3.499s] Level 1:colcon.colcon_core.package_identification:_identify(videos) by extensions ['colcon_meta']
[3.500s] Level 1:colcon.colcon_core.package_identification:_identify(videos) by extension 'colcon_meta'
[3.500s] Level 1:colcon.colcon_core.package_identification:_identify(videos) by extensions ['ros']
[3.500s] Level 1:colcon.colcon_core.package_identification:_identify(videos) by extension 'ros'
[3.501s] Level 1:colcon.colcon_core.package_identification:_identify(videos) by extensions ['cmake', 'python']
[3.502s] Level 1:colcon.colcon_core.package_identification:_identify(videos) by extension 'cmake'
[3.502s] Level 1:colcon.colcon_core.package_identification:_identify(videos) by extension 'python'
[3.503s] Level 1:colcon.colcon_core.package_identification:_identify(videos) by extensions ['python_setup_py']
[3.504s] Level 1:colcon.colcon_core.package_identification:_identify(videos) by extension 'python_setup_py'
[3.504s] Level 1:colcon.colcon_core.package_discovery:discover_packages(recursive) using defaults
[3.505s] Level 1:colcon.colcon_core.package_discovery:discover_packages(ignore) discover
[3.505s] Level 1:colcon.colcon_core.package_discovery:discover_packages(ignore) using defaults
[3.505s] Level 1:colcon.colcon_core.package_discovery:discover_packages(path) discover
[3.506s] Level 1:colcon.colcon_core.package_discovery:discover_packages(path) using defaults
[3.584s] Level 5:colcon.colcon_core.verb:set package 'localization' build argument 'cmake_args' from command line to 'None'
[3.593s] Level 5:colcon.colcon_core.verb:set package 'localization' build argument 'cmake_target' from command line to 'None'
[3.593s] Level 5:colcon.colcon_core.verb:set package 'localization' build argument 'cmake_target_skip_unavailable' from command line to 'False'
[3.593s] Level 5:colcon.colcon_core.verb:set package 'localization' build argument 'cmake_clean_cache' from command line to 'False'
[3.593s] Level 5:colcon.colcon_core.verb:set package 'localization' build argument 'cmake_clean_first' from command line to 'False'
[3.593s] Level 5:colcon.colcon_core.verb:set package 'localization' build argument 'cmake_force_configure' from command line to 'False'
[3.594s] Level 5:colcon.colcon_core.verb:set package 'localization' build argument 'ament_cmake_args' from command line to 'None'
[3.597s] Level 5:colcon.colcon_core.verb:set package 'localization' build argument 'catkin_cmake_args' from command line to 'None'
[3.598s] Level 5:colcon.colcon_core.verb:set package 'localization' build argument 'catkin_skip_building_tests' from command line to 'False'
[3.598s] DEBUG:colcon.colcon_core.verb:Building package 'localization' with the following arguments: {'ament_cmake_args': None, 'build_base': '/workspace/build/localization', 'catkin_cmake_args': None, 'catkin_skip_building_tests': False, 'cmake_args': None, 'cmake_clean_cache': False, 'cmake_clean_first': False, 'cmake_force_configure': False, 'cmake_target': None, 'cmake_target_skip_unavailable': False, 'install_base': '/workspace/install/localization', 'merge_install': False, 'path': '/workspace/ros2_ws/src/localization', 'symlink_install': True, 'test_result_base': None}
[3.599s] Level 5:colcon.colcon_core.verb:set package 'pure_pursuit' build argument 'cmake_args' from command line to 'None'
[3.599s] Level 5:colcon.colcon_core.verb:set package 'pure_pursuit' build argument 'cmake_target' from command line to 'None'
[3.599s] Level 5:colcon.colcon_core.verb:set package 'pure_pursuit' build argument 'cmake_target_skip_unavailable' from command line to 'False'
[3.600s] Level 5:colcon.colcon_core.verb:set package 'pure_pursuit' build argument 'cmake_clean_cache' from command line to 'False'
[3.600s] Level 5:colcon.colcon_core.verb:set package 'pure_pursuit' build argument 'cmake_clean_first' from command line to 'False'
[3.600s] Level 5:colcon.colcon_core.verb:set package 'pure_pursuit' build argument 'cmake_force_configure' from command line to 'False'
[3.600s] Level 5:colcon.colcon_core.verb:set package 'pure_pursuit' build argument 'ament_cmake_args' from command line to 'None'
[3.600s] Level 5:colcon.colcon_core.verb:set package 'pure_pursuit' build argument 'catkin_cmake_args' from command line to 'None'
[3.601s] Level 5:colcon.colcon_core.verb:set package 'pure_pursuit' build argument 'catkin_skip_building_tests' from command line to 'False'
[3.601s] DEBUG:colcon.colcon_core.verb:Building package 'pure_pursuit' with the following arguments: {'ament_cmake_args': None, 'build_base': '/workspace/build/pure_pursuit', 'catkin_cmake_args': None, 'catkin_skip_building_tests': False, 'cmake_args': None, 'cmake_clean_cache': False, 'cmake_clean_first': False, 'cmake_force_configure': False, 'cmake_target': None, 'cmake_target_skip_unavailable': False, 'install_base': '/workspace/install/pure_pursuit', 'merge_install': False, 'path': '/workspace/ros2_ws/src/pure_pursuit', 'symlink_install': True, 'test_result_base': None}
[3.602s] Level 5:colcon.colcon_core.verb:set package 'robot_sim' build argument 'cmake_args' from command line to 'None'
[3.602s] Level 5:colcon.colcon_core.verb:set package 'robot_sim' build argument 'cmake_target' from command line to 'None'
[3.602s] Level 5:colcon.colcon_core.verb:set package 'robot_sim' build argument 'cmake_target_skip_unavailable' from command line to 'False'
[3.603s] Level 5:colcon.colcon_core.verb:set package 'robot_sim' build argument 'cmake_clean_cache' from command line to 'False'
[3.603s] Level 5:colcon.colcon_core.verb:set package 'robot_sim' build argument 'cmake_clean_first' from command line to 'False'
[3.603s] Level 5:colcon.colcon_core.verb:set package 'robot_sim' build argument 'cmake_force_configure' from command line to 'False'
[3.603s] Level 5:colcon.colcon_core.verb:set package 'robot_sim' build argument 'ament_cmake_args' from command line to 'None'
[3.603s] Level 5:colcon.colcon_core.verb:set package 'robot_sim' build argument 'catkin_cmake_args' from command line to 'None'
[3.603s] Level 5:colcon.colcon_core.verb:set package 'robot_sim' build argument 'catkin_skip_building_tests' from command line to 'False'
[3.604s] DEBUG:colcon.colcon_core.verb:Building package 'robot_sim' with the following arguments: {'ament_cmake_args': None, 'build_base': '/workspace/build/robot_sim', 'catkin_cmake_args': None, 'catkin_skip_building_tests': False, 'cmake_args': None, 'cmake_clean_cache': False, 'cmake_clean_first': False, 'cmake_force_configure': False, 'cmake_target': None, 'cmake_target_skip_unavailable': False, 'install_base': '/workspace/install/robot_sim', 'merge_install': False, 'path': '/workspace/ros2_ws/src/robot_sim', 'symlink_install': True, 'test_result_base': None}
[3.604s] INFO:colcon.colcon_core.executor:Executing jobs using 'parallel' executor
[3.606s] DEBUG:colcon.colcon_parallel_executor.executor.parallel:run_until_complete
[3.608s] INFO:colcon.colcon_ros.task.ament_python.build:Building ROS package in '/workspace/ros2_ws/src/localization' with build type 'ament_python'
[3.616s] Level 1:colcon.colcon_core.shell:create_environment_hook('localization', 'ament_prefix_path')
[3.631s] INFO:colcon.colcon_core.plugin_system:Skipping extension 'colcon_core.shell.bat': Not used on non-Windows systems
[3.639s] INFO:colcon.colcon_core.shell:Creating environment hook '/workspace/install/localization/share/localization/hook/ament_prefix_path.ps1'
[3.650s] INFO:colcon.colcon_core.shell:Creating environment descriptor '/workspace/install/localization/share/localization/hook/ament_prefix_path.dsv'
[3.678s] INFO:colcon.colcon_core.shell:Creating environment hook '/workspace/install/localization/share/localization/hook/ament_prefix_path.sh'
[3.682s] INFO:colcon.colcon_core.shell:Skip shell extension 'powershell' for command environment: Not usable outside of PowerShell
[3.682s] DEBUG:colcon.colcon_core.shell:Skip shell extension 'dsv' for command environment
[3.693s] WARNING:colcon.colcon_ros.prefix_path.ament:The path '/workspace/install/launch' in the environment variable AMENT_PREFIX_PATH doesn't exist
[3.734s] INFO:colcon.colcon_ros.task.ament_python.build:Building ROS package in '/workspace/ros2_ws/src/pure_pursuit' with build type 'ament_python'
[3.735s] Level 1:colcon.colcon_core.shell:create_environment_hook('pure_pursuit', 'ament_prefix_path')
[3.736s] INFO:colcon.colcon_core.shell:Creating environment hook '/workspace/install/pure_pursuit/share/pure_pursuit/hook/ament_prefix_path.ps1'
[3.742s] INFO:colcon.colcon_core.shell:Creating environment descriptor '/workspace/install/pure_pursuit/share/pure_pursuit/hook/ament_prefix_path.dsv'
[3.758s] INFO:colcon.colcon_core.shell:Creating environment hook '/workspace/install/pure_pursuit/share/pure_pursuit/hook/ament_prefix_path.sh'
[3.775s] INFO:colcon.colcon_core.shell:Skip shell extension 'powershell' for command environment: Not usable outside of PowerShell
[3.776s] DEBUG:colcon.colcon_core.shell:Skip shell extension 'dsv' for command environment
[3.814s] INFO:colcon.colcon_ros.task.ament_python.build:Building ROS package in '/workspace/ros2_ws/src/robot_sim' with build type 'ament_python'
[3.815s] Level 1:colcon.colcon_core.shell:create_environment_hook('robot_sim', 'ament_prefix_path')
[3.815s] INFO:colcon.colcon_core.shell:Creating environment hook '/workspace/install/robot_sim/share/robot_sim/hook/ament_prefix_path.ps1'
[3.819s] INFO:colcon.colcon_core.shell:Creating environment descriptor '/workspace/install/robot_sim/share/robot_sim/hook/ament_prefix_path.dsv'
[3.822s] INFO:colcon.colcon_core.shell:Creating environment hook '/workspace/install/robot_sim/share/robot_sim/hook/ament_prefix_path.sh'
[3.842s] INFO:colcon.colcon_core.shell:Skip shell extension 'powershell' for command environment: Not usable outside of PowerShell
[3.851s] DEBUG:colcon.colcon_core.shell:Skip shell extension 'dsv' for command environment
[5.120s] INFO:colcon.colcon_core.task.python.build:Building Python package in '/workspace/ros2_ws/src/localization'
[5.121s] INFO:colcon.colcon_core.shell:Skip shell extension 'powershell' for command environment: Not usable outside of PowerShell
[5.121s] DEBUG:colcon.colcon_core.shell:Skip shell extension 'dsv' for command environment
[6.768s] INFO:colcon.colcon_core.task.python.build:Building Python package in '/workspace/ros2_ws/src/pure_pursuit'
[6.769s] INFO:colcon.colcon_core.shell:Skip shell extension 'powershell' for command environment: Not usable outside of PowerShell
[6.769s] DEBUG:colcon.colcon_core.shell:Skip shell extension 'dsv' for command environment
[8.036s] INFO:colcon.colcon_core.task.python.build:Building Python package in '/workspace/ros2_ws/src/robot_sim'
[8.037s] INFO:colcon.colcon_core.shell:Skip shell extension 'powershell' for command environment: Not usable outside of PowerShell
[8.037s] DEBUG:colcon.colcon_core.shell:Skip shell extension 'dsv' for command environment
[11.134s] DEBUG:colcon.colcon_core.task.python.build:Available setuptools commands: build_clib, upload, install_headers, install_egg_info, install_data, install, bdist_dumb, bdist_rpm, saveopts, symlink_data, register, bdist_egg, install_scripts, bdist_wheel, egg_info, setopt, upload_docs, check, install_lib, test, build_scripts, build_ext, build, bdist, dist_info, develop, rotate, build_py, alias, sdist, easy_install, clean
[11.229s] DEBUG:colcon.colcon_core.task.python.build:Available setuptools commands: build_clib, upload, install_headers, install_egg_info, install_data, install, bdist_dumb, bdist_rpm, saveopts, symlink_data, register, bdist_egg, install_scripts, bdist_wheel, egg_info, setopt, upload_docs, check, install_lib, test, build_scripts, build_ext, build, bdist, dist_info, develop, rotate, build_py, alias, sdist, easy_install, clean
[11.435s] DEBUG:colcon.colcon_core.task.python.build:Available setuptools commands: build_clib, upload, install_headers, install_egg_info, install_data, install, bdist_dumb, bdist_rpm, saveopts, symlink_data, register, bdist_egg, install_scripts, bdist_wheel, egg_info, setopt, upload_docs, check, install_lib, test, build_scripts, build_ext, build, bdist, dist_info, develop, rotate, build_py, alias, sdist, easy_install, clean
[12.837s] DEBUG:colcon.colcon_core.task.python.build:Available setuptools 'develop' options: --dry-run, --install-dir, --always-copy, --version, --index-url, --editable, --install-layout, --build-directory, --multi-version, --exclude-scripts, --no-find-links, --user, --zip-ok, --upgrade, --always-unzip, --record, --no-user-cfg, --no-deps, --verbose, --script-dir, --egg-path, --prefix, --help, --quiet, --site-dirs, --force-installation-into-system-dir, --allow-hosts, --find-links, --local-snapshots-ok, --uninstall, --optimize
[12.926s] DEBUG:colcon.colcon_core.task.python.build:While undoing a previous installation files outside the Python library path are being ignored: /workspace/install/pure_pursuit/share/ament_index/resource_index/packages/pure_pursuit
[12.928s] DEBUG:colcon.colcon_core.task.python.build:While undoing a previous installation files outside the Python library path are being ignored: /workspace/install/pure_pursuit/share/pure_pursuit/package.xml
[12.966s] DEBUG:colcon.colcon_core.task.python.build:While undoing a previous installation files outside the Python library path are being ignored: /workspace/install/pure_pursuit/lib/pure_pursuit/pure_pursuit_node
[13.100s] DEBUG:colcon.colcon_core.event_handler.log_command:Invoking command in '/workspace/build/pure_pursuit': PYTHONPATH=/workspace/build/pure_pursuit/prefix_override:/usr/lib/python3/dist-packages/colcon_core/task/python/colcon_distutils_commands:/workspace/install/pure_pursuit/lib/python3.10/site-packages:${PYTHONPATH} /usr/bin/python3 -W ignore:setup.py install is deprecated -W ignore:easy_install command is deprecated setup.py develop --editable --build-directory /workspace/build/pure_pursuit/build --no-deps symlink_data --force
[13.174s] DEBUG:colcon.colcon_core.task.python.build:Available setuptools 'develop' options: --dry-run, --install-dir, --always-copy, --version, --index-url, --editable, --install-layout, --build-directory, --multi-version, --exclude-scripts, --no-find-links, --user, --zip-ok, --upgrade, --always-unzip, --record, --no-user-cfg, --no-deps, --verbose, --script-dir, --egg-path, --prefix, --help, --quiet, --site-dirs, --force-installation-into-system-dir, --allow-hosts, --find-links, --local-snapshots-ok, --uninstall, --optimize
[13.256s] DEBUG:colcon.colcon_core.task.python.build:While undoing a previous installation files outside the Python library path are being ignored: /workspace/install/localization/share/ament_index/resource_index/packages/localization
[13.260s] DEBUG:colcon.colcon_core.task.python.build:While undoing a previous installation files outside the Python library path are being ignored: /workspace/install/localization/share/localization/package.xml
[13.264s] DEBUG:colcon.colcon_core.task.python.build:While undoing a previous installation files outside the Python library path are being ignored: /workspace/install/localization/share/localization/launch/localization_bringup.launch.py
[13.274s] DEBUG:colcon.colcon_core.task.python.build:While undoing a previous installation files outside the Python library path are being ignored: /workspace/install/localization/lib/localization/apriltag_node
[13.275s] DEBUG:colcon.colcon_core.task.python.build:While undoing a previous installation files outside the Python library path are being ignored: /workspace/install/localization/lib/localization/localization_node
[13.348s] DEBUG:colcon.colcon_core.event_handler.log_command:Invoking command in '/workspace/build/localization': PYTHONPATH=/workspace/build/localization/prefix_override:/usr/lib/python3/dist-packages/colcon_core/task/python/colcon_distutils_commands:/workspace/install/localization/lib/python3.10/site-packages:${PYTHONPATH} /usr/bin/python3 -W ignore:setup.py install is deprecated -W ignore:easy_install command is deprecated setup.py develop --editable --build-directory /workspace/build/localization/build --no-deps symlink_data --force
[13.468s] DEBUG:colcon.colcon_core.task.python.build:Available setuptools 'develop' options: --dry-run, --install-dir, --always-copy, --version, --index-url, --editable, --install-layout, --build-directory, --multi-version, --exclude-scripts, --no-find-links, --user, --zip-ok, --upgrade, --always-unzip, --record, --no-user-cfg, --no-deps, --verbose, --script-dir, --egg-path, --prefix, --help, --quiet, --site-dirs, --force-installation-into-system-dir, --allow-hosts, --find-links, --local-snapshots-ok, --uninstall, --optimize
[13.483s] DEBUG:colcon.colcon_core.task.python.build:While undoing a previous installation files outside the Python library path are being ignored: /workspace/install/robot_sim/share/ament_index/resource_index/packages/robot_sim
[13.495s] DEBUG:colcon.colcon_core.task.python.build:While undoing a previous installation files outside the Python library path are being ignored: /workspace/install/robot_sim/share/robot_sim/package.xml
[13.503s] DEBUG:colcon.colcon_core.task.python.build:While undoing a previous installation files outside the Python library path are being ignored: /workspace/install/robot_sim/lib/robot_sim/simulator
[13.621s] DEBUG:colcon.colcon_core.event_handler.log_command:Invoking command in '/workspace/build/robot_sim': PYTHONPATH=/workspace/build/robot_sim/prefix_override:/usr/lib/python3/dist-packages/colcon_core/task/python/colcon_distutils_commands:/workspace/install/robot_sim/lib/python3.10/site-packages:${PYTHONPATH} /usr/bin/python3 -W ignore:setup.py install is deprecated -W ignore:easy_install command is deprecated setup.py develop --editable --build-directory /workspace/build/robot_sim/build --no-deps symlink_data --force
[16.035s] Level 1:colcon.colcon_core.shell:create_environment_hook('localization', 'pythonpath_develop')
[16.035s] INFO:colcon.colcon_core.shell:Creating environment hook '/workspace/build/localization/share/localization/hook/pythonpath_develop.ps1'
[16.038s] DEBUG:colcon.colcon_core.event_handler.log_command:Invoked command in '/workspace/build/localization' returned '0': PYTHONPATH=/workspace/build/localization/prefix_override:/usr/lib/python3/dist-packages/colcon_core/task/python/colcon_distutils_commands:/workspace/install/localization/lib/python3.10/site-packages:${PYTHONPATH} /usr/bin/python3 -W ignore:setup.py install is deprecated -W ignore:easy_install command is deprecated setup.py develop --editable --build-directory /workspace/build/localization/build --no-deps symlink_data --force
[16.043s] INFO:colcon.colcon_core.shell:Creating environment descriptor '/workspace/build/localization/share/localization/hook/pythonpath_develop.dsv'
[16.049s] INFO:colcon.colcon_core.shell:Creating environment hook '/workspace/build/localization/share/localization/hook/pythonpath_develop.sh'
[16.102s] Level 1:colcon.colcon_core.environment:checking '/workspace/install/localization' for CMake module files
[16.129s] Level 1:colcon.colcon_core.environment:checking '/workspace/install/localization' for CMake config files
[16.178s] Level 1:colcon.colcon_core.environment:checking '/workspace/install/localization/lib'
[16.181s] Level 1:colcon.colcon_core.environment:checking '/workspace/install/localization/bin'
[16.181s] Level 1:colcon.colcon_core.environment:checking '/workspace/install/localization/lib/pkgconfig/localization.pc'
[16.183s] Level 1:colcon.colcon_core.environment:checking '/workspace/install/localization/lib/python3.10/site-packages'
[16.185s] Level 1:colcon.colcon_core.shell:create_environment_hook('localization', 'pythonpath')
[16.186s] INFO:colcon.colcon_core.shell:Creating environment hook '/workspace/install/localization/share/localization/hook/pythonpath.ps1'
[16.193s] INFO:colcon.colcon_core.shell:Creating environment descriptor '/workspace/install/localization/share/localization/hook/pythonpath.dsv'
[16.199s] INFO:colcon.colcon_core.shell:Creating environment hook '/workspace/install/localization/share/localization/hook/pythonpath.sh'
[16.208s] Level 1:colcon.colcon_core.environment:checking '/workspace/install/localization/bin'
[16.208s] Level 1:colcon.colcon_core.environment:create_environment_scripts_only(localization)
[16.213s] INFO:colcon.colcon_core.shell:Creating package script '/workspace/install/localization/share/localization/package.ps1'
[16.223s] INFO:colcon.colcon_core.shell:Creating package descriptor '/workspace/install/localization/share/localization/package.dsv'
[16.231s] INFO:colcon.colcon_core.shell:Creating package script '/workspace/install/localization/share/localization/package.sh'
[16.244s] INFO:colcon.colcon_core.shell:Creating package script '/workspace/install/localization/share/localization/package.bash'
[16.252s] INFO:colcon.colcon_core.shell:Creating package script '/workspace/install/localization/share/localization/package.zsh'
[16.257s] Level 1:colcon.colcon_core.environment:create_file_with_runtime_dependencies(/workspace/install/localization/share/colcon-core/packages/localization)
[16.261s] Level 1:colcon.colcon_core.shell:create_environment_hook('pure_pursuit', 'pythonpath_develop')
[16.262s] INFO:colcon.colcon_core.shell:Creating environment hook '/workspace/build/pure_pursuit/share/pure_pursuit/hook/pythonpath_develop.ps1'
[16.281s] INFO:colcon.colcon_core.shell:Creating environment descriptor '/workspace/build/pure_pursuit/share/pure_pursuit/hook/pythonpath_develop.dsv'
[16.285s] DEBUG:colcon.colcon_core.event_handler.log_command:Invoked command in '/workspace/build/pure_pursuit' returned '0': PYTHONPATH=/workspace/build/pure_pursuit/prefix_override:/usr/lib/python3/dist-packages/colcon_core/task/python/colcon_distutils_commands:/workspace/install/pure_pursuit/lib/python3.10/site-packages:${PYTHONPATH} /usr/bin/python3 -W ignore:setup.py install is deprecated -W ignore:easy_install command is deprecated setup.py develop --editable --build-directory /workspace/build/pure_pursuit/build --no-deps symlink_data --force
[16.287s] INFO:colcon.colcon_core.shell:Creating environment hook '/workspace/build/pure_pursuit/share/pure_pursuit/hook/pythonpath_develop.sh'
[16.295s] Level 1:colcon.colcon_core.environment:checking '/workspace/install/pure_pursuit' for CMake module files
[16.433s] Level 1:colcon.colcon_core.environment:checking '/workspace/install/pure_pursuit' for CMake config files
[16.490s] Level 1:colcon.colcon_core.environment:checking '/workspace/install/pure_pursuit/lib'
[16.493s] Level 1:colcon.colcon_core.environment:checking '/workspace/install/pure_pursuit/bin'
[16.495s] Level 1:colcon.colcon_core.environment:checking '/workspace/install/pure_pursuit/lib/pkgconfig/pure_pursuit.pc'
[16.500s] Level 1:colcon.colcon_core.environment:checking '/workspace/install/pure_pursuit/lib/python3.10/site-packages'
[16.501s] Level 1:colcon.colcon_core.shell:create_environment_hook('pure_pursuit', 'pythonpath')
[16.513s] INFO:colcon.colcon_core.shell:Creating environment hook '/workspace/install/pure_pursuit/share/pure_pursuit/hook/pythonpath.ps1'
[16.523s] INFO:colcon.colcon_core.shell:Creating environment descriptor '/workspace/install/pure_pursuit/share/pure_pursuit/hook/pythonpath.dsv'
[16.529s] INFO:colcon.colcon_core.shell:Creating environment hook '/workspace/install/pure_pursuit/share/pure_pursuit/hook/pythonpath.sh'
[16.548s] Level 1:colcon.colcon_core.environment:checking '/workspace/install/pure_pursuit/bin'
[16.554s] Level 1:colcon.colcon_core.environment:create_environment_scripts_only(pure_pursuit)
[16.557s] INFO:colcon.colcon_core.shell:Creating package script '/workspace/install/pure_pursuit/share/pure_pursuit/package.ps1'
[16.562s] INFO:colcon.colcon_core.shell:Creating package descriptor '/workspace/install/pure_pursuit/share/pure_pursuit/package.dsv'
[16.570s] INFO:colcon.colcon_core.shell:Creating package script '/workspace/install/pure_pursuit/share/pure_pursuit/package.sh'
[16.573s] INFO:colcon.colcon_core.shell:Creating package script '/workspace/install/pure_pursuit/share/pure_pursuit/package.bash'
[16.577s] INFO:colcon.colcon_core.shell:Creating package script '/workspace/install/pure_pursuit/share/pure_pursuit/package.zsh'
[16.591s] Level 1:colcon.colcon_core.environment:create_file_with_runtime_dependencies(/workspace/install/pure_pursuit/share/colcon-core/packages/pure_pursuit)
[16.598s] Level 1:colcon.colcon_core.shell:create_environment_hook('robot_sim', 'pythonpath_develop')
[16.600s] INFO:colcon.colcon_core.shell:Creating environment hook '/workspace/build/robot_sim/share/robot_sim/hook/pythonpath_develop.ps1'
[16.605s] DEBUG:colcon.colcon_core.event_handler.log_command:Invoked command in '/workspace/build/robot_sim' returned '0': PYTHONPATH=/workspace/build/robot_sim/prefix_override:/usr/lib/python3/dist-packages/colcon_core/task/python/colcon_distutils_commands:/workspace/install/robot_sim/lib/python3.10/site-packages:${PYTHONPATH} /usr/bin/python3 -W ignore:setup.py install is deprecated -W ignore:easy_install command is deprecated setup.py develop --editable --build-directory /workspace/build/robot_sim/build --no-deps symlink_data --force
[16.607s] INFO:colcon.colcon_core.shell:Creating environment descriptor '/workspace/build/robot_sim/share/robot_sim/hook/pythonpath_develop.dsv'
[16.613s] INFO:colcon.colcon_core.shell:Creating environment hook '/workspace/build/robot_sim/share/robot_sim/hook/pythonpath_develop.sh'
[16.620s] Level 1:colcon.colcon_core.environment:checking '/workspace/install/robot_sim' for CMake module files
[16.633s] Level 1:colcon.colcon_core.environment:checking '/workspace/install/robot_sim' for CMake config files
[16.654s] Level 1:colcon.colcon_core.environment:checking '/workspace/install/robot_sim/lib'
[16.657s] Level 1:colcon.colcon_core.environment:checking '/workspace/install/robot_sim/bin'
[16.659s] Level 1:colcon.colcon_core.environment:checking '/workspace/install/robot_sim/lib/pkgconfig/robot_sim.pc'
[16.660s] Level 1:colcon.colcon_core.environment:checking '/workspace/install/robot_sim/lib/python3.10/site-packages'
[16.661s] Level 1:colcon.colcon_core.shell:create_environment_hook('robot_sim', 'pythonpath')
[16.662s] INFO:colcon.colcon_core.shell:Creating environment hook '/workspace/install/robot_sim/share/robot_sim/hook/pythonpath.ps1'
[16.667s] INFO:colcon.colcon_core.shell:Creating environment descriptor '/workspace/install/robot_sim/share/robot_sim/hook/pythonpath.dsv'
[16.671s] INFO:colcon.colcon_core.shell:Creating environment hook '/workspace/install/robot_sim/share/robot_sim/hook/pythonpath.sh'
[16.675s] Level 1:colcon.colcon_core.environment:checking '/workspace/install/robot_sim/bin'
[16.679s] Level 1:colcon.colcon_core.environment:create_environment_scripts_only(robot_sim)
[16.681s] INFO:colcon.colcon_core.shell:Creating package script '/workspace/install/robot_sim/share/robot_sim/package.ps1'
[16.691s] INFO:colcon.colcon_core.shell:Creating package descriptor '/workspace/install/robot_sim/share/robot_sim/package.dsv'
[16.702s] INFO:colcon.colcon_core.shell:Creating package script '/workspace/install/robot_sim/share/robot_sim/package.sh'
[16.719s] INFO:colcon.colcon_core.shell:Creating package script '/workspace/install/robot_sim/share/robot_sim/package.bash'
[16.727s] INFO:colcon.colcon_core.shell:Creating package script '/workspace/install/robot_sim/share/robot_sim/package.zsh'
[16.731s] Level 1:colcon.colcon_core.environment:create_file_with_runtime_dependencies(/workspace/install/robot_sim/share/colcon-core/packages/robot_sim)
[16.734s] DEBUG:colcon.colcon_parallel_executor.executor.parallel:closing loop
[16.737s] DEBUG:colcon.colcon_parallel_executor.executor.parallel:loop closed
[16.737s] DEBUG:colcon.colcon_parallel_executor.executor.parallel:run_until_complete finished with '0'
[16.738s] DEBUG:colcon.colcon_core.event_reactor:joining thread
[16.780s] INFO:colcon.colcon_core.plugin_system:Skipping extension 'colcon_notification.desktop_notification.notify_send': Could not find 'notify-send'
[16.793s] INFO:colcon.colcon_core.plugin_system:Skipping extension 'colcon_notification.desktop_notification.terminal_notifier': Not used on non-Darwin systems
[16.810s] INFO:colcon.colcon_core.plugin_system:Skipping extension 'colcon_notification.desktop_notification.win32': Not used on non-Windows systems
[16.810s] INFO:colcon.colcon_notification.desktop_notification:Sending desktop notification using 'notify2'
[16.811s] DEBUG:colcon.colcon_notification.desktop_notification.notify2:Failed to initialize notify2: org.freedesktop.DBus.Error.NotSupported: Unable to autolaunch a dbus-daemon without a $DISPLAY for X11
[16.812s] DEBUG:colcon.colcon_core.event_reactor:joined thread
[16.814s] INFO:colcon.colcon_core.shell:Creating prefix script '/workspace/install/local_setup.ps1'
[16.822s] INFO:colcon.colcon_core.shell:Creating prefix util module '/workspace/install/_local_setup_util_ps1.py'
[16.835s] INFO:colcon.colcon_core.shell:Creating prefix chain script '/workspace/install/setup.ps1'
[16.855s] INFO:colcon.colcon_core.shell:Creating prefix script '/workspace/install/local_setup.sh'
[16.861s] INFO:colcon.colcon_core.shell:Creating prefix util module '/workspace/install/_local_setup_util_sh.py'
[16.874s] INFO:colcon.colcon_core.shell:Creating prefix chain script '/workspace/install/setup.sh'
[16.897s] INFO:colcon.colcon_core.shell:Creating prefix script '/workspace/install/local_setup.bash'
[16.913s] INFO:colcon.colcon_core.shell:Creating prefix chain script '/workspace/install/setup.bash'
[16.941s] INFO:colcon.colcon_core.shell:Creating prefix script '/workspace/install/local_setup.zsh'
[16.951s] INFO:colcon.colcon_core.shell:Creating prefix chain script '/workspace/install/setup.zsh'
